{
  "key": "can",
  "displayName": "Can",
  "questions": [
    {
      "question": "私は泳ぐことができます。",
      "explanation": "can のあとは動詞の原形を使います。",
      "wordMeanings": [
        {
          "word": "I",
          "meaning": "私"
        },
        {
          "word": "can",
          "meaning": "〜できる"
        },
        {
          "word": "swim",
          "meaning": "泳ぐ"
        }
      ],
      "choices": [
        {
          "text": "I can swim.",
          "explanation": ""
        },
        {
          "text": "I can swims.",
          "explanation": "can のあとは動詞の原形なので swims ではなく swim です。"
        },
        {
          "text": "I can to swim.",
          "explanation": "can のあとに to は不要です。"
        },
        {
          "text": "I am can swim.",
          "explanation": "can の前に be 動詞は不要です。"
        }
      ],
      "correctAnswer": "I can swim.",
      "tags": {
        "sentenceType": "affirmative",
        "verbKind": "general"
      }
    },
    {
      "question": "彼女はピアノを弾くことができます。",
      "explanation": "can のあとは動詞の原形 play を使います。主語が三人称でも plays にはなりません。",
      "wordMeanings": [
        {
          "word": "She",
          "meaning": "彼女"
        },
        {
          "word": "can",
          "meaning": "〜できる"
        },
        {
          "word": "play",
          "meaning": "弾く"
        },
        {
          "word": "the piano",
          "meaning": "ピアノ"
        }
      ],
      "choices": [
        {
          "text": "She can play the piano.",
          "explanation": ""
        },
        {
          "text": "She can plays the piano.",
          "explanation": "can のあとは動詞の原形なので plays ではなく play です。"
        },
        {
          "text": "She is can play the piano.",
          "explanation": "can の前に be 動詞は不要です。"
        },
        {
          "text": "She can playing the piano.",
          "explanation": "can のあとは動詞の原形なので playing ではなく play です。"
        }
      ],
      "correctAnswer": "She can play the piano.",
      "tags": {
        "sentenceType": "affirmative",
        "verbKind": "general"
      }
    },
    {
      "question": "彼は英語を話すことができます。",
      "explanation": "can + 動詞の原形で「〜できる」を表します。",
      "wordMeanings": [
        {
          "word": "He",
          "meaning": "彼"
        },
        {
          "word": "can",
          "meaning": "〜できる"
        },
        {
          "word": "speak",
          "meaning": "話す"
        },
        {
          "word": "English",
          "meaning": "英語"
        }
      ],
      "choices": [
        {
          "text": "He can speak English.",
          "explanation": ""
        },
        {
          "text": "He can speaks English.",
          "explanation": "can のあとは動詞の原形なので speaks ではなく speak です。"
        },
        {
          "text": "He can to speak English.",
          "explanation": "can のあとに to は不要です。"
        },
        {
          "text": "He does can speak English.",
          "explanation": "can と does を一緒に使うことはできません。"
        }
      ],
      "correctAnswer": "He can speak English.",
      "tags": {
        "sentenceType": "affirmative",
        "verbKind": "general"
      }
    },
    {
      "question": "私たちは速く走ることができます。",
      "explanation": "can + 動詞の原形 + 副詞の形です。",
      "wordMeanings": [
        {
          "word": "We",
          "meaning": "私たち"
        },
        {
          "word": "can",
          "meaning": "〜できる"
        },
        {
          "word": "run",
          "meaning": "走る"
        },
        {
          "word": "fast",
          "meaning": "速く"
        }
      ],
      "choices": [
        {
          "text": "We can run fast.",
          "explanation": ""
        },
        {
          "text": "We can runs fast.",
          "explanation": "can のあとは動詞の原形なので runs ではなく run です。"
        },
        {
          "text": "We can to run fast.",
          "explanation": "can のあとに to は不要です。"
        },
        {
          "text": "We are can run fast.",
          "explanation": "can の前に be 動詞は不要です。"
        }
      ],
      "correctAnswer": "We can run fast.",
      "tags": {
        "sentenceType": "affirmative",
        "verbKind": "general"
      }
    },
    {
      "question": "彼らはテニスをすることができます。",
      "explanation": "can + play で「〜をすることができる」を表します。",
      "wordMeanings": [
        {
          "word": "They",
          "meaning": "彼ら"
        },
        {
          "word": "can",
          "meaning": "〜できる"
        },
        {
          "word": "play",
          "meaning": "する"
        },
        {
          "word": "tennis",
          "meaning": "テニス"
        }
      ],
      "choices": [
        {
          "text": "They can play tennis.",
          "explanation": ""
        },
        {
          "text": "They can plays tennis.",
          "explanation": "can のあとは動詞の原形なので plays ではなく play です。"
        },
        {
          "text": "They are can play tennis.",
          "explanation": "can の前に be 動詞は不要です。"
        },
        {
          "text": "They can playing tennis.",
          "explanation": "can のあとは動詞の原形なので playing ではなく play です。"
        }
      ],
      "correctAnswer": "They can play tennis.",
      "tags": {
        "sentenceType": "affirmative",
        "verbKind": "general"
      }
    },
    {
      "question": "私の兄は自転車に乗ることができます。",
      "explanation": "can + ride で「乗ることができる」を表します。",
      "wordMeanings": [
        {
          "word": "My brother",
          "meaning": "私の兄"
        },
        {
          "word": "can",
          "meaning": "〜できる"
        },
        {
          "word": "ride",
          "meaning": "乗る"
        },
        {
          "word": "a bike",
          "meaning": "自転車"
        }
      ],
      "choices": [
        {
          "text": "My brother can ride a bike.",
          "explanation": ""
        },
        {
          "text": "My brother can rides a bike.",
          "explanation": "can のあとは動詞の原形なので rides ではなく ride です。"
        },
        {
          "text": "My brother is can ride a bike.",
          "explanation": "can の前に be 動詞は不要です。"
        },
        {
          "text": "My brother can to ride a bike.",
          "explanation": "can のあとに to は不要です。"
        }
      ],
      "correctAnswer": "My brother can ride a bike.",
      "tags": {
        "sentenceType": "affirmative",
        "verbKind": "general"
      }
    },
    {
      "question": "彼女は上手に歌うことができます。",
      "explanation": "can + sing + well で「上手に歌うことができる」です。",
      "wordMeanings": [
        {
          "word": "She",
          "meaning": "彼女"
        },
        {
          "word": "can",
          "meaning": "〜できる"
        },
        {
          "word": "sing",
          "meaning": "歌う"
        },
        {
          "word": "well",
          "meaning": "上手に"
        }
      ],
      "choices": [
        {
          "text": "She can sing well.",
          "explanation": ""
        },
        {
          "text": "She can sings well.",
          "explanation": "can のあとは動詞の原形なので sings ではなく sing です。"
        },
        {
          "text": "She can singing well.",
          "explanation": "can のあとは動詞の原形なので singing ではなく sing です。"
        },
        {
          "text": "She does can sing well.",
          "explanation": "can と does を一緒に使うことはできません。"
        }
      ],
      "correctAnswer": "She can sing well.",
      "tags": {
        "sentenceType": "affirmative",
        "verbKind": "general"
      }
    },
    {
      "question": "私はギターを弾くことができます。",
      "explanation": "楽器の前には the をつけ、can + play で表します。",
      "wordMeanings": [
        {
          "word": "I",
          "meaning": "私"
        },
        {
          "word": "can",
          "meaning": "〜できる"
        },
        {
          "word": "play",
          "meaning": "弾く"
        },
        {
          "word": "the guitar",
          "meaning": "ギター"
        }
      ],
      "choices": [
        {
          "text": "I can play the guitar.",
          "explanation": ""
        },
        {
          "text": "I can play guitar.",
          "explanation": "楽器を演奏するときは play the guitar のように the が必要です。"
        },
        {
          "text": "I can to play the guitar.",
          "explanation": "can のあとに to は不要です。"
        },
        {
          "text": "I am can play the guitar.",
          "explanation": "can の前に be 動詞は不要です。"
        }
      ],
      "correctAnswer": "I can play the guitar.",
      "tags": {
        "sentenceType": "affirmative",
        "verbKind": "general"
      }
    },
    {
      "question": "トムは上手に踊ることができます。",
      "explanation": "can + dance + well で「上手に踊ることができる」です。",
      "wordMeanings": [
        {
          "word": "Tom",
          "meaning": "トム"
        },
        {
          "word": "can",
          "meaning": "〜できる"
        },
        {
          "word": "dance",
          "meaning": "踊る"
        },
        {
          "word": "well",
          "meaning": "上手に"
        }
      ],
      "choices": [
        {
          "text": "Tom can dance well.",
          "explanation": ""
        },
        {
          "text": "Tom can dances well.",
          "explanation": "can のあとは動詞の原形なので dances ではなく dance です。"
        },
        {
          "text": "Tom is can dance well.",
          "explanation": "can の前に be 動詞は不要です。"
        },
        {
          "text": "Tom can to dance well.",
          "explanation": "can のあとに to は不要です。"
        }
      ],
      "correctAnswer": "Tom can dance well.",
      "tags": {
        "sentenceType": "affirmative",
        "verbKind": "general"
      }
    },
    {
      "question": "私の姉は日本語と英語を話すことができます。",
      "explanation": "can + speak で「話すことができる」を表します。",
      "wordMeanings": [
        {
          "word": "My sister",
          "meaning": "私の姉"
        },
        {
          "word": "can",
          "meaning": "〜できる"
        },
        {
          "word": "speak",
          "meaning": "話す"
        },
        {
          "word": "Japanese",
          "meaning": "日本語"
        },
        {
          "word": "and",
          "meaning": "と"
        },
        {
          "word": "English",
          "meaning": "英語"
        }
      ],
      "choices": [
        {
          "text": "My sister can speak Japanese and English.",
          "explanation": ""
        },
        {
          "text": "My sister can speaks Japanese and English.",
          "explanation": "can のあとは動詞の原形なので speaks ではなく speak です。"
        },
        {
          "text": "My sister is can speak Japanese and English.",
          "explanation": "can の前に be 動詞は不要です。"
        },
        {
          "text": "My sister can speaking Japanese and English.",
          "explanation": "can のあとは動詞の原形なので speaking ではなく speak です。"
        }
      ],
      "correctAnswer": "My sister can speak Japanese and English.",
      "tags": {
        "sentenceType": "affirmative",
        "verbKind": "general"
      }
    },
    {
      "question": "私は料理ができません。",
      "explanation": "cannot + 動詞の原形で「〜できない」を表します。",
      "wordMeanings": [
        {
          "word": "I",
          "meaning": "私"
        },
        {
          "word": "cannot",
          "meaning": "〜できない"
        },
        {
          "word": "cook",
          "meaning": "料理する"
        }
      ],
      "choices": [
        {
          "text": "I cannot cook.",
          "explanation": ""
        },
        {
          "text": "I do not can cook.",
          "explanation": "can の否定は cannot であり、do not can とはしません。"
        },
        {
          "text": "I cannot cooks.",
          "explanation": "cannot のあとは動詞の原形なので cooks ではなく cook です。"
        },
        {
          "text": "I am not can cook.",
          "explanation": "can の否定は cannot であり、be 動詞の否定形は使いません。"
        }
      ],
      "correctAnswer": "I cannot cook.",
      "tags": {
        "sentenceType": "negative",
        "verbKind": "general"
      }
    },
    {
      "question": "彼女は速く走ることができません。",
      "explanation": "cannot + 動詞の原形で「〜できない」を表します。",
      "wordMeanings": [
        {
          "word": "She",
          "meaning": "彼女"
        },
        {
          "word": "cannot",
          "meaning": "〜できない"
        },
        {
          "word": "run",
          "meaning": "走る"
        },
        {
          "word": "fast",
          "meaning": "速く"
        }
      ],
      "choices": [
        {
          "text": "She cannot run fast.",
          "explanation": ""
        },
        {
          "text": "She does not can run fast.",
          "explanation": "can の否定は cannot であり、does not can とはしません。"
        },
        {
          "text": "She cannot runs fast.",
          "explanation": "cannot のあとは動詞の原形なので runs ではなく run です。"
        },
        {
          "text": "She is not can run fast.",
          "explanation": "can の否定は cannot であり、be 動詞の否定形は使いません。"
        }
      ],
      "correctAnswer": "She cannot run fast.",
      "tags": {
        "sentenceType": "negative",
        "verbKind": "general"
      }
    },
    {
      "question": "彼は中国語を話すことができません。",
      "explanation": "cannot + speak で「話すことができない」を表します。",
      "wordMeanings": [
        {
          "word": "He",
          "meaning": "彼"
        },
        {
          "word": "cannot",
          "meaning": "〜できない"
        },
        {
          "word": "speak",
          "meaning": "話す"
        },
        {
          "word": "Chinese",
          "meaning": "中国語"
        }
      ],
      "choices": [
        {
          "text": "He cannot speak Chinese.",
          "explanation": ""
        },
        {
          "text": "He cannot speaks Chinese.",
          "explanation": "cannot のあとは動詞の原形なので speaks ではなく speak です。"
        },
        {
          "text": "He does not can speak Chinese.",
          "explanation": "can の否定は cannot であり、does not can とはしません。"
        },
        {
          "text": "He cannot to speak Chinese.",
          "explanation": "cannot のあとに to は不要です。"
        }
      ],
      "correctAnswer": "He cannot speak Chinese.",
      "tags": {
        "sentenceType": "negative",
        "verbKind": "general"
      }
    },
    {
      "question": "私たちはここで泳ぐことができません。",
      "explanation": "cannot + swim + here で「ここで泳ぐことができない」です。",
      "wordMeanings": [
        {
          "word": "We",
          "meaning": "私たち"
        },
        {
          "word": "cannot",
          "meaning": "〜できない"
        },
        {
          "word": "swim",
          "meaning": "泳ぐ"
        },
        {
          "word": "here",
          "meaning": "ここで"
        }
      ],
      "choices": [
        {
          "text": "We cannot swim here.",
          "explanation": ""
        },
        {
          "text": "We do not can swim here.",
          "explanation": "can の否定は cannot であり、do not can とはしません。"
        },
        {
          "text": "We cannot swimming here.",
          "explanation": "cannot のあとは動詞の原形なので swimming ではなく swim です。"
        },
        {
          "text": "We are not can swim here.",
          "explanation": "can の否定は cannot であり、be 動詞の否定形は使いません。"
        }
      ],
      "correctAnswer": "We cannot swim here.",
      "tags": {
        "sentenceType": "negative",
        "verbKind": "general"
      }
    },
    {
      "question": "彼らはピアノを弾くことができません。",
      "explanation": "cannot + play the piano で「ピアノを弾くことができない」です。",
      "wordMeanings": [
        {
          "word": "They",
          "meaning": "彼ら"
        },
        {
          "word": "cannot",
          "meaning": "〜できない"
        },
        {
          "word": "play",
          "meaning": "弾く"
        },
        {
          "word": "the piano",
          "meaning": "ピアノ"
        }
      ],
      "choices": [
        {
          "text": "They cannot play the piano.",
          "explanation": ""
        },
        {
          "text": "They cannot plays the piano.",
          "explanation": "cannot のあとは動詞の原形なので plays ではなく play です。"
        },
        {
          "text": "They do not can play the piano.",
          "explanation": "can の否定は cannot であり、do not can とはしません。"
        },
        {
          "text": "They cannot to play the piano.",
          "explanation": "cannot のあとに to は不要です。"
        }
      ],
      "correctAnswer": "They cannot play the piano.",
      "tags": {
        "sentenceType": "negative",
        "verbKind": "general"
      }
    },
    {
      "question": "トムは車を運転することができません。",
      "explanation": "cannot + drive で「運転することができない」を表します。",
      "wordMeanings": [
        {
          "word": "Tom",
          "meaning": "トム"
        },
        {
          "word": "cannot",
          "meaning": "〜できない"
        },
        {
          "word": "drive",
          "meaning": "運転する"
        },
        {
          "word": "a car",
          "meaning": "車"
        }
      ],
      "choices": [
        {
          "text": "Tom cannot drive a car.",
          "explanation": ""
        },
        {
          "text": "Tom does not can drive a car.",
          "explanation": "can の否定は cannot であり、does not can とはしません。"
        },
        {
          "text": "Tom cannot drives a car.",
          "explanation": "cannot のあとは動詞の原形なので drives ではなく drive です。"
        },
        {
          "text": "Tom is not can drive a car.",
          "explanation": "can の否定は cannot であり、be 動詞の否定形は使いません。"
        }
      ],
      "correctAnswer": "Tom cannot drive a car.",
      "tags": {
        "sentenceType": "negative",
        "verbKind": "general"
      }
    },
    {
      "question": "私の弟は漢字を読むことができません。",
      "explanation": "cannot + read で「読むことができない」を表します。",
      "wordMeanings": [
        {
          "word": "My brother",
          "meaning": "私の弟"
        },
        {
          "word": "cannot",
          "meaning": "〜できない"
        },
        {
          "word": "read",
          "meaning": "読む"
        },
        {
          "word": "kanji",
          "meaning": "漢字"
        }
      ],
      "choices": [
        {
          "text": "My brother cannot read kanji.",
          "explanation": ""
        },
        {
          "text": "My brother cannot reads kanji.",
          "explanation": "cannot のあとは動詞の原形なので reads ではなく read です。"
        },
        {
          "text": "My brother does not can read kanji.",
          "explanation": "can の否定は cannot であり、does not can とはしません。"
        },
        {
          "text": "My brother cannot to read kanji.",
          "explanation": "cannot のあとに to は不要です。"
        }
      ],
      "correctAnswer": "My brother cannot read kanji.",
      "tags": {
        "sentenceType": "negative",
        "verbKind": "general"
      }
    },
    {
      "question": "彼女は高くジャンプすることができません。",
      "explanation": "cannot + jump + high で「高くジャンプできない」です。",
      "wordMeanings": [
        {
          "word": "She",
          "meaning": "彼女"
        },
        {
          "word": "cannot",
          "meaning": "〜できない"
        },
        {
          "word": "jump",
          "meaning": "ジャンプする"
        },
        {
          "word": "high",
          "meaning": "高く"
        }
      ],
      "choices": [
        {
          "text": "She cannot jump high.",
          "explanation": ""
        },
        {
          "text": "She does not can jump high.",
          "explanation": "can の否定は cannot であり、does not can とはしません。"
        },
        {
          "text": "She cannot jumps high.",
          "explanation": "cannot のあとは動詞の原形なので jumps ではなく jump です。"
        },
        {
          "text": "She is not can jump high.",
          "explanation": "can の否定は cannot であり、be 動詞の否定形は使いません。"
        }
      ],
      "correctAnswer": "She cannot jump high.",
      "tags": {
        "sentenceType": "negative",
        "verbKind": "general"
      }
    },
    {
      "question": "あなたは泳ぐことができますか？",
      "explanation": "Can を文頭に出して疑問文を作ります。",
      "wordMeanings": [
        {
          "word": "Can",
          "meaning": "〜できますか"
        },
        {
          "word": "you",
          "meaning": "あなた"
        },
        {
          "word": "swim",
          "meaning": "泳ぐ"
        }
      ],
      "choices": [
        {
          "text": "Can you swim?",
          "explanation": ""
        },
        {
          "text": "Do you can swim?",
          "explanation": "can の疑問文は Do you can ...? ではなく Can you ...? です。"
        },
        {
          "text": "Are you can swim?",
          "explanation": "can の疑問文に be 動詞は使いません。"
        },
        {
          "text": "Can you swims?",
          "explanation": "can のあとは動詞の原形なので swims ではなく swim です。"
        }
      ],
      "correctAnswer": "Can you swim?",
      "tags": {
        "sentenceType": "yesNoQuestion",
        "verbKind": "general"
      }
    },
    {
      "question": "彼はサッカーをすることができますか？",
      "explanation": "Can + 主語 + 動詞の原形で疑問文を作ります。",
      "wordMeanings": [
        {
          "word": "Can",
          "meaning": "〜できますか"
        },
        {
          "word": "he",
          "meaning": "彼"
        },
        {
          "word": "play",
          "meaning": "する"
        },
        {
          "word": "soccer",
          "meaning": "サッカー"
        }
      ],
      "choices": [
        {
          "text": "Can he play soccer?",
          "explanation": ""
        },
        {
          "text": "Does he can play soccer?",
          "explanation": "can の疑問文は Does he can ...? ではなく Can he ...? です。"
        },
        {
          "text": "Can he plays soccer?",
          "explanation": "can のあとは動詞の原形なので plays ではなく play です。"
        },
        {
          "text": "Is he can play soccer?",
          "explanation": "can の疑問文に be 動詞は使いません。"
        }
      ],
      "correctAnswer": "Can he play soccer?",
      "tags": {
        "sentenceType": "yesNoQuestion",
        "verbKind": "general"
      }
    },
    {
      "question": "彼女はギターを弾くことができますか？",
      "explanation": "Can + she + play the guitar で疑問文を作ります。",
      "wordMeanings": [
        {
          "word": "Can",
          "meaning": "〜できますか"
        },
        {
          "word": "she",
          "meaning": "彼女"
        },
        {
          "word": "play",
          "meaning": "弾く"
        },
        {
          "word": "the guitar",
          "meaning": "ギター"
        }
      ],
      "choices": [
        {
          "text": "Can she play the guitar?",
          "explanation": ""
        },
        {
          "text": "Does she can play the guitar?",
          "explanation": "can の疑問文は Does she can ...? ではなく Can she ...? です。"
        },
        {
          "text": "Can she plays the guitar?",
          "explanation": "can のあとは動詞の原形なので plays ではなく play です。"
        },
        {
          "text": "Can she to play the guitar?",
          "explanation": "can のあとに to は不要です。"
        }
      ],
      "correctAnswer": "Can she play the guitar?",
      "tags": {
        "sentenceType": "yesNoQuestion",
        "verbKind": "general"
      }
    },
    {
      "question": "彼らは野球をすることができますか？",
      "explanation": "Can + they + play で疑問文を作ります。",
      "wordMeanings": [
        {
          "word": "Can",
          "meaning": "〜できますか"
        },
        {
          "word": "they",
          "meaning": "彼ら"
        },
        {
          "word": "play",
          "meaning": "する"
        },
        {
          "word": "baseball",
          "meaning": "野球"
        }
      ],
      "choices": [
        {
          "text": "Can they play baseball?",
          "explanation": ""
        },
        {
          "text": "Do they can play baseball?",
          "explanation": "can の疑問文は Do they can ...? ではなく Can they ...? です。"
        },
        {
          "text": "Can they playing baseball?",
          "explanation": "can のあとは動詞の原形なので playing ではなく play です。"
        },
        {
          "text": "Are they can play baseball?",
          "explanation": "can の疑問文に be 動詞は使いません。"
        }
      ],
      "correctAnswer": "Can they play baseball?",
      "tags": {
        "sentenceType": "yesNoQuestion",
        "verbKind": "general"
      }
    },
    {
      "question": "あなたのお父さんは料理ができますか？",
      "explanation": "Can + your father + cook で疑問文を作ります。",
      "wordMeanings": [
        {
          "word": "Can",
          "meaning": "〜できますか"
        },
        {
          "word": "your father",
          "meaning": "あなたのお父さん"
        },
        {
          "word": "cook",
          "meaning": "料理する"
        }
      ],
      "choices": [
        {
          "text": "Can your father cook?",
          "explanation": ""
        },
        {
          "text": "Does your father can cook?",
          "explanation": "can の疑問文は Does ... can ...? ではなく Can ... ...? です。"
        },
        {
          "text": "Can your father cooks?",
          "explanation": "can のあとは動詞の原形なので cooks ではなく cook です。"
        },
        {
          "text": "Is your father can cook?",
          "explanation": "can の疑問文に be 動詞は使いません。"
        }
      ],
      "correctAnswer": "Can your father cook?",
      "tags": {
        "sentenceType": "yesNoQuestion",
        "verbKind": "general"
      }
    },
    {
      "question": "あなたは速く走ることができますか？",
      "explanation": "Can you + 動詞の原形 + 副詞で疑問文を作ります。",
      "wordMeanings": [
        {
          "word": "Can",
          "meaning": "〜できますか"
        },
        {
          "word": "you",
          "meaning": "あなた"
        },
        {
          "word": "run",
          "meaning": "走る"
        },
        {
          "word": "fast",
          "meaning": "速く"
        }
      ],
      "choices": [
        {
          "text": "Can you run fast?",
          "explanation": ""
        },
        {
          "text": "Do you can run fast?",
          "explanation": "can の疑問文は Do you can ...? ではなく Can you ...? です。"
        },
        {
          "text": "Can you to run fast?",
          "explanation": "can のあとに to は不要です。"
        },
        {
          "text": "Can you runs fast?",
          "explanation": "can のあとは動詞の原形なので runs ではなく run です。"
        }
      ],
      "correctAnswer": "Can you run fast?",
      "tags": {
        "sentenceType": "yesNoQuestion",
        "verbKind": "general"
      }
    },
    {
      "question": "彼女は英語を書くことができますか？",
      "explanation": "Can + she + write で疑問文を作ります。",
      "wordMeanings": [
        {
          "word": "Can",
          "meaning": "〜できますか"
        },
        {
          "word": "she",
          "meaning": "彼女"
        },
        {
          "word": "write",
          "meaning": "書く"
        },
        {
          "word": "English",
          "meaning": "英語"
        }
      ],
      "choices": [
        {
          "text": "Can she write English?",
          "explanation": ""
        },
        {
          "text": "Does she can write English?",
          "explanation": "can の疑問文は Does she can ...? ではなく Can she ...? です。"
        },
        {
          "text": "Can she writes English?",
          "explanation": "can のあとは動詞の原形なので writes ではなく write です。"
        },
        {
          "text": "Can she writing English?",
          "explanation": "can のあとは動詞の原形なので writing ではなく write です。"
        }
      ],
      "correctAnswer": "Can she write English?",
      "tags": {
        "sentenceType": "yesNoQuestion",
        "verbKind": "general"
      }
    },
    {
      "question": "あなたはバスケットボールをすることができますか？",
      "explanation": "Can you + play で疑問文を作ります。",
      "wordMeanings": [
        {
          "word": "Can",
          "meaning": "〜できますか"
        },
        {
          "word": "you",
          "meaning": "あなた"
        },
        {
          "word": "play",
          "meaning": "する"
        },
        {
          "word": "basketball",
          "meaning": "バスケットボール"
        }
      ],
      "choices": [
        {
          "text": "Can you play basketball?",
          "explanation": ""
        },
        {
          "text": "Do you can play basketball?",
          "explanation": "can の疑問文は Do you can ...? ではなく Can you ...? です。"
        },
        {
          "text": "Can you play the basketball?",
          "explanation": "スポーツ名の前には the はつけません。"
        },
        {
          "text": "Are you can play basketball?",
          "explanation": "can の疑問文に be 動詞は使いません。"
        }
      ],
      "correctAnswer": "Can you play basketball?",
      "tags": {
        "sentenceType": "yesNoQuestion",
        "verbKind": "general"
      }
    },
    {
      "question": "あなたは何ができますか？",
      "explanation": "疑問詞 What + can + 主語 + 動詞の原形の語順です。",
      "wordMeanings": [
        {
          "word": "What",
          "meaning": "何を"
        },
        {
          "word": "can",
          "meaning": "〜できる"
        },
        {
          "word": "you",
          "meaning": "あなた"
        },
        {
          "word": "do",
          "meaning": "する"
        }
      ],
      "choices": [
        {
          "text": "What can you do?",
          "explanation": ""
        },
        {
          "text": "What do you can?",
          "explanation": "can を使う疑問文で do は使いません。What can you do? が正しい語順です。"
        },
        {
          "text": "What you can do?",
          "explanation": "疑問文では can を主語の前に出します。What can you do? が正しいです。"
        },
        {
          "text": "What are you can do?",
          "explanation": "can の疑問文に be 動詞は使いません。"
        }
      ],
      "correctAnswer": "What can you do?",
      "tags": {
        "sentenceType": "whQuestion",
        "verbKind": "general",
        "questionWordKind": "what"
      }
    },
    {
      "question": "彼女は何を作ることができますか？",
      "explanation": "What + can + 主語 + 動詞の原形の語順です。",
      "wordMeanings": [
        {
          "word": "What",
          "meaning": "何を"
        },
        {
          "word": "can",
          "meaning": "〜できる"
        },
        {
          "word": "she",
          "meaning": "彼女"
        },
        {
          "word": "make",
          "meaning": "作る"
        }
      ],
      "choices": [
        {
          "text": "What can she make?",
          "explanation": ""
        },
        {
          "text": "What does she can make?",
          "explanation": "can を使う疑問文で does は使いません。"
        },
        {
          "text": "What can she makes?",
          "explanation": "can のあとは動詞の原形なので makes ではなく make です。"
        },
        {
          "text": "What she can make?",
          "explanation": "疑問文では can を主語の前に出します。What can she make? が正しいです。"
        }
      ],
      "correctAnswer": "What can she make?",
      "tags": {
        "sentenceType": "whQuestion",
        "verbKind": "general",
        "questionWordKind": "what"
      }
    },
    {
      "question": "私はどこで泳ぐことができますか？",
      "explanation": "Where + can + 主語 + 動詞の原形の語順です。",
      "wordMeanings": [
        {
          "word": "Where",
          "meaning": "どこで"
        },
        {
          "word": "can",
          "meaning": "〜できる"
        },
        {
          "word": "I",
          "meaning": "私"
        },
        {
          "word": "swim",
          "meaning": "泳ぐ"
        }
      ],
      "choices": [
        {
          "text": "Where can I swim?",
          "explanation": ""
        },
        {
          "text": "Where do I can swim?",
          "explanation": "can を使う疑問文で do は使いません。"
        },
        {
          "text": "Where I can swim?",
          "explanation": "疑問文では can を主語の前に出します。Where can I swim? が正しいです。"
        },
        {
          "text": "Where can I to swim?",
          "explanation": "can のあとに to は不要です。"
        }
      ],
      "correctAnswer": "Where can I swim?",
      "tags": {
        "sentenceType": "whQuestion",
        "verbKind": "general",
        "questionWordKind": "where"
      }
    },
    {
      "question": "だれがピアノを弾くことができますか？",
      "explanation": "Who が主語なので Who + can + 動詞の原形の語順です。",
      "wordMeanings": [
        {
          "word": "Who",
          "meaning": "だれが"
        },
        {
          "word": "can",
          "meaning": "〜できる"
        },
        {
          "word": "play",
          "meaning": "弾く"
        },
        {
          "word": "the piano",
          "meaning": "ピアノ"
        }
      ],
      "choices": [
        {
          "text": "Who can play the piano?",
          "explanation": ""
        },
        {
          "text": "Who does can play the piano?",
          "explanation": "can を使う疑問文で does は使いません。"
        },
        {
          "text": "Who can plays the piano?",
          "explanation": "can のあとは動詞の原形なので plays ではなく play です。"
        },
        {
          "text": "Who can to play the piano?",
          "explanation": "can のあとに to は不要です。"
        }
      ],
      "correctAnswer": "Who can play the piano?",
      "tags": {
        "sentenceType": "whQuestion",
        "verbKind": "general",
        "questionWordKind": "who"
      }
    }
  ]
}
