{
  "key": "futureGoingTo",
  "displayName": "未来 (be going to)",
  "questions": [
    {
      "question": "「私は明日サッカーをする予定です。」を英語にしなさい。",
      "explanation": "「〜する予定です」は be going to + 動詞の原形で表します。主語が I なので am を使います。",
      "wordMeanings": [
        {
          "word": "I",
          "meaning": "私は"
        },
        {
          "word": "am going to",
          "meaning": "〜する予定です"
        },
        {
          "word": "play",
          "meaning": "〜をする（スポーツ）"
        },
        {
          "word": "soccer",
          "meaning": "サッカー"
        },
        {
          "word": "tomorrow",
          "meaning": "明日"
        }
      ],
      "choices": [
        {
          "text": "I am going to play soccer tomorrow.",
          "explanation": ""
        },
        {
          "text": "I going to play soccer tomorrow.",
          "explanation": "be動詞が抜けています。I am going to ... の形が正しいです。"
        },
        {
          "text": "I am going play soccer tomorrow.",
          "explanation": "going の後に to が必要です。be going to + 動詞の原形が正しい形です。"
        },
        {
          "text": "I am going to plays soccer tomorrow.",
          "explanation": "going to の後は動詞の原形を使います。plays ではなく play が正しいです。"
        }
      ],
      "correctAnswer": "I am going to play soccer tomorrow.",
      "tags": {
        "sentenceType": "affirmative",
        "verbKind": "general"
      }
    },
    {
      "question": "「私は来週の日曜日に祖母を訪ねる予定です。」を英語にしなさい。",
      "explanation": "「〜を訪ねる予定です」は be going to visit で表します。",
      "wordMeanings": [
        {
          "word": "I",
          "meaning": "私は"
        },
        {
          "word": "am going to",
          "meaning": "〜する予定です"
        },
        {
          "word": "visit",
          "meaning": "〜を訪ねる"
        },
        {
          "word": "my",
          "meaning": "私の"
        },
        {
          "word": "grandmother",
          "meaning": "祖母"
        },
        {
          "word": "next Sunday",
          "meaning": "来週の日曜日"
        }
      ],
      "choices": [
        {
          "text": "I am going to visit my grandmother next Sunday.",
          "explanation": ""
        },
        {
          "text": "I going to visit my grandmother next Sunday.",
          "explanation": "be動詞が抜けています。I am going to ... の形が正しいです。"
        },
        {
          "text": "I am going to visiting my grandmother next Sunday.",
          "explanation": "going to の後は動詞の原形を使います。visiting ではなく visit が正しいです。"
        },
        {
          "text": "I do going to visit my grandmother next Sunday.",
          "explanation": "be going to の前に do は使いません。I am going to ... が正しい形です。"
        }
      ],
      "correctAnswer": "I am going to visit my grandmother next Sunday.",
      "tags": {
        "sentenceType": "affirmative",
        "verbKind": "general"
      }
    },
    {
      "question": "「彼は今週の土曜日に映画を見る予定です。」を英語にしなさい。",
      "explanation": "主語が He なので is going to を使います。",
      "wordMeanings": [
        {
          "word": "He",
          "meaning": "彼は"
        },
        {
          "word": "is going to",
          "meaning": "〜する予定です"
        },
        {
          "word": "watch",
          "meaning": "〜を見る"
        },
        {
          "word": "a",
          "meaning": "1つの"
        },
        {
          "word": "movie",
          "meaning": "映画"
        },
        {
          "word": "this Saturday",
          "meaning": "今週の土曜日"
        }
      ],
      "choices": [
        {
          "text": "He is going to watch a movie this Saturday.",
          "explanation": ""
        },
        {
          "text": "He are going to watch a movie this Saturday.",
          "explanation": "主語が He なので be動詞は is を使います。are は you/we/they 用です。"
        },
        {
          "text": "He is going to watches a movie this Saturday.",
          "explanation": "going to の後は動詞の原形を使います。watches ではなく watch が正しいです。"
        },
        {
          "text": "He going to watch a movie this Saturday.",
          "explanation": "be動詞が抜けています。He is going to ... の形が正しいです。"
        }
      ],
      "correctAnswer": "He is going to watch a movie this Saturday.",
      "tags": {
        "sentenceType": "affirmative",
        "verbKind": "general"
      }
    },
    {
      "question": "「彼女は明日の午後にピアノを練習する予定です。」を英語にしなさい。",
      "explanation": "主語が She なので is going to を使います。",
      "wordMeanings": [
        {
          "word": "She",
          "meaning": "彼女は"
        },
        {
          "word": "is going to",
          "meaning": "〜する予定です"
        },
        {
          "word": "practice",
          "meaning": "〜を練習する"
        },
        {
          "word": "the piano",
          "meaning": "ピアノ"
        },
        {
          "word": "tomorrow afternoon",
          "meaning": "明日の午後"
        }
      ],
      "choices": [
        {
          "text": "She is going to practice the piano tomorrow afternoon.",
          "explanation": ""
        },
        {
          "text": "She am going to practice the piano tomorrow afternoon.",
          "explanation": "am は I にだけ使います。She には is を使います。"
        },
        {
          "text": "She is going practice the piano tomorrow afternoon.",
          "explanation": "going の後に to が必要です。is going to practice が正しい形です。"
        },
        {
          "text": "She is going to practices the piano tomorrow afternoon.",
          "explanation": "going to の後は動詞の原形を使います。practices ではなく practice が正しいです。"
        }
      ],
      "correctAnswer": "She is going to practice the piano tomorrow afternoon.",
      "tags": {
        "sentenceType": "affirmative",
        "verbKind": "general"
      }
    },
    {
      "question": "「私たちは今週末にキャンプに行く予定です。」を英語にしなさい。",
      "explanation": "主語が We なので are going to を使います。go camping で「キャンプに行く」です。",
      "wordMeanings": [
        {
          "word": "We",
          "meaning": "私たちは"
        },
        {
          "word": "are going to",
          "meaning": "〜する予定です"
        },
        {
          "word": "go camping",
          "meaning": "キャンプに行く"
        },
        {
          "word": "this weekend",
          "meaning": "今週末"
        }
      ],
      "choices": [
        {
          "text": "We are going to go camping this weekend.",
          "explanation": ""
        },
        {
          "text": "We is going to go camping this weekend.",
          "explanation": "主語が We なので be動詞は are を使います。is は he/she/it 用です。"
        },
        {
          "text": "We going to go camping this weekend.",
          "explanation": "be動詞が抜けています。We are going to ... の形が正しいです。"
        },
        {
          "text": "We are going to goes camping this weekend.",
          "explanation": "going to の後は動詞の原形を使います。goes ではなく go が正しいです。"
        }
      ],
      "correctAnswer": "We are going to go camping this weekend.",
      "tags": {
        "sentenceType": "affirmative",
        "verbKind": "general"
      }
    },
    {
      "question": "「彼らは来月に新しい家に引っ越す予定です。」を英語にしなさい。",
      "explanation": "主語が They なので are going to を使います。",
      "wordMeanings": [
        {
          "word": "They",
          "meaning": "彼らは"
        },
        {
          "word": "are going to",
          "meaning": "〜する予定です"
        },
        {
          "word": "move",
          "meaning": "引っ越す"
        },
        {
          "word": "to",
          "meaning": "〜へ"
        },
        {
          "word": "a new house",
          "meaning": "新しい家"
        },
        {
          "word": "next month",
          "meaning": "来月"
        }
      ],
      "choices": [
        {
          "text": "They are going to move to a new house next month.",
          "explanation": ""
        },
        {
          "text": "They is going to move to a new house next month.",
          "explanation": "主語が They なので be動詞は are を使います。is は he/she/it 用です。"
        },
        {
          "text": "They are going move to a new house next month.",
          "explanation": "going の後に to が必要です。are going to move が正しい形です。"
        },
        {
          "text": "They are going to moved to a new house next month.",
          "explanation": "going to の後は動詞の原形を使います。moved（過去形）ではなく move が正しいです。"
        }
      ],
      "correctAnswer": "They are going to move to a new house next month.",
      "tags": {
        "sentenceType": "affirmative",
        "verbKind": "general"
      }
    },
    {
      "question": "「あなたは明日の朝にジョギングをする予定です。」を英語にしなさい。",
      "explanation": "主語が You なので are going to を使います。",
      "wordMeanings": [
        {
          "word": "You",
          "meaning": "あなたは"
        },
        {
          "word": "are going to",
          "meaning": "〜する予定です"
        },
        {
          "word": "jog",
          "meaning": "ジョギングをする"
        },
        {
          "word": "tomorrow morning",
          "meaning": "明日の朝"
        }
      ],
      "choices": [
        {
          "text": "You are going to jog tomorrow morning.",
          "explanation": ""
        },
        {
          "text": "You is going to jog tomorrow morning.",
          "explanation": "主語が You なので be動詞は are を使います。is は he/she/it 用です。"
        },
        {
          "text": "You are going to jogs tomorrow morning.",
          "explanation": "going to の後は動詞の原形を使います。jogs ではなく jog が正しいです。"
        },
        {
          "text": "You going to jog tomorrow morning.",
          "explanation": "be動詞が抜けています。You are going to ... の形が正しいです。"
        }
      ],
      "correctAnswer": "You are going to jog tomorrow morning.",
      "tags": {
        "sentenceType": "affirmative",
        "verbKind": "general"
      }
    },
    {
      "question": "「私は3月5日に東京に行く予定です。」を英語にしなさい。",
      "explanation": "be going to go to 〜 で「〜に行く予定です」を表します。",
      "wordMeanings": [
        {
          "word": "I",
          "meaning": "私は"
        },
        {
          "word": "am going to",
          "meaning": "〜する予定です"
        },
        {
          "word": "go to",
          "meaning": "〜に行く"
        },
        {
          "word": "Tokyo",
          "meaning": "東京"
        },
        {
          "word": "on March 5th",
          "meaning": "3月5日に"
        }
      ],
      "choices": [
        {
          "text": "I am going to go to Tokyo on March 5th.",
          "explanation": ""
        },
        {
          "text": "I am going to goes to Tokyo on March 5th.",
          "explanation": "going to の後は動詞の原形を使います。goes ではなく go が正しいです。"
        },
        {
          "text": "I going to go to Tokyo on March 5th.",
          "explanation": "be動詞が抜けています。I am going to ... の形が正しいです。"
        },
        {
          "text": "I am going go to Tokyo on March 5th.",
          "explanation": "going の後に to が必要です。am going to go が正しい形です。"
        }
      ],
      "correctAnswer": "I am going to go to Tokyo on March 5th.",
      "tags": {
        "sentenceType": "affirmative",
        "verbKind": "general"
      }
    },
    {
      "question": "「ケン（Ken）は放課後に図書館で勉強する予定です。」を英語にしなさい。",
      "explanation": "主語が Ken（三人称単数）なので is going to を使います。",
      "wordMeanings": [
        {
          "word": "Ken",
          "meaning": "ケン"
        },
        {
          "word": "is going to",
          "meaning": "〜する予定です"
        },
        {
          "word": "study",
          "meaning": "勉強する"
        },
        {
          "word": "at the library",
          "meaning": "図書館で"
        },
        {
          "word": "after school",
          "meaning": "放課後に"
        }
      ],
      "choices": [
        {
          "text": "Ken is going to study at the library after school.",
          "explanation": ""
        },
        {
          "text": "Ken are going to study at the library after school.",
          "explanation": "主語が Ken（三人称単数）なので be動詞は is を使います。are は you/we/they 用です。"
        },
        {
          "text": "Ken is going to studies at the library after school.",
          "explanation": "going to の後は動詞の原形を使います。studies ではなく study が正しいです。"
        },
        {
          "text": "Ken is going study at the library after school.",
          "explanation": "going の後に to が必要です。is going to study が正しい形です。"
        }
      ],
      "correctAnswer": "Ken is going to study at the library after school.",
      "tags": {
        "sentenceType": "affirmative",
        "verbKind": "general"
      }
    },
    {
      "question": "「私の兄は今夜カレーを作る予定です。」を英語にしなさい。",
      "explanation": "主語が My brother（三人称単数）なので is going to を使います。",
      "wordMeanings": [
        {
          "word": "My brother",
          "meaning": "私の兄"
        },
        {
          "word": "is going to",
          "meaning": "〜する予定です"
        },
        {
          "word": "cook",
          "meaning": "〜を料理する"
        },
        {
          "word": "curry",
          "meaning": "カレー"
        },
        {
          "word": "tonight",
          "meaning": "今夜"
        }
      ],
      "choices": [
        {
          "text": "My brother is going to cook curry tonight.",
          "explanation": ""
        },
        {
          "text": "My brother are going to cook curry tonight.",
          "explanation": "主語が My brother（三人称単数）なので be動詞は is を使います。are は you/we/they 用です。"
        },
        {
          "text": "My brother going to cook curry tonight.",
          "explanation": "be動詞が抜けています。My brother is going to ... の形が正しいです。"
        },
        {
          "text": "My brother is going to cooks curry tonight.",
          "explanation": "going to の後は動詞の原形を使います。cooks ではなく cook が正しいです。"
        }
      ],
      "correctAnswer": "My brother is going to cook curry tonight.",
      "tags": {
        "sentenceType": "affirmative",
        "verbKind": "general"
      }
    },
    {
      "question": "「私は明日テニスをしない予定です。」を英語にしなさい。",
      "explanation": "be going to の否定文は be動詞の後に not を入れます。",
      "wordMeanings": [
        {
          "word": "I",
          "meaning": "私は"
        },
        {
          "word": "am not going to",
          "meaning": "〜しない予定です"
        },
        {
          "word": "play",
          "meaning": "〜をする（スポーツ）"
        },
        {
          "word": "tennis",
          "meaning": "テニス"
        },
        {
          "word": "tomorrow",
          "meaning": "明日"
        }
      ],
      "choices": [
        {
          "text": "I am not going to play tennis tomorrow.",
          "explanation": ""
        },
        {
          "text": "I do not going to play tennis tomorrow.",
          "explanation": "be going to の否定文に do not は使いません。am not going to が正しい形です。"
        },
        {
          "text": "I not going to play tennis tomorrow.",
          "explanation": "be動詞が抜けています。I am not going to ... の形が正しいです。"
        },
        {
          "text": "I am not going to plays tennis tomorrow.",
          "explanation": "going to の後は動詞の原形を使います。plays ではなく play が正しいです。"
        }
      ],
      "correctAnswer": "I am not going to play tennis tomorrow.",
      "tags": {
        "sentenceType": "negative",
        "verbKind": "general"
      }
    },
    {
      "question": "「彼女は来週パーティーに行かない予定です。」を英語にしなさい。",
      "explanation": "主語が She なので is not going to を使います。",
      "wordMeanings": [
        {
          "word": "She",
          "meaning": "彼女は"
        },
        {
          "word": "is not going to",
          "meaning": "〜しない予定です"
        },
        {
          "word": "go to",
          "meaning": "〜に行く"
        },
        {
          "word": "the party",
          "meaning": "パーティー"
        },
        {
          "word": "next week",
          "meaning": "来週"
        }
      ],
      "choices": [
        {
          "text": "She is not going to go to the party next week.",
          "explanation": ""
        },
        {
          "text": "She does not going to go to the party next week.",
          "explanation": "be going to の否定文に does not は使いません。is not going to が正しい形です。"
        },
        {
          "text": "She not going to go to the party next week.",
          "explanation": "be動詞が抜けています。She is not going to ... の形が正しいです。"
        },
        {
          "text": "She is not going go to the party next week.",
          "explanation": "going の後に to が必要です。is not going to go が正しい形です。"
        }
      ],
      "correctAnswer": "She is not going to go to the party next week.",
      "tags": {
        "sentenceType": "negative",
        "verbKind": "general"
      }
    },
    {
      "question": "「彼は今週の土曜日にゲームをしない予定です。」を英語にしなさい。",
      "explanation": "主語が He なので is not going to を使います。",
      "wordMeanings": [
        {
          "word": "He",
          "meaning": "彼は"
        },
        {
          "word": "is not going to",
          "meaning": "〜しない予定です"
        },
        {
          "word": "play",
          "meaning": "〜をする"
        },
        {
          "word": "video games",
          "meaning": "テレビゲーム"
        },
        {
          "word": "this Saturday",
          "meaning": "今週の土曜日"
        }
      ],
      "choices": [
        {
          "text": "He is not going to play video games this Saturday.",
          "explanation": ""
        },
        {
          "text": "He does not going to play video games this Saturday.",
          "explanation": "be going to の否定文に does not は使いません。is not going to が正しい形です。"
        },
        {
          "text": "He is not going to plays video games this Saturday.",
          "explanation": "going to の後は動詞の原形を使います。plays ではなく play が正しいです。"
        },
        {
          "text": "He not is going to play video games this Saturday.",
          "explanation": "not の位置が間違っています。He is not going to ... の語順が正しいです。"
        }
      ],
      "correctAnswer": "He is not going to play video games this Saturday.",
      "tags": {
        "sentenceType": "negative",
        "verbKind": "general"
      }
    },
    {
      "question": "「私たちは明日の午後に買い物に行かない予定です。」を英語にしなさい。",
      "explanation": "主語が We なので are not going to を使います。go shopping で「買い物に行く」です。",
      "wordMeanings": [
        {
          "word": "We",
          "meaning": "私たちは"
        },
        {
          "word": "are not going to",
          "meaning": "〜しない予定です"
        },
        {
          "word": "go shopping",
          "meaning": "買い物に行く"
        },
        {
          "word": "tomorrow afternoon",
          "meaning": "明日の午後"
        }
      ],
      "choices": [
        {
          "text": "We are not going to go shopping tomorrow afternoon.",
          "explanation": ""
        },
        {
          "text": "We do not going to go shopping tomorrow afternoon.",
          "explanation": "be going to の否定文に do not は使いません。are not going to が正しい形です。"
        },
        {
          "text": "We are not going shopping tomorrow afternoon.",
          "explanation": "「〜しない予定です」と未来の予定を表すには are not going to go shopping が必要です。"
        },
        {
          "text": "We not are going to go shopping tomorrow afternoon.",
          "explanation": "not の位置が間違っています。We are not going to ... の語順が正しいです。"
        }
      ],
      "correctAnswer": "We are not going to go shopping tomorrow afternoon.",
      "tags": {
        "sentenceType": "negative",
        "verbKind": "general"
      }
    },
    {
      "question": "「彼らは来週の月曜日に学校に来ない予定です。」を英語にしなさい。",
      "explanation": "主語が They なので are not going to を使います。",
      "wordMeanings": [
        {
          "word": "They",
          "meaning": "彼らは"
        },
        {
          "word": "are not going to",
          "meaning": "〜しない予定です"
        },
        {
          "word": "come to",
          "meaning": "〜に来る"
        },
        {
          "word": "school",
          "meaning": "学校"
        },
        {
          "word": "next Monday",
          "meaning": "来週の月曜日"
        }
      ],
      "choices": [
        {
          "text": "They are not going to come to school next Monday.",
          "explanation": ""
        },
        {
          "text": "They don't going to come to school next Monday.",
          "explanation": "be going to の否定文に don't は使いません。are not going to が正しい形です。"
        },
        {
          "text": "They are not going come to school next Monday.",
          "explanation": "going の後に to が必要です。are not going to come が正しい形です。"
        },
        {
          "text": "They are not going to comes to school next Monday.",
          "explanation": "going to の後は動詞の原形を使います。comes ではなく come が正しいです。"
        }
      ],
      "correctAnswer": "They are not going to come to school next Monday.",
      "tags": {
        "sentenceType": "negative",
        "verbKind": "general"
      }
    },
    {
      "question": "「私は今夜テレビを見ない予定です。」を英語にしなさい。",
      "explanation": "be going to の否定文は be動詞の後に not を入れます。",
      "wordMeanings": [
        {
          "word": "I",
          "meaning": "私は"
        },
        {
          "word": "am not going to",
          "meaning": "〜しない予定です"
        },
        {
          "word": "watch",
          "meaning": "〜を見る"
        },
        {
          "word": "TV",
          "meaning": "テレビ"
        },
        {
          "word": "tonight",
          "meaning": "今夜"
        }
      ],
      "choices": [
        {
          "text": "I am not going to watch TV tonight.",
          "explanation": ""
        },
        {
          "text": "I don't going to watch TV tonight.",
          "explanation": "be going to の否定文に don't は使いません。am not going to が正しい形です。"
        },
        {
          "text": "I am going to not watch TV tonight.",
          "explanation": "not の位置が間違っています。am not going to watch が正しい語順です。"
        },
        {
          "text": "I am not going to watching TV tonight.",
          "explanation": "going to の後は動詞の原形を使います。watching ではなく watch が正しいです。"
        }
      ],
      "correctAnswer": "I am not going to watch TV tonight.",
      "tags": {
        "sentenceType": "negative",
        "verbKind": "general"
      }
    },
    {
      "question": "「エミ（Emi）は明日の朝に朝食を食べない予定です。」を英語にしなさい。",
      "explanation": "主語が Emi（三人称単数）なので is not going to を使います。",
      "wordMeanings": [
        {
          "word": "Emi",
          "meaning": "エミ"
        },
        {
          "word": "is not going to",
          "meaning": "〜しない予定です"
        },
        {
          "word": "eat",
          "meaning": "〜を食べる"
        },
        {
          "word": "breakfast",
          "meaning": "朝食"
        },
        {
          "word": "tomorrow morning",
          "meaning": "明日の朝"
        }
      ],
      "choices": [
        {
          "text": "Emi is not going to eat breakfast tomorrow morning.",
          "explanation": ""
        },
        {
          "text": "Emi doesn't going to eat breakfast tomorrow morning.",
          "explanation": "be going to の否定文に doesn't は使いません。is not going to が正しい形です。"
        },
        {
          "text": "Emi is not going eat breakfast tomorrow morning.",
          "explanation": "going の後に to が必要です。is not going to eat が正しい形です。"
        },
        {
          "text": "Emi not is going to eat breakfast tomorrow morning.",
          "explanation": "not の位置が間違っています。Emi is not going to ... の語順が正しいです。"
        }
      ],
      "correctAnswer": "Emi is not going to eat breakfast tomorrow morning.",
      "tags": {
        "sentenceType": "negative",
        "verbKind": "general"
      }
    },
    {
      "question": "「あなたは今週末に泳がない予定です。」を英語にしなさい。",
      "explanation": "主語が You なので are not going to を使います。",
      "wordMeanings": [
        {
          "word": "You",
          "meaning": "あなたは"
        },
        {
          "word": "are not going to",
          "meaning": "〜しない予定です"
        },
        {
          "word": "swim",
          "meaning": "泳ぐ"
        },
        {
          "word": "this weekend",
          "meaning": "今週末"
        }
      ],
      "choices": [
        {
          "text": "You are not going to swim this weekend.",
          "explanation": ""
        },
        {
          "text": "You don't going to swim this weekend.",
          "explanation": "be going to の否定文に don't は使いません。are not going to が正しい形です。"
        },
        {
          "text": "You are not going to swims this weekend.",
          "explanation": "going to の後は動詞の原形を使います。swims ではなく swim が正しいです。"
        },
        {
          "text": "You not are going to swim this weekend.",
          "explanation": "not の位置が間違っています。You are not going to ... の語順が正しいです。"
        }
      ],
      "correctAnswer": "You are not going to swim this weekend.",
      "tags": {
        "sentenceType": "negative",
        "verbKind": "general"
      }
    },
    {
      "question": "「あなたは明日の放課後に野球をする予定ですか。」を英語にしなさい。",
      "explanation": "be going to の疑問文は be動詞を主語の前に出します。",
      "wordMeanings": [
        {
          "word": "Are",
          "meaning": "〜ですか（be動詞）"
        },
        {
          "word": "you",
          "meaning": "あなたは"
        },
        {
          "word": "going to",
          "meaning": "〜する予定"
        },
        {
          "word": "play",
          "meaning": "〜をする（スポーツ）"
        },
        {
          "word": "baseball",
          "meaning": "野球"
        },
        {
          "word": "after school",
          "meaning": "放課後に"
        },
        {
          "word": "tomorrow",
          "meaning": "明日"
        }
      ],
      "choices": [
        {
          "text": "Are you going to play baseball after school tomorrow?",
          "explanation": ""
        },
        {
          "text": "Do you going to play baseball after school tomorrow?",
          "explanation": "be going to の疑問文に Do は使いません。Are you going to ... ? が正しい形です。"
        },
        {
          "text": "You are going to play baseball after school tomorrow?",
          "explanation": "疑問文では be動詞を主語の前に出します。Are you going to ... ? が正しい語順です。"
        },
        {
          "text": "Are you going play baseball after school tomorrow?",
          "explanation": "going の後に to が必要です。Are you going to play が正しい形です。"
        }
      ],
      "correctAnswer": "Are you going to play baseball after school tomorrow?",
      "tags": {
        "sentenceType": "yesNoQuestion",
        "verbKind": "general"
      }
    },
    {
      "question": "「彼は来週の金曜日に本を読む予定ですか。」を英語にしなさい。",
      "explanation": "主語が he なので Is を文頭に出します。",
      "wordMeanings": [
        {
          "word": "Is",
          "meaning": "〜ですか（be動詞）"
        },
        {
          "word": "he",
          "meaning": "彼は"
        },
        {
          "word": "going to",
          "meaning": "〜する予定"
        },
        {
          "word": "read",
          "meaning": "〜を読む"
        },
        {
          "word": "a book",
          "meaning": "本"
        },
        {
          "word": "next Friday",
          "meaning": "来週の金曜日"
        }
      ],
      "choices": [
        {
          "text": "Is he going to read a book next Friday?",
          "explanation": ""
        },
        {
          "text": "Does he going to read a book next Friday?",
          "explanation": "be going to の疑問文に Does は使いません。Is he going to ... ? が正しい形です。"
        },
        {
          "text": "Is he going to reads a book next Friday?",
          "explanation": "going to の後は動詞の原形を使います。reads ではなく read が正しいです。"
        },
        {
          "text": "He is going to read a book next Friday?",
          "explanation": "疑問文では be動詞を主語の前に出します。Is he going to ... ? が正しい語順です。"
        }
      ],
      "correctAnswer": "Is he going to read a book next Friday?",
      "tags": {
        "sentenceType": "yesNoQuestion",
        "verbKind": "general"
      }
    },
    {
      "question": "「彼女は今週の日曜日にケーキを作る予定ですか。」を英語にしなさい。",
      "explanation": "主語が she なので Is を文頭に出します。",
      "wordMeanings": [
        {
          "word": "Is",
          "meaning": "〜ですか（be動詞）"
        },
        {
          "word": "she",
          "meaning": "彼女は"
        },
        {
          "word": "going to",
          "meaning": "〜する予定"
        },
        {
          "word": "make",
          "meaning": "〜を作る"
        },
        {
          "word": "a cake",
          "meaning": "ケーキ"
        },
        {
          "word": "this Sunday",
          "meaning": "今週の日曜日"
        }
      ],
      "choices": [
        {
          "text": "Is she going to make a cake this Sunday?",
          "explanation": ""
        },
        {
          "text": "Does she going to make a cake this Sunday?",
          "explanation": "be going to の疑問文に Does は使いません。Is she going to ... ? が正しい形です。"
        },
        {
          "text": "Is she going to makes a cake this Sunday?",
          "explanation": "going to の後は動詞の原形を使います。makes ではなく make が正しいです。"
        },
        {
          "text": "Is she going make a cake this Sunday?",
          "explanation": "going の後に to が必要です。Is she going to make が正しい形です。"
        }
      ],
      "correctAnswer": "Is she going to make a cake this Sunday?",
      "tags": {
        "sentenceType": "yesNoQuestion",
        "verbKind": "general"
      }
    },
    {
      "question": "「彼らは明日の午後にサッカーを練習する予定ですか。」を英語にしなさい。",
      "explanation": "主語が they なので Are を文頭に出します。",
      "wordMeanings": [
        {
          "word": "Are",
          "meaning": "〜ですか（be動詞）"
        },
        {
          "word": "they",
          "meaning": "彼らは"
        },
        {
          "word": "going to",
          "meaning": "〜する予定"
        },
        {
          "word": "practice",
          "meaning": "〜を練習する"
        },
        {
          "word": "soccer",
          "meaning": "サッカー"
        },
        {
          "word": "tomorrow afternoon",
          "meaning": "明日の午後"
        }
      ],
      "choices": [
        {
          "text": "Are they going to practice soccer tomorrow afternoon?",
          "explanation": ""
        },
        {
          "text": "Do they going to practice soccer tomorrow afternoon?",
          "explanation": "be going to の疑問文に Do は使いません。Are they going to ... ? が正しい形です。"
        },
        {
          "text": "Are they going practice soccer tomorrow afternoon?",
          "explanation": "going の後に to が必要です。Are they going to practice が正しい形です。"
        },
        {
          "text": "They are going to practice soccer tomorrow afternoon?",
          "explanation": "疑問文では be動詞を主語の前に出します。Are they going to ... ? が正しい語順です。"
        }
      ],
      "correctAnswer": "Are they going to practice soccer tomorrow afternoon?",
      "tags": {
        "sentenceType": "yesNoQuestion",
        "verbKind": "general"
      }
    },
    {
      "question": "「あなたたちは来月にキャンプに行く予定ですか。」を英語にしなさい。",
      "explanation": "主語が you なので Are を文頭に出します。go camping で「キャンプに行く」です。",
      "wordMeanings": [
        {
          "word": "Are",
          "meaning": "〜ですか（be動詞）"
        },
        {
          "word": "you",
          "meaning": "あなたたちは"
        },
        {
          "word": "going to",
          "meaning": "〜する予定"
        },
        {
          "word": "go camping",
          "meaning": "キャンプに行く"
        },
        {
          "word": "next month",
          "meaning": "来月"
        }
      ],
      "choices": [
        {
          "text": "Are you going to go camping next month?",
          "explanation": ""
        },
        {
          "text": "Do you going to go camping next month?",
          "explanation": "be going to の疑問文に Do は使いません。Are you going to ... ? が正しい形です。"
        },
        {
          "text": "Are you going to goes camping next month?",
          "explanation": "going to の後は動詞の原形を使います。goes ではなく go が正しいです。"
        },
        {
          "text": "Are you going to go camping next month.",
          "explanation": "疑問文の最後はピリオドではなく疑問符（?）を使います。"
        }
      ],
      "correctAnswer": "Are you going to go camping next month?",
      "tags": {
        "sentenceType": "yesNoQuestion",
        "verbKind": "general"
      }
    },
    {
      "question": "「ユミ（Yumi）は今夜英語を勉強する予定ですか。」を英語にしなさい。",
      "explanation": "主語が Yumi（三人称単数）なので Is を文頭に出します。",
      "wordMeanings": [
        {
          "word": "Is",
          "meaning": "〜ですか（be動詞）"
        },
        {
          "word": "Yumi",
          "meaning": "ユミ"
        },
        {
          "word": "going to",
          "meaning": "〜する予定"
        },
        {
          "word": "study",
          "meaning": "〜を勉強する"
        },
        {
          "word": "English",
          "meaning": "英語"
        },
        {
          "word": "tonight",
          "meaning": "今夜"
        }
      ],
      "choices": [
        {
          "text": "Is Yumi going to study English tonight?",
          "explanation": ""
        },
        {
          "text": "Does Yumi going to study English tonight?",
          "explanation": "be going to の疑問文に Does は使いません。Is Yumi going to ... ? が正しい形です。"
        },
        {
          "text": "Is Yumi going to studying English tonight?",
          "explanation": "going to の後は動詞の原形を使います。studying ではなく study が正しいです。"
        },
        {
          "text": "Yumi is going to study English tonight?",
          "explanation": "疑問文では be動詞を主語の前に出します。Is Yumi going to ... ? が正しい語順です。"
        }
      ],
      "correctAnswer": "Is Yumi going to study English tonight?",
      "tags": {
        "sentenceType": "yesNoQuestion",
        "verbKind": "general"
      }
    },
    {
      "question": "「あなたのお父さんは明日車を洗う予定ですか。」を英語にしなさい。",
      "explanation": "主語が your father（三人称単数）なので Is を文頭に出します。",
      "wordMeanings": [
        {
          "word": "Is",
          "meaning": "〜ですか（be動詞）"
        },
        {
          "word": "your father",
          "meaning": "あなたのお父さん"
        },
        {
          "word": "going to",
          "meaning": "〜する予定"
        },
        {
          "word": "wash",
          "meaning": "〜を洗う"
        },
        {
          "word": "the car",
          "meaning": "車"
        },
        {
          "word": "tomorrow",
          "meaning": "明日"
        }
      ],
      "choices": [
        {
          "text": "Is your father going to wash the car tomorrow?",
          "explanation": ""
        },
        {
          "text": "Does your father going to wash the car tomorrow?",
          "explanation": "be going to の疑問文に Does は使いません。Is your father going to ... ? が正しい形です。"
        },
        {
          "text": "Are your father going to wash the car tomorrow?",
          "explanation": "主語が your father（三人称単数）なので be動詞は Is を使います。Are は you/we/they 用です。"
        },
        {
          "text": "Is your father going to washes the car tomorrow?",
          "explanation": "going to の後は動詞の原形を使います。washes ではなく wash が正しいです。"
        }
      ],
      "correctAnswer": "Is your father going to wash the car tomorrow?",
      "tags": {
        "sentenceType": "yesNoQuestion",
        "verbKind": "general"
      }
    },
    {
      "question": "「私たちは来週の水曜日にテストを受ける予定ですか。」を英語にしなさい。",
      "explanation": "主語が we なので Are を文頭に出します。take a test で「テストを受ける」です。",
      "wordMeanings": [
        {
          "word": "Are",
          "meaning": "〜ですか（be動詞）"
        },
        {
          "word": "we",
          "meaning": "私たちは"
        },
        {
          "word": "going to",
          "meaning": "〜する予定"
        },
        {
          "word": "take a test",
          "meaning": "テストを受ける"
        },
        {
          "word": "next Wednesday",
          "meaning": "来週の水曜日"
        }
      ],
      "choices": [
        {
          "text": "Are we going to take a test next Wednesday?",
          "explanation": ""
        },
        {
          "text": "Do we going to take a test next Wednesday?",
          "explanation": "be going to の疑問文に Do は使いません。Are we going to ... ? が正しい形です。"
        },
        {
          "text": "Is we going to take a test next Wednesday?",
          "explanation": "主語が we なので be動詞は Are を使います。Is は he/she/it 用です。"
        },
        {
          "text": "Are we going to took a test next Wednesday?",
          "explanation": "going to の後は動詞の原形を使います。took（過去形）ではなく take が正しいです。"
        }
      ],
      "correctAnswer": "Are we going to take a test next Wednesday?",
      "tags": {
        "sentenceType": "yesNoQuestion",
        "verbKind": "general"
      }
    },
    {
      "question": "「あなたは今週末に何をする予定ですか。」を英語にしなさい。",
      "explanation": "「何をする予定ですか」は What are you going to do ...? で表します。",
      "wordMeanings": [
        {
          "word": "What",
          "meaning": "何を"
        },
        {
          "word": "are",
          "meaning": "〜ですか（be動詞）"
        },
        {
          "word": "you",
          "meaning": "あなたは"
        },
        {
          "word": "going to",
          "meaning": "〜する予定"
        },
        {
          "word": "do",
          "meaning": "する"
        },
        {
          "word": "this weekend",
          "meaning": "今週末"
        }
      ],
      "choices": [
        {
          "text": "What are you going to do this weekend?",
          "explanation": ""
        },
        {
          "text": "What do you going to do this weekend?",
          "explanation": "be going to の疑問文に do は使いません。What are you going to ... ? が正しい形です。"
        },
        {
          "text": "What you are going to do this weekend?",
          "explanation": "疑問文では be動詞を主語の前に出します。What are you going to ... ? が正しい語順です。"
        },
        {
          "text": "What are you going do this weekend?",
          "explanation": "going の後に to が必要です。What are you going to do が正しい形です。"
        }
      ],
      "correctAnswer": "What are you going to do this weekend?",
      "tags": {
        "sentenceType": "whQuestion",
        "verbKind": "general",
        "questionWordKind": "what"
      }
    },
    {
      "question": "「彼女はいつ宿題をする予定ですか。」を英語にしなさい。",
      "explanation": "「いつ〜する予定ですか」は When is + 主語 + going to ...? で表します。",
      "wordMeanings": [
        {
          "word": "When",
          "meaning": "いつ"
        },
        {
          "word": "is",
          "meaning": "〜ですか（be動詞）"
        },
        {
          "word": "she",
          "meaning": "彼女は"
        },
        {
          "word": "going to",
          "meaning": "〜する予定"
        },
        {
          "word": "do",
          "meaning": "〜をする"
        },
        {
          "word": "her",
          "meaning": "彼女の"
        },
        {
          "word": "homework",
          "meaning": "宿題"
        }
      ],
      "choices": [
        {
          "text": "When is she going to do her homework?",
          "explanation": ""
        },
        {
          "text": "When does she going to do her homework?",
          "explanation": "be going to の疑問文に does は使いません。When is she going to ... ? が正しい形です。"
        },
        {
          "text": "When she is going to do her homework?",
          "explanation": "疑問文では be動詞を主語の前に出します。When is she going to ... ? が正しい語順です。"
        },
        {
          "text": "When is she going to does her homework?",
          "explanation": "going to の後は動詞の原形を使います。does ではなく do が正しいです。"
        }
      ],
      "correctAnswer": "When is she going to do her homework?",
      "tags": {
        "sentenceType": "whQuestion",
        "verbKind": "general",
        "questionWordKind": "when"
      }
    },
    {
      "question": "「彼らは明日どこでお昼ご飯を食べる予定ですか。」を英語にしなさい。",
      "explanation": "「どこで〜する予定ですか」は Where are + 主語 + going to ...? で表します。",
      "wordMeanings": [
        {
          "word": "Where",
          "meaning": "どこで"
        },
        {
          "word": "are",
          "meaning": "〜ですか（be動詞）"
        },
        {
          "word": "they",
          "meaning": "彼らは"
        },
        {
          "word": "going to",
          "meaning": "〜する予定"
        },
        {
          "word": "eat",
          "meaning": "〜を食べる"
        },
        {
          "word": "lunch",
          "meaning": "昼食"
        },
        {
          "word": "tomorrow",
          "meaning": "明日"
        }
      ],
      "choices": [
        {
          "text": "Where are they going to eat lunch tomorrow?",
          "explanation": ""
        },
        {
          "text": "Where do they going to eat lunch tomorrow?",
          "explanation": "be going to の疑問文に do は使いません。Where are they going to ... ? が正しい形です。"
        },
        {
          "text": "Where are they going to eats lunch tomorrow?",
          "explanation": "going to の後は動詞の原形を使います。eats ではなく eat が正しいです。"
        },
        {
          "text": "Where they are going to eat lunch tomorrow?",
          "explanation": "疑問文では be動詞を主語の前に出します。Where are they going to ... ? が正しい語順です。"
        }
      ],
      "correctAnswer": "Where are they going to eat lunch tomorrow?",
      "tags": {
        "sentenceType": "whQuestion",
        "verbKind": "general",
        "questionWordKind": "where"
      }
    },
    {
      "question": "「来週の土曜日にだれが料理をする予定ですか。」を英語にしなさい。",
      "explanation": "「だれが〜する予定ですか」は Who is going to ...? で表します。Who が主語なので is を使います。",
      "wordMeanings": [
        {
          "word": "Who",
          "meaning": "だれが"
        },
        {
          "word": "is going to",
          "meaning": "〜する予定ですか"
        },
        {
          "word": "cook",
          "meaning": "料理する"
        },
        {
          "word": "next Saturday",
          "meaning": "来週の土曜日"
        }
      ],
      "choices": [
        {
          "text": "Who is going to cook next Saturday?",
          "explanation": ""
        },
        {
          "text": "Who does going to cook next Saturday?",
          "explanation": "be going to の疑問文に does は使いません。Who is going to ... ? が正しい形です。"
        },
        {
          "text": "Who are going to cook next Saturday?",
          "explanation": "Who が主語のとき、be動詞は is を使います（1人を想定）。"
        },
        {
          "text": "Who is going to cooks next Saturday?",
          "explanation": "going to の後は動詞の原形を使います。cooks ではなく cook が正しいです。"
        }
      ],
      "correctAnswer": "Who is going to cook next Saturday?",
      "tags": {
        "sentenceType": "whQuestion",
        "verbKind": "general",
        "questionWordKind": "who"
      }
    }
  ]
}
