{
  "key": "futureWill",
  "displayName": "未来 (will)",
  "questions": [
    {
      "question": "明日は晴れるでしょう。",
      "explanation": "天気の予測には will を使います。will + be + 形容詞の形です。",
      "wordMeanings": [
        {
          "word": "It",
          "meaning": "それ（天気の主語）"
        },
        {
          "word": "will",
          "meaning": "〜でしょう"
        },
        {
          "word": "be",
          "meaning": "〜である"
        },
        {
          "word": "sunny",
          "meaning": "晴れた"
        },
        {
          "word": "tomorrow",
          "meaning": "明日"
        }
      ],
      "choices": [
        {
          "text": "It will be sunny tomorrow.",
          "explanation": ""
        },
        {
          "text": "It is sunny tomorrow.",
          "explanation": "未来の予測には will が必要です。is だけでは現在形になります。"
        },
        {
          "text": "It will sunny tomorrow.",
          "explanation": "will のあとに be が必要です。will + be + 形容詞の形にしましょう。"
        },
        {
          "text": "It will is sunny tomorrow.",
          "explanation": "will のあとの動詞は原形にします。is ではなく be を使います。"
        }
      ],
      "correctAnswer": "It will be sunny tomorrow.",
      "tags": {
        "sentenceType": "affirmative",
        "verbKind": "be"
      }
    },
    {
      "question": "明日は雨が降るでしょう。",
      "explanation": "天気の予測に will を使います。will + 動詞の原形です。",
      "wordMeanings": [
        {
          "word": "It",
          "meaning": "それ（天気の主語）"
        },
        {
          "word": "will",
          "meaning": "〜でしょう"
        },
        {
          "word": "rain",
          "meaning": "雨が降る"
        },
        {
          "word": "tomorrow",
          "meaning": "明日"
        }
      ],
      "choices": [
        {
          "text": "It will rain tomorrow.",
          "explanation": ""
        },
        {
          "text": "It will rains tomorrow.",
          "explanation": "will のあとの動詞は原形にします。rains ではなく rain です。"
        },
        {
          "text": "It rains tomorrow.",
          "explanation": "未来の予測には will が必要です。"
        },
        {
          "text": "It will raining tomorrow.",
          "explanation": "will のあとは動詞の原形です。raining（-ing形）は使えません。"
        }
      ],
      "correctAnswer": "It will rain tomorrow.",
      "tags": {
        "sentenceType": "affirmative",
        "verbKind": "general"
      }
    },
    {
      "question": "来週は寒くなるでしょう。",
      "explanation": "天気や気温の予測に will を使います。will + be + 形容詞です。",
      "wordMeanings": [
        {
          "word": "It",
          "meaning": "それ（天気の主語）"
        },
        {
          "word": "will",
          "meaning": "〜でしょう"
        },
        {
          "word": "be",
          "meaning": "〜になる"
        },
        {
          "word": "cold",
          "meaning": "寒い"
        },
        {
          "word": "next week",
          "meaning": "来週"
        }
      ],
      "choices": [
        {
          "text": "It will be cold next week.",
          "explanation": ""
        },
        {
          "text": "It will cold next week.",
          "explanation": "will のあとに be が必要です。cold は形容詞なので be cold の形にします。"
        },
        {
          "text": "It is cold next week.",
          "explanation": "未来の予測なので will が必要です。is だけでは現在形です。"
        },
        {
          "text": "It will be colds next week.",
          "explanation": "cold は形容詞なので s をつけません。"
        }
      ],
      "correctAnswer": "It will be cold next week.",
      "tags": {
        "sentenceType": "affirmative",
        "verbKind": "be"
      }
    },
    {
      "question": "彼はきっと喜ぶでしょう。",
      "explanation": "予測・推測に will を使います。will + be + 形容詞の形です。",
      "wordMeanings": [
        {
          "word": "He",
          "meaning": "彼"
        },
        {
          "word": "will",
          "meaning": "〜でしょう"
        },
        {
          "word": "be",
          "meaning": "〜である"
        },
        {
          "word": "happy",
          "meaning": "うれしい"
        }
      ],
      "choices": [
        {
          "text": "He will be happy.",
          "explanation": ""
        },
        {
          "text": "He will happy.",
          "explanation": "will のあとに be が必要です。happy は形容詞なので be happy の形にします。"
        },
        {
          "text": "He will is happy.",
          "explanation": "will のあとの動詞は原形にします。is ではなく be です。"
        },
        {
          "text": "He is will happy.",
          "explanation": "語順が間違っています。will は主語のすぐあとに置きます。"
        }
      ],
      "correctAnswer": "He will be happy.",
      "tags": {
        "sentenceType": "affirmative",
        "verbKind": "be"
      }
    },
    {
      "question": "彼女はいい先生になるでしょう。",
      "explanation": "将来の予測に will を使います。will + be + 名詞の形です。",
      "wordMeanings": [
        {
          "word": "She",
          "meaning": "彼女"
        },
        {
          "word": "will",
          "meaning": "〜でしょう"
        },
        {
          "word": "be",
          "meaning": "〜になる"
        },
        {
          "word": "a good teacher",
          "meaning": "いい先生"
        }
      ],
      "choices": [
        {
          "text": "She will be a good teacher.",
          "explanation": ""
        },
        {
          "text": "She will a good teacher.",
          "explanation": "will のあとに be が必要です。名詞の前に be を置きます。"
        },
        {
          "text": "She will is a good teacher.",
          "explanation": "will のあとの動詞は原形にします。is ではなく be です。"
        },
        {
          "text": "She wills be a good teacher.",
          "explanation": "will は助動詞なので s をつけません。主語に関係なく will のままです。"
        }
      ],
      "correctAnswer": "She will be a good teacher.",
      "tags": {
        "sentenceType": "affirmative",
        "verbKind": "be"
      }
    },
    {
      "question": "あなたはそのテストに受かるでしょう。",
      "explanation": "予測・推測に will を使います。will + 動詞の原形です。",
      "wordMeanings": [
        {
          "word": "You",
          "meaning": "あなた"
        },
        {
          "word": "will",
          "meaning": "〜でしょう"
        },
        {
          "word": "pass",
          "meaning": "合格する"
        },
        {
          "word": "the test",
          "meaning": "そのテスト"
        }
      ],
      "choices": [
        {
          "text": "You will pass the test.",
          "explanation": ""
        },
        {
          "text": "You will passes the test.",
          "explanation": "will のあとの動詞は原形にします。passes ではなく pass です。"
        },
        {
          "text": "You pass the test.",
          "explanation": "未来の予測なので will が必要です。"
        },
        {
          "text": "You will passing the test.",
          "explanation": "will のあとは動詞の原形です。passing（-ing形）は使えません。"
        }
      ],
      "correctAnswer": "You will pass the test.",
      "tags": {
        "sentenceType": "affirmative",
        "verbKind": "general"
      }
    },
    {
      "question": "彼らはそのゲームに勝つでしょう。",
      "explanation": "予測に will を使います。will + 動詞の原形です。",
      "wordMeanings": [
        {
          "word": "They",
          "meaning": "彼ら"
        },
        {
          "word": "will",
          "meaning": "〜でしょう"
        },
        {
          "word": "win",
          "meaning": "勝つ"
        },
        {
          "word": "the game",
          "meaning": "その試合"
        }
      ],
      "choices": [
        {
          "text": "They will win the game.",
          "explanation": ""
        },
        {
          "text": "They will wins the game.",
          "explanation": "will のあとの動詞は原形にします。wins ではなく win です。"
        },
        {
          "text": "They win the game.",
          "explanation": "未来の予測には will が必要です。"
        },
        {
          "text": "They will won the game.",
          "explanation": "will のあとは動詞の原形です。won（過去形）は使えません。"
        }
      ],
      "correctAnswer": "They will win the game.",
      "tags": {
        "sentenceType": "affirmative",
        "verbKind": "general"
      }
    },
    {
      "question": "私がドアを開けましょう。",
      "explanation": "その場で決めた意志・申し出には will を使います。",
      "wordMeanings": [
        {
          "word": "I",
          "meaning": "私"
        },
        {
          "word": "will",
          "meaning": "〜しましょう"
        },
        {
          "word": "open",
          "meaning": "開ける"
        },
        {
          "word": "the door",
          "meaning": "そのドア"
        }
      ],
      "choices": [
        {
          "text": "I will open the door.",
          "explanation": ""
        },
        {
          "text": "I will opens the door.",
          "explanation": "will のあとの動詞は原形にします。opens ではなく open です。"
        },
        {
          "text": "I open the door.",
          "explanation": "「〜しましょう」というその場の申し出には will が必要です。"
        },
        {
          "text": "I will opening the door.",
          "explanation": "will のあとは動詞の原形です。opening（-ing形）は使えません。"
        }
      ],
      "correctAnswer": "I will open the door.",
      "tags": {
        "sentenceType": "affirmative",
        "verbKind": "general"
      }
    },
    {
      "question": "私が窓を閉めましょう。",
      "explanation": "その場での申し出に will を使います。will + 動詞の原形です。",
      "wordMeanings": [
        {
          "word": "I",
          "meaning": "私"
        },
        {
          "word": "will",
          "meaning": "〜しましょう"
        },
        {
          "word": "close",
          "meaning": "閉める"
        },
        {
          "word": "the window",
          "meaning": "その窓"
        }
      ],
      "choices": [
        {
          "text": "I will close the window.",
          "explanation": ""
        },
        {
          "text": "I close the window.",
          "explanation": "「〜しましょう」というその場の申し出には will が必要です。"
        },
        {
          "text": "I will closed the window.",
          "explanation": "will のあとは動詞の原形です。closed（過去形）は使えません。"
        },
        {
          "text": "I am will close the window.",
          "explanation": "will の前に am は不要です。主語 + will + 動詞の原形の形です。"
        }
      ],
      "correctAnswer": "I will close the window.",
      "tags": {
        "sentenceType": "affirmative",
        "verbKind": "general"
      }
    },
    {
      "question": "私があなたを手伝いましょう。",
      "explanation": "その場での申し出に will を使います。will + 動詞の原形です。",
      "wordMeanings": [
        {
          "word": "I",
          "meaning": "私"
        },
        {
          "word": "will",
          "meaning": "〜しましょう"
        },
        {
          "word": "help",
          "meaning": "手伝う"
        },
        {
          "word": "you",
          "meaning": "あなたを"
        }
      ],
      "choices": [
        {
          "text": "I will help you.",
          "explanation": ""
        },
        {
          "text": "I will helps you.",
          "explanation": "will のあとの動詞は原形にします。helps ではなく help です。"
        },
        {
          "text": "I help you.",
          "explanation": "「〜しましょう」というその場の申し出には will が必要です。"
        },
        {
          "text": "I will helped you.",
          "explanation": "will のあとは動詞の原形です。helped（過去形）は使えません。"
        }
      ],
      "correctAnswer": "I will help you.",
      "tags": {
        "sentenceType": "affirmative",
        "verbKind": "general"
      }
    },
    {
      "question": "明日は暑くないでしょう。",
      "explanation": "will の否定文は will not + 動詞の原形です。",
      "wordMeanings": [
        {
          "word": "It",
          "meaning": "それ（天気の主語）"
        },
        {
          "word": "will not",
          "meaning": "〜ないでしょう"
        },
        {
          "word": "be",
          "meaning": "〜である"
        },
        {
          "word": "hot",
          "meaning": "暑い"
        },
        {
          "word": "tomorrow",
          "meaning": "明日"
        }
      ],
      "choices": [
        {
          "text": "It will not be hot tomorrow.",
          "explanation": ""
        },
        {
          "text": "It not will be hot tomorrow.",
          "explanation": "not は will のあとに置きます。will not の語順です。"
        },
        {
          "text": "It will not hot tomorrow.",
          "explanation": "will not のあとに be が必要です。hot は形容詞なので be hot の形にします。"
        },
        {
          "text": "It will is not hot tomorrow.",
          "explanation": "will のあとの動詞は原形にします。is ではなく be です。"
        }
      ],
      "correctAnswer": "It will not be hot tomorrow.",
      "tags": {
        "sentenceType": "negative",
        "verbKind": "be"
      }
    },
    {
      "question": "彼女は来ないでしょう。",
      "explanation": "will の否定文は will not + 動詞の原形です。",
      "wordMeanings": [
        {
          "word": "She",
          "meaning": "彼女"
        },
        {
          "word": "will not",
          "meaning": "〜ないでしょう"
        },
        {
          "word": "come",
          "meaning": "来る"
        }
      ],
      "choices": [
        {
          "text": "She will not come.",
          "explanation": ""
        },
        {
          "text": "She will not comes.",
          "explanation": "will not のあとの動詞は原形にします。comes ではなく come です。"
        },
        {
          "text": "She not will come.",
          "explanation": "not は will のあとに置きます。will not の語順です。"
        },
        {
          "text": "She does not will come.",
          "explanation": "will の否定文に does not は使いません。will not を使います。"
        }
      ],
      "correctAnswer": "She will not come.",
      "tags": {
        "sentenceType": "negative",
        "verbKind": "general"
      }
    },
    {
      "question": "彼はそのことを忘れないでしょう。",
      "explanation": "will の否定文は will not + 動詞の原形です。",
      "wordMeanings": [
        {
          "word": "He",
          "meaning": "彼"
        },
        {
          "word": "will not",
          "meaning": "〜ないでしょう"
        },
        {
          "word": "forget",
          "meaning": "忘れる"
        },
        {
          "word": "it",
          "meaning": "そのことを"
        }
      ],
      "choices": [
        {
          "text": "He will not forget it.",
          "explanation": ""
        },
        {
          "text": "He will not forgets it.",
          "explanation": "will not のあとの動詞は原形にします。forgets ではなく forget です。"
        },
        {
          "text": "He not will forget it.",
          "explanation": "not は will のあとに置きます。will not の語順です。"
        },
        {
          "text": "He does not forget it.",
          "explanation": "未来の予測なので will not が必要です。does not は現在形の否定です。"
        }
      ],
      "correctAnswer": "He will not forget it.",
      "tags": {
        "sentenceType": "negative",
        "verbKind": "general"
      }
    },
    {
      "question": "明日は雪は降らないでしょう。",
      "explanation": "天気の否定的な予測には will not を使います。",
      "wordMeanings": [
        {
          "word": "It",
          "meaning": "それ（天気の主語）"
        },
        {
          "word": "will not",
          "meaning": "〜ないでしょう"
        },
        {
          "word": "snow",
          "meaning": "雪が降る"
        },
        {
          "word": "tomorrow",
          "meaning": "明日"
        }
      ],
      "choices": [
        {
          "text": "It will not snow tomorrow.",
          "explanation": ""
        },
        {
          "text": "It will not snows tomorrow.",
          "explanation": "will not のあとの動詞は原形にします。snows ではなく snow です。"
        },
        {
          "text": "It does not snow tomorrow.",
          "explanation": "未来の予測なので will not が必要です。does not は現在形の否定です。"
        },
        {
          "text": "It not will snow tomorrow.",
          "explanation": "not は will のあとに置きます。will not の語順です。"
        }
      ],
      "correctAnswer": "It will not snow tomorrow.",
      "tags": {
        "sentenceType": "negative",
        "verbKind": "general"
      }
    },
    {
      "question": "彼らはそのゲームに勝てないでしょう。",
      "explanation": "will の否定文は will not + 動詞の原形です。",
      "wordMeanings": [
        {
          "word": "They",
          "meaning": "彼ら"
        },
        {
          "word": "will not",
          "meaning": "〜ないでしょう"
        },
        {
          "word": "win",
          "meaning": "勝つ"
        },
        {
          "word": "the game",
          "meaning": "その試合"
        }
      ],
      "choices": [
        {
          "text": "They will not win the game.",
          "explanation": ""
        },
        {
          "text": "They not will win the game.",
          "explanation": "not は will のあとに置きます。will not の語順です。"
        },
        {
          "text": "They will not wins the game.",
          "explanation": "will not のあとの動詞は原形にします。wins ではなく win です。"
        },
        {
          "text": "They do not win the game.",
          "explanation": "未来の予測なので will not が必要です。do not は現在形の否定です。"
        }
      ],
      "correctAnswer": "They will not win the game.",
      "tags": {
        "sentenceType": "negative",
        "verbKind": "general"
      }
    },
    {
      "question": "私はそれを食べないでしょう。",
      "explanation": "will の否定文は will not + 動詞の原形です。",
      "wordMeanings": [
        {
          "word": "I",
          "meaning": "私"
        },
        {
          "word": "will not",
          "meaning": "〜ないでしょう"
        },
        {
          "word": "eat",
          "meaning": "食べる"
        },
        {
          "word": "it",
          "meaning": "それを"
        }
      ],
      "choices": [
        {
          "text": "I will not eat it.",
          "explanation": ""
        },
        {
          "text": "I not will eat it.",
          "explanation": "not は will のあとに置きます。will not の語順です。"
        },
        {
          "text": "I will not eats it.",
          "explanation": "will not のあとの動詞は原形にします。eats ではなく eat です。"
        },
        {
          "text": "I do not will eat it.",
          "explanation": "will の否定文に do not は使いません。will not を使います。"
        }
      ],
      "correctAnswer": "I will not eat it.",
      "tags": {
        "sentenceType": "negative",
        "verbKind": "general"
      }
    },
    {
      "question": "彼は忙しくないでしょう。",
      "explanation": "will の否定文は will not + be + 形容詞の形です。",
      "wordMeanings": [
        {
          "word": "He",
          "meaning": "彼"
        },
        {
          "word": "will not",
          "meaning": "〜ないでしょう"
        },
        {
          "word": "be",
          "meaning": "〜である"
        },
        {
          "word": "busy",
          "meaning": "忙しい"
        }
      ],
      "choices": [
        {
          "text": "He will not be busy.",
          "explanation": ""
        },
        {
          "text": "He will not busy.",
          "explanation": "will not のあとに be が必要です。busy は形容詞なので be busy の形にします。"
        },
        {
          "text": "He will is not busy.",
          "explanation": "will のあとの動詞は原形にします。is ではなく be です。"
        },
        {
          "text": "He is not will busy.",
          "explanation": "語順が間違っています。will not be の順にしましょう。"
        }
      ],
      "correctAnswer": "He will not be busy.",
      "tags": {
        "sentenceType": "negative",
        "verbKind": "be"
      }
    },
    {
      "question": "その本はおもしろくないでしょう。",
      "explanation": "will の否定文は will not + be + 形容詞の形です。",
      "wordMeanings": [
        {
          "word": "The book",
          "meaning": "その本"
        },
        {
          "word": "will not",
          "meaning": "〜ないでしょう"
        },
        {
          "word": "be",
          "meaning": "〜である"
        },
        {
          "word": "interesting",
          "meaning": "おもしろい"
        }
      ],
      "choices": [
        {
          "text": "The book will not be interesting.",
          "explanation": ""
        },
        {
          "text": "The book will not interesting.",
          "explanation": "will not のあとに be が必要です。interesting は形容詞なので be interesting の形にします。"
        },
        {
          "text": "The book is not interesting.",
          "explanation": "未来の予測なので will not が必要です。is not は現在形の否定です。"
        },
        {
          "text": "The book not will be interesting.",
          "explanation": "not は will のあとに置きます。will not の語順です。"
        }
      ],
      "correctAnswer": "The book will not be interesting.",
      "tags": {
        "sentenceType": "negative",
        "verbKind": "be"
      }
    },
    {
      "question": "明日は雨が降るでしょうか？",
      "explanation": "will の疑問文は Will + 主語 + 動詞の原形の形です。",
      "wordMeanings": [
        {
          "word": "Will",
          "meaning": "〜でしょうか"
        },
        {
          "word": "it",
          "meaning": "それ（天気の主語）"
        },
        {
          "word": "rain",
          "meaning": "雨が降る"
        },
        {
          "word": "tomorrow",
          "meaning": "明日"
        }
      ],
      "choices": [
        {
          "text": "Will it rain tomorrow?",
          "explanation": ""
        },
        {
          "text": "Will it rains tomorrow?",
          "explanation": "Will のあとの動詞は原形にします。rains ではなく rain です。"
        },
        {
          "text": "Does it will rain tomorrow?",
          "explanation": "will の疑問文に Does は使いません。Will を文頭に置きます。"
        },
        {
          "text": "It will rain tomorrow?",
          "explanation": "疑問文では Will を文頭に出します。Will it rain ...? の形です。"
        }
      ],
      "correctAnswer": "Will it rain tomorrow?",
      "tags": {
        "sentenceType": "yesNoQuestion",
        "verbKind": "general"
      }
    },
    {
      "question": "彼女は来るでしょうか？",
      "explanation": "will の疑問文は Will + 主語 + 動詞の原形の形です。",
      "wordMeanings": [
        {
          "word": "Will",
          "meaning": "〜でしょうか"
        },
        {
          "word": "she",
          "meaning": "彼女"
        },
        {
          "word": "come",
          "meaning": "来る"
        }
      ],
      "choices": [
        {
          "text": "Will she come?",
          "explanation": ""
        },
        {
          "text": "Will she comes?",
          "explanation": "Will のあとの動詞は原形にします。comes ではなく come です。"
        },
        {
          "text": "Does she will come?",
          "explanation": "will の疑問文に Does は使いません。Will を文頭に置きます。"
        },
        {
          "text": "She will come?",
          "explanation": "疑問文では Will を文頭に出します。Will she come? の形です。"
        }
      ],
      "correctAnswer": "Will she come?",
      "tags": {
        "sentenceType": "yesNoQuestion",
        "verbKind": "general"
      }
    },
    {
      "question": "彼はテストに合格するでしょうか？",
      "explanation": "will の疑問文は Will + 主語 + 動詞の原形の形です。",
      "wordMeanings": [
        {
          "word": "Will",
          "meaning": "〜でしょうか"
        },
        {
          "word": "he",
          "meaning": "彼"
        },
        {
          "word": "pass",
          "meaning": "合格する"
        },
        {
          "word": "the test",
          "meaning": "そのテスト"
        }
      ],
      "choices": [
        {
          "text": "Will he pass the test?",
          "explanation": ""
        },
        {
          "text": "Will he passes the test?",
          "explanation": "Will のあとの動詞は原形にします。passes ではなく pass です。"
        },
        {
          "text": "Does he will pass the test?",
          "explanation": "will の疑問文に Does は使いません。Will を文頭に置きます。"
        },
        {
          "text": "He will pass the test?",
          "explanation": "疑問文では Will を文頭に出します。Will he pass ...? の形です。"
        }
      ],
      "correctAnswer": "Will he pass the test?",
      "tags": {
        "sentenceType": "yesNoQuestion",
        "verbKind": "general"
      }
    },
    {
      "question": "彼らはそのゲームに勝つでしょうか？",
      "explanation": "will の疑問文は Will + 主語 + 動詞の原形の形です。",
      "wordMeanings": [
        {
          "word": "Will",
          "meaning": "〜でしょうか"
        },
        {
          "word": "they",
          "meaning": "彼ら"
        },
        {
          "word": "win",
          "meaning": "勝つ"
        },
        {
          "word": "the game",
          "meaning": "その試合"
        }
      ],
      "choices": [
        {
          "text": "Will they win the game?",
          "explanation": ""
        },
        {
          "text": "Will they wins the game?",
          "explanation": "Will のあとの動詞は原形にします。wins ではなく win です。"
        },
        {
          "text": "Do they will win the game?",
          "explanation": "will の疑問文に Do は使いません。Will を文頭に置きます。"
        },
        {
          "text": "They will win the game?",
          "explanation": "疑問文では Will を文頭に出します。Will they win ...? の形です。"
        }
      ],
      "correctAnswer": "Will they win the game?",
      "tags": {
        "sentenceType": "yesNoQuestion",
        "verbKind": "general"
      }
    },
    {
      "question": "明日は寒いでしょうか？",
      "explanation": "will の疑問文は Will + 主語 + be + 形容詞の形です。",
      "wordMeanings": [
        {
          "word": "Will",
          "meaning": "〜でしょうか"
        },
        {
          "word": "it",
          "meaning": "それ（天気の主語）"
        },
        {
          "word": "be",
          "meaning": "〜である"
        },
        {
          "word": "cold",
          "meaning": "寒い"
        },
        {
          "word": "tomorrow",
          "meaning": "明日"
        }
      ],
      "choices": [
        {
          "text": "Will it be cold tomorrow?",
          "explanation": ""
        },
        {
          "text": "Will it cold tomorrow?",
          "explanation": "Will のあとに be が必要です。cold は形容詞なので be cold の形にします。"
        },
        {
          "text": "Is it will cold tomorrow?",
          "explanation": "will の疑問文は Will を文頭に置きます。Is は不要です。"
        },
        {
          "text": "Will it is cold tomorrow?",
          "explanation": "Will のあとの動詞は原形にします。is ではなく be です。"
        }
      ],
      "correctAnswer": "Will it be cold tomorrow?",
      "tags": {
        "sentenceType": "yesNoQuestion",
        "verbKind": "be"
      }
    },
    {
      "question": "彼女は幸せでしょうか？",
      "explanation": "will の疑問文は Will + 主語 + be + 形容詞の形です。",
      "wordMeanings": [
        {
          "word": "Will",
          "meaning": "〜でしょうか"
        },
        {
          "word": "she",
          "meaning": "彼女"
        },
        {
          "word": "be",
          "meaning": "〜である"
        },
        {
          "word": "happy",
          "meaning": "幸せな"
        }
      ],
      "choices": [
        {
          "text": "Will she be happy?",
          "explanation": ""
        },
        {
          "text": "Will she happy?",
          "explanation": "Will のあとに be が必要です。happy は形容詞なので be happy の形にします。"
        },
        {
          "text": "Is she will happy?",
          "explanation": "will の疑問文は Will を文頭に置きます。Is は不要です。"
        },
        {
          "text": "Will she is happy?",
          "explanation": "Will のあとの動詞は原形にします。is ではなく be です。"
        }
      ],
      "correctAnswer": "Will she be happy?",
      "tags": {
        "sentenceType": "yesNoQuestion",
        "verbKind": "be"
      }
    },
    {
      "question": "彼はパーティーに来るでしょうか？",
      "explanation": "will の疑問文は Will + 主語 + 動詞の原形の形です。",
      "wordMeanings": [
        {
          "word": "Will",
          "meaning": "〜でしょうか"
        },
        {
          "word": "he",
          "meaning": "彼"
        },
        {
          "word": "come",
          "meaning": "来る"
        },
        {
          "word": "to the party",
          "meaning": "パーティーに"
        }
      ],
      "choices": [
        {
          "text": "Will he come to the party?",
          "explanation": ""
        },
        {
          "text": "Will he comes to the party?",
          "explanation": "Will のあとの動詞は原形にします。comes ではなく come です。"
        },
        {
          "text": "Does he will come to the party?",
          "explanation": "will の疑問文に Does は使いません。Will を文頭に置きます。"
        },
        {
          "text": "He will come to the party?",
          "explanation": "疑問文では Will を文頭に出します。Will he come ...? の形です。"
        }
      ],
      "correctAnswer": "Will he come to the party?",
      "tags": {
        "sentenceType": "yesNoQuestion",
        "verbKind": "general"
      }
    },
    {
      "question": "あなたはその歌を歌うでしょうか？",
      "explanation": "will の疑問文は Will + 主語 + 動詞の原形の形です。",
      "wordMeanings": [
        {
          "word": "Will",
          "meaning": "〜でしょうか"
        },
        {
          "word": "you",
          "meaning": "あなた"
        },
        {
          "word": "sing",
          "meaning": "歌う"
        },
        {
          "word": "the song",
          "meaning": "その歌"
        }
      ],
      "choices": [
        {
          "text": "Will you sing the song?",
          "explanation": ""
        },
        {
          "text": "Will you sings the song?",
          "explanation": "Will のあとの動詞は原形にします。sings ではなく sing です。"
        },
        {
          "text": "Do you will sing the song?",
          "explanation": "will の疑問文に Do は使いません。Will を文頭に置きます。"
        },
        {
          "text": "You will sing the song?",
          "explanation": "疑問文では Will を文頭に出します。Will you sing ...? の形です。"
        }
      ],
      "correctAnswer": "Will you sing the song?",
      "tags": {
        "sentenceType": "yesNoQuestion",
        "verbKind": "general"
      }
    },
    {
      "question": "来年、あなたのお母さんは何歳になるでしょうか？",
      "explanation": "「何歳になるでしょうか」は How old + will + 主語 + be の形です。",
      "wordMeanings": [
        {
          "word": "How old",
          "meaning": "何歳"
        },
        {
          "word": "will",
          "meaning": "〜でしょうか"
        },
        {
          "word": "your mother",
          "meaning": "あなたのお母さん"
        },
        {
          "word": "be",
          "meaning": "〜である"
        },
        {
          "word": "next year",
          "meaning": "来年"
        }
      ],
      "choices": [
        {
          "text": "How old will your mother be next year?",
          "explanation": ""
        },
        {
          "text": "How old your mother will be next year?",
          "explanation": "疑問詞のあとは will + 主語の語順にします。How old will your mother be? が正しいです。"
        },
        {
          "text": "How old will your mother next year?",
          "explanation": "文末に be が必要です。How old will your mother be next year? の形にします。"
        },
        {
          "text": "How old will is your mother next year?",
          "explanation": "will のあとの動詞は原形にします。is ではなく be を文末に置きます。"
        }
      ],
      "correctAnswer": "How old will your mother be next year?",
      "tags": {
        "sentenceType": "whQuestion",
        "verbKind": "be",
        "questionWordKind": "how"
      }
    },
    {
      "question": "明日の天気はどうなるでしょうか？",
      "explanation": "「どうなるでしょうか」は How + will + 主語 + be の形です。",
      "wordMeanings": [
        {
          "word": "How",
          "meaning": "どのように"
        },
        {
          "word": "will",
          "meaning": "〜でしょうか"
        },
        {
          "word": "the weather",
          "meaning": "天気"
        },
        {
          "word": "be",
          "meaning": "〜である"
        },
        {
          "word": "tomorrow",
          "meaning": "明日"
        }
      ],
      "choices": [
        {
          "text": "How will the weather be tomorrow?",
          "explanation": ""
        },
        {
          "text": "How the weather will be tomorrow?",
          "explanation": "疑問詞のあとは will + 主語の語順にします。How will the weather be? が正しいです。"
        },
        {
          "text": "What will the weather be tomorrow?",
          "explanation": "「どうなるでしょうか」は How will ... be? の形で表します。この問題では How が正解です。"
        },
        {
          "text": "How will the weather tomorrow?",
          "explanation": "文中に be が必要です。How will the weather be tomorrow? の形にします。"
        }
      ],
      "correctAnswer": "How will the weather be tomorrow?",
      "tags": {
        "sentenceType": "whQuestion",
        "verbKind": "be",
        "questionWordKind": "how"
      }
    },
    {
      "question": "彼女はどこにいるでしょうか？",
      "explanation": "「どこにいるでしょうか」は Where + will + 主語 + be の形です。",
      "wordMeanings": [
        {
          "word": "Where",
          "meaning": "どこに"
        },
        {
          "word": "will",
          "meaning": "〜でしょうか"
        },
        {
          "word": "she",
          "meaning": "彼女"
        },
        {
          "word": "be",
          "meaning": "いる"
        }
      ],
      "choices": [
        {
          "text": "Where will she be?",
          "explanation": ""
        },
        {
          "text": "Where she will be?",
          "explanation": "疑問詞のあとは will + 主語の語順にします。Where will she be? が正しいです。"
        },
        {
          "text": "Where will she?",
          "explanation": "文末に be が必要です。Where will she be? の形にします。"
        },
        {
          "text": "Where will she is?",
          "explanation": "will のあとの動詞は原形にします。is ではなく be です。"
        }
      ],
      "correctAnswer": "Where will she be?",
      "tags": {
        "sentenceType": "whQuestion",
        "verbKind": "be",
        "questionWordKind": "where"
      }
    },
    {
      "question": "彼は何を作るでしょうか？",
      "explanation": "「何を〜するでしょうか」は What + will + 主語 + 動詞の原形の形です。",
      "wordMeanings": [
        {
          "word": "What",
          "meaning": "何を"
        },
        {
          "word": "will",
          "meaning": "〜でしょうか"
        },
        {
          "word": "he",
          "meaning": "彼"
        },
        {
          "word": "make",
          "meaning": "作る"
        }
      ],
      "choices": [
        {
          "text": "What will he make?",
          "explanation": ""
        },
        {
          "text": "What he will make?",
          "explanation": "疑問詞のあとは will + 主語の語順にします。What will he make? が正しいです。"
        },
        {
          "text": "What will he makes?",
          "explanation": "will のあとの動詞は原形にします。makes ではなく make です。"
        },
        {
          "text": "What does he will make?",
          "explanation": "will の疑問文に does は使いません。What will he make? の形です。"
        }
      ],
      "correctAnswer": "What will he make?",
      "tags": {
        "sentenceType": "whQuestion",
        "verbKind": "general",
        "questionWordKind": "what"
      }
    }
  ]
}
