{
  "key": "imperativeLets",
  "displayName": "命令文・Let's",
  "questions": [
    {
      "question": "「ドアを開けなさい。」を英語にしなさい。",
      "explanation": "命令文は動詞の原形で始めます。「open（開ける）＋ the door（ドア）」で「ドアを開けなさい」となります。",
      "wordMeanings": {
        "open": "開ける",
        "the door": "そのドア"
      },
      "choices": [
        {
          "text": "Open the door.",
          "explanation": ""
        },
        {
          "text": "You open the door.",
          "explanation": "命令文に主語の You は不要です。動詞の原形から始めましょう。"
        },
        {
          "text": "Opens the door.",
          "explanation": "命令文では動詞の原形を使います。三人称単数形の -s はつけません。"
        },
        {
          "text": "Opening the door.",
          "explanation": "命令文では動詞の原形を使います。-ing形は使いません。"
        }
      ],
      "correctAnswer": "Open the door.",
      "tags": {
        "sentenceType": "affirmative",
        "verbKind": "none"
      }
    },
    {
      "question": "「立ちなさい。」を英語にしなさい。",
      "explanation": "命令文は動詞の原形で始めます。「stand up」で「立ち上がる」という意味です。",
      "wordMeanings": {
        "stand up": "立ち上がる"
      },
      "choices": [
        {
          "text": "Stand up.",
          "explanation": ""
        },
        {
          "text": "You stand up.",
          "explanation": "命令文に主語の You は不要です。動詞の原形から始めましょう。"
        },
        {
          "text": "Stands up.",
          "explanation": "命令文では動詞の原形を使います。三人称単数形の -s はつけません。"
        },
        {
          "text": "To stand up.",
          "explanation": "命令文では to はつけません。動詞の原形だけで始めます。"
        }
      ],
      "correctAnswer": "Stand up.",
      "tags": {
        "sentenceType": "affirmative",
        "verbKind": "none"
      }
    },
    {
      "question": "「静かにしなさい。」を英語にしなさい。",
      "explanation": "「静かにしなさい」は be動詞の原形を使って Be quiet. と表します。",
      "wordMeanings": {
        "be": "〜である（原形）",
        "quiet": "静かな"
      },
      "choices": [
        {
          "text": "Be quiet.",
          "explanation": ""
        },
        {
          "text": "Are quiet.",
          "explanation": "命令文では be動詞の原形 be を使います。are は使いません。"
        },
        {
          "text": "You are quiet.",
          "explanation": "これは「あなたは静かです」という意味の文で、命令文ではありません。"
        },
        {
          "text": "Quiet be.",
          "explanation": "語順が逆です。命令文は Be quiet. の語順になります。"
        }
      ],
      "correctAnswer": "Be quiet.",
      "tags": {
        "sentenceType": "affirmative",
        "verbKind": "none"
      }
    },
    {
      "question": "「これを見なさい。」を英語にしなさい。",
      "explanation": "「look at ～」で「～を見る」という意味です。命令文なので動詞の原形 look で始めます。",
      "wordMeanings": {
        "look at": "〜を見る",
        "this": "これ"
      },
      "choices": [
        {
          "text": "Look at this.",
          "explanation": ""
        },
        {
          "text": "Looks at this.",
          "explanation": "命令文では動詞の原形を使います。三人称単数形の -s はつけません。"
        },
        {
          "text": "Look this.",
          "explanation": "「look」は「〜を見る」という意味のとき、前置詞 at が必要です。"
        },
        {
          "text": "You look at this.",
          "explanation": "命令文に主語の You は不要です。動詞の原形から始めましょう。"
        }
      ],
      "correctAnswer": "Look at this.",
      "tags": {
        "sentenceType": "affirmative",
        "verbKind": "none"
      }
    },
    {
      "question": "「ここに来なさい。」を英語にしなさい。",
      "explanation": "命令文は動詞の原形で始めます。「come（来る）＋ here（ここに）」です。",
      "wordMeanings": {
        "come": "来る",
        "here": "ここに"
      },
      "choices": [
        {
          "text": "Come here.",
          "explanation": ""
        },
        {
          "text": "Comes here.",
          "explanation": "命令文では動詞の原形を使います。三人称単数形の -s はつけません。"
        },
        {
          "text": "You come here.",
          "explanation": "命令文に主語の You は不要です。動詞の原形から始めましょう。"
        },
        {
          "text": "Come to here.",
          "explanation": "here は副詞なので前置詞 to は不要です。Come here. が正しい形です。"
        }
      ],
      "correctAnswer": "Come here.",
      "tags": {
        "sentenceType": "affirmative",
        "verbKind": "none"
      }
    },
    {
      "question": "「本を読みなさい。」を英語にしなさい。",
      "explanation": "命令文は動詞の原形で始めます。「read（読む）＋ the book（その本）」です。",
      "wordMeanings": {
        "read": "読む",
        "the book": "その本"
      },
      "choices": [
        {
          "text": "Read the book.",
          "explanation": ""
        },
        {
          "text": "Reads the book.",
          "explanation": "命令文では動詞の原形を使います。三人称単数形の -s はつけません。"
        },
        {
          "text": "You read the book.",
          "explanation": "命令文に主語の You は不要です。動詞の原形から始めましょう。"
        },
        {
          "text": "Reading the book.",
          "explanation": "命令文では動詞の原形を使います。-ing形は使いません。"
        }
      ],
      "correctAnswer": "Read the book.",
      "tags": {
        "sentenceType": "affirmative",
        "verbKind": "none"
      }
    },
    {
      "question": "「座りなさい。」を英語にしなさい。",
      "explanation": "命令文は動詞の原形で始めます。「sit down」で「座る」という意味です。",
      "wordMeanings": {
        "sit down": "座る"
      },
      "choices": [
        {
          "text": "Sit down.",
          "explanation": ""
        },
        {
          "text": "Sits down.",
          "explanation": "命令文では動詞の原形を使います。三人称単数形の -s はつけません。"
        },
        {
          "text": "You sit down.",
          "explanation": "命令文に主語の You は不要です。動詞の原形から始めましょう。"
        },
        {
          "text": "Sit down please you.",
          "explanation": "語順が間違いです。please をつける場合は Please sit down. か Sit down, please. です。"
        }
      ],
      "correctAnswer": "Sit down.",
      "tags": {
        "sentenceType": "affirmative",
        "verbKind": "none"
      }
    },
    {
      "question": "「窓を閉めなさい。」を英語にしなさい。",
      "explanation": "命令文は動詞の原形で始めます。「close（閉める）＋ the window（窓）」です。",
      "wordMeanings": {
        "close": "閉める",
        "the window": "その窓"
      },
      "choices": [
        {
          "text": "Close the window.",
          "explanation": ""
        },
        {
          "text": "Closes the window.",
          "explanation": "命令文では動詞の原形を使います。三人称単数形の -s はつけません。"
        },
        {
          "text": "You close the window.",
          "explanation": "命令文に主語の You は不要です。動詞の原形から始めましょう。"
        },
        {
          "text": "To close the window.",
          "explanation": "命令文では to はつけません。動詞の原形だけで始めます。"
        }
      ],
      "correctAnswer": "Close the window.",
      "tags": {
        "sentenceType": "affirmative",
        "verbKind": "none"
      }
    },
    {
      "question": "「気をつけなさい。」を英語にしなさい。",
      "explanation": "「気をつけなさい」は be動詞の原形を使って Be careful. と表します。",
      "wordMeanings": {
        "be": "〜である（原形）",
        "careful": "注意深い"
      },
      "choices": [
        {
          "text": "Be careful.",
          "explanation": ""
        },
        {
          "text": "Are careful.",
          "explanation": "命令文では be動詞の原形 be を使います。are は使いません。"
        },
        {
          "text": "Is careful.",
          "explanation": "命令文では be動詞の原形 be を使います。is は使いません。"
        },
        {
          "text": "You be careful.",
          "explanation": "命令文に主語の You は不要です。Be careful. が正しい形です。"
        }
      ],
      "correctAnswer": "Be careful.",
      "tags": {
        "sentenceType": "affirmative",
        "verbKind": "none"
      }
    },
    {
      "question": "「音楽を聞きなさい。」を英語にしなさい。",
      "explanation": "「listen to ～」で「～を聞く」という意味です。命令文なので動詞の原形 listen で始めます。",
      "wordMeanings": {
        "listen to": "〜を聞く",
        "the music": "その音楽"
      },
      "choices": [
        {
          "text": "Listen to the music.",
          "explanation": ""
        },
        {
          "text": "Listen the music.",
          "explanation": "「listen」は「〜を聞く」という意味のとき、前置詞 to が必要です。"
        },
        {
          "text": "Listens to the music.",
          "explanation": "命令文では動詞の原形を使います。三人称単数形の -s はつけません。"
        },
        {
          "text": "You listen to the music.",
          "explanation": "命令文に主語の You は不要です。動詞の原形から始めましょう。"
        }
      ],
      "correctAnswer": "Listen to the music.",
      "tags": {
        "sentenceType": "affirmative",
        "verbKind": "none"
      }
    },
    {
      "question": "「ここで走ってはいけません。」を英語にしなさい。",
      "explanation": "否定の命令文は「Don't ＋ 動詞の原形」で作ります。「run（走る）＋ here（ここで）」です。",
      "wordMeanings": {
        "Don't": "〜してはいけない",
        "run": "走る",
        "here": "ここで"
      },
      "choices": [
        {
          "text": "Don't run here.",
          "explanation": ""
        },
        {
          "text": "Not run here.",
          "explanation": "否定の命令文は Don't で始めます。Not だけでは正しい否定命令文になりません。"
        },
        {
          "text": "Don't runs here.",
          "explanation": "Don't の後は動詞の原形を使います。三人称単数形の -s はつけません。"
        },
        {
          "text": "You don't run here.",
          "explanation": "命令文に主語の You は不要です。Don't run here. が正しい形です。"
        }
      ],
      "correctAnswer": "Don't run here.",
      "tags": {
        "sentenceType": "negative",
        "verbKind": "none"
      }
    },
    {
      "question": "「話してはいけません。」を英語にしなさい。",
      "explanation": "否定の命令文は「Don't ＋ 動詞の原形」で作ります。talk は「話す」です。",
      "wordMeanings": {
        "Don't": "〜してはいけない",
        "talk": "話す"
      },
      "choices": [
        {
          "text": "Don't talk.",
          "explanation": ""
        },
        {
          "text": "Not talk.",
          "explanation": "否定の命令文は Don't で始めます。Not だけでは正しい否定命令文になりません。"
        },
        {
          "text": "Don't talks.",
          "explanation": "Don't の後は動詞の原形を使います。三人称単数形の -s はつけません。"
        },
        {
          "text": "No talk.",
          "explanation": "否定の命令文は Don't で始めます。No だけでは正しい否定命令文になりません。"
        }
      ],
      "correctAnswer": "Don't talk.",
      "tags": {
        "sentenceType": "negative",
        "verbKind": "none"
      }
    },
    {
      "question": "「遅れてはいけません。」を英語にしなさい。",
      "explanation": "否定の命令文は「Don't ＋ 動詞の原形」で作ります。be動詞の原形 be を使って「遅れてはいけない」と表します。",
      "wordMeanings": {
        "Don't": "〜してはいけない",
        "be": "〜である（原形）",
        "late": "遅い"
      },
      "choices": [
        {
          "text": "Don't be late.",
          "explanation": ""
        },
        {
          "text": "Not be late.",
          "explanation": "否定の命令文は Don't で始めます。Not だけでは正しい否定命令文になりません。"
        },
        {
          "text": "Don't late.",
          "explanation": "「遅い」は形容詞なので、be動詞の原形 be が必要です。Don't be late. が正しい形です。"
        },
        {
          "text": "Don't are late.",
          "explanation": "Don't の後は動詞の原形を使います。are ではなく be を使いましょう。"
        }
      ],
      "correctAnswer": "Don't be late.",
      "tags": {
        "sentenceType": "negative",
        "verbKind": "none"
      }
    },
    {
      "question": "「それに触ってはいけません。」を英語にしなさい。",
      "explanation": "否定の命令文は「Don't ＋ 動詞の原形」で作ります。「touch（触る）＋ that（それ）」です。",
      "wordMeanings": {
        "Don't": "〜してはいけない",
        "touch": "触る",
        "that": "それ"
      },
      "choices": [
        {
          "text": "Don't touch that.",
          "explanation": ""
        },
        {
          "text": "Not touch that.",
          "explanation": "否定の命令文は Don't で始めます。Not だけでは正しい否定命令文になりません。"
        },
        {
          "text": "Don't touches that.",
          "explanation": "Don't の後は動詞の原形を使います。三人称単数形の -s はつけません。"
        },
        {
          "text": "You don't touch that.",
          "explanation": "命令文に主語の You は不要です。Don't touch that. が正しい形です。"
        }
      ],
      "correctAnswer": "Don't touch that.",
      "tags": {
        "sentenceType": "negative",
        "verbKind": "none"
      }
    },
    {
      "question": "「窓を開けてはいけません。」を英語にしなさい。",
      "explanation": "否定の命令文は「Don't ＋ 動詞の原形」で作ります。「open（開ける）＋ the window（窓）」です。",
      "wordMeanings": {
        "Don't": "〜してはいけない",
        "open": "開ける",
        "the window": "その窓"
      },
      "choices": [
        {
          "text": "Don't open the window.",
          "explanation": ""
        },
        {
          "text": "Not open the window.",
          "explanation": "否定の命令文は Don't で始めます。Not だけでは正しい否定命令文になりません。"
        },
        {
          "text": "Don't opens the window.",
          "explanation": "Don't の後は動詞の原形を使います。三人称単数形の -s はつけません。"
        },
        {
          "text": "Don't opening the window.",
          "explanation": "Don't の後は動詞の原形を使います。-ing形は使いません。"
        }
      ],
      "correctAnswer": "Don't open the window.",
      "tags": {
        "sentenceType": "negative",
        "verbKind": "none"
      }
    },
    {
      "question": "「教室で食べてはいけません。」を英語にしなさい。",
      "explanation": "否定の命令文は「Don't ＋ 動詞の原形」で作ります。「eat（食べる）＋ in the classroom（教室で）」です。",
      "wordMeanings": {
        "Don't": "〜してはいけない",
        "eat": "食べる",
        "in the classroom": "教室で"
      },
      "choices": [
        {
          "text": "Don't eat in the classroom.",
          "explanation": ""
        },
        {
          "text": "Not eat in the classroom.",
          "explanation": "否定の命令文は Don't で始めます。Not だけでは正しい否定命令文になりません。"
        },
        {
          "text": "Don't eats in the classroom.",
          "explanation": "Don't の後は動詞の原形を使います。三人称単数形の -s はつけません。"
        },
        {
          "text": "You don't eat in the classroom.",
          "explanation": "命令文に主語の You は不要です。Don't eat in the classroom. が正しい形です。"
        }
      ],
      "correctAnswer": "Don't eat in the classroom.",
      "tags": {
        "sentenceType": "negative",
        "verbKind": "none"
      }
    },
    {
      "question": "「ここで止まってはいけません。」を英語にしなさい。",
      "explanation": "否定の命令文は「Don't ＋ 動詞の原形」で作ります。「stop（止まる）＋ here（ここで）」です。",
      "wordMeanings": {
        "Don't": "〜してはいけない",
        "stop": "止まる",
        "here": "ここで"
      },
      "choices": [
        {
          "text": "Don't stop here.",
          "explanation": ""
        },
        {
          "text": "Not stop here.",
          "explanation": "否定の命令文は Don't で始めます。Not だけでは正しい否定命令文になりません。"
        },
        {
          "text": "Don't stops here.",
          "explanation": "Don't の後は動詞の原形を使います。三人称単数形の -s はつけません。"
        },
        {
          "text": "No stop here.",
          "explanation": "否定の命令文は Don't で始めます。No だけでは正しい否定命令文になりません。"
        }
      ],
      "correctAnswer": "Don't stop here.",
      "tags": {
        "sentenceType": "negative",
        "verbKind": "none"
      }
    },
    {
      "question": "「あそこへ行ってはいけません。」を英語にしなさい。",
      "explanation": "否定の命令文は「Don't ＋ 動詞の原形」で作ります。「go（行く）＋ there（あそこへ）」です。",
      "wordMeanings": {
        "Don't": "〜してはいけない",
        "go": "行く",
        "there": "あそこへ"
      },
      "choices": [
        {
          "text": "Don't go there.",
          "explanation": ""
        },
        {
          "text": "Not go there.",
          "explanation": "否定の命令文は Don't で始めます。Not だけでは正しい否定命令文になりません。"
        },
        {
          "text": "Don't goes there.",
          "explanation": "Don't の後は動詞の原形を使います。三人称単数形の -s はつけません。"
        },
        {
          "text": "Don't to go there.",
          "explanation": "Don't の後は動詞の原形をそのまま置きます。to は不要です。"
        }
      ],
      "correctAnswer": "Don't go there.",
      "tags": {
        "sentenceType": "negative",
        "verbKind": "none"
      }
    },
    {
      "question": "「部屋で走ってはいけません。」を英語にしなさい。",
      "explanation": "否定の命令文は「Don't ＋ 動詞の原形」で作ります。「run（走る）＋ in the room（部屋で）」です。",
      "wordMeanings": {
        "Don't": "〜してはいけない",
        "run": "走る",
        "in the room": "部屋で"
      },
      "choices": [
        {
          "text": "Don't run in the room.",
          "explanation": ""
        },
        {
          "text": "Not run in the room.",
          "explanation": "否定の命令文は Don't で始めます。Not だけでは正しい否定命令文になりません。"
        },
        {
          "text": "Don't running in the room.",
          "explanation": "Don't の後は動詞の原形を使います。-ing形は使いません。"
        },
        {
          "text": "You don't run in the room.",
          "explanation": "命令文に主語の You は不要です。Don't run in the room. が正しい形です。"
        }
      ],
      "correctAnswer": "Don't run in the room.",
      "tags": {
        "sentenceType": "negative",
        "verbKind": "none"
      }
    },
    {
      "question": "「ここで泳いではいけません。」を英語にしなさい。",
      "explanation": "否定の命令文は「Don't ＋ 動詞の原形」で作ります。「swim（泳ぐ）＋ here（ここで）」です。",
      "wordMeanings": {
        "Don't": "〜してはいけない",
        "swim": "泳ぐ",
        "here": "ここで"
      },
      "choices": [
        {
          "text": "Don't swim here.",
          "explanation": ""
        },
        {
          "text": "Not swim here.",
          "explanation": "否定の命令文は Don't で始めます。Not だけでは正しい否定命令文になりません。"
        },
        {
          "text": "Don't swims here.",
          "explanation": "Don't の後は動詞の原形を使います。三人称単数形の -s はつけません。"
        },
        {
          "text": "Don't swimming here.",
          "explanation": "Don't の後は動詞の原形を使います。-ing形は使いません。"
        }
      ],
      "correctAnswer": "Don't swim here.",
      "tags": {
        "sentenceType": "negative",
        "verbKind": "none"
      }
    },
    {
      "question": "「テニスをしましょう。」を英語にしなさい。",
      "explanation": "「Let's ＋ 動詞の原形」で「〜しましょう」と提案する文を作ります。",
      "wordMeanings": {
        "Let's": "〜しましょう",
        "play": "する・遊ぶ",
        "tennis": "テニス"
      },
      "choices": [
        {
          "text": "Let's play tennis.",
          "explanation": ""
        },
        {
          "text": "Let's to play tennis.",
          "explanation": "Let's の後は動詞の原形をそのまま置きます。to は不要です。"
        },
        {
          "text": "Let's plays tennis.",
          "explanation": "Let's の後は動詞の原形を使います。三人称単数形の -s はつけません。"
        },
        {
          "text": "We let's play tennis.",
          "explanation": "Let's の前に主語の We は不要です。Let's にはすでに「私たちが」の意味が含まれています。"
        }
      ],
      "correctAnswer": "Let's play tennis.",
      "tags": {
        "sentenceType": "affirmative",
        "verbKind": "none"
      }
    },
    {
      "question": "「公園に行きましょう。」を英語にしなさい。",
      "explanation": "「Let's ＋ 動詞の原形」で「〜しましょう」と提案する文を作ります。「go to ～」で「～に行く」です。",
      "wordMeanings": {
        "Let's": "〜しましょう",
        "go to": "〜に行く",
        "the park": "公園"
      },
      "choices": [
        {
          "text": "Let's go to the park.",
          "explanation": ""
        },
        {
          "text": "Let's to go to the park.",
          "explanation": "Let's の後は動詞の原形をそのまま置きます。to は不要です。"
        },
        {
          "text": "Let's goes to the park.",
          "explanation": "Let's の後は動詞の原形を使います。三人称単数形の -s はつけません。"
        },
        {
          "text": "We let's go to the park.",
          "explanation": "Let's の前に主語の We は不要です。Let's にはすでに「私たちが」の意味が含まれています。"
        }
      ],
      "correctAnswer": "Let's go to the park.",
      "tags": {
        "sentenceType": "affirmative",
        "verbKind": "none"
      }
    },
    {
      "question": "「昼食を食べましょう。」を英語にしなさい。",
      "explanation": "「Let's ＋ 動詞の原形」で「〜しましょう」と提案する文を作ります。「eat（食べる）＋ lunch（昼食）」です。",
      "wordMeanings": {
        "Let's": "〜しましょう",
        "eat": "食べる",
        "lunch": "昼食"
      },
      "choices": [
        {
          "text": "Let's eat lunch.",
          "explanation": ""
        },
        {
          "text": "Let's to eat lunch.",
          "explanation": "Let's の後は動詞の原形をそのまま置きます。to は不要です。"
        },
        {
          "text": "Let's eats lunch.",
          "explanation": "Let's の後は動詞の原形を使います。三人称単数形の -s はつけません。"
        },
        {
          "text": "Let's eating lunch.",
          "explanation": "Let's の後は動詞の原形を使います。-ing形は使いません。"
        }
      ],
      "correctAnswer": "Let's eat lunch.",
      "tags": {
        "sentenceType": "affirmative",
        "verbKind": "none"
      }
    },
    {
      "question": "「一緒に勉強しましょう。」を英語にしなさい。",
      "explanation": "「Let's ＋ 動詞の原形」で「〜しましょう」と提案する文を作ります。「study（勉強する）＋ together（一緒に）」です。",
      "wordMeanings": {
        "Let's": "〜しましょう",
        "study": "勉強する",
        "together": "一緒に"
      },
      "choices": [
        {
          "text": "Let's study together.",
          "explanation": ""
        },
        {
          "text": "Let's to study together.",
          "explanation": "Let's の後は動詞の原形をそのまま置きます。to は不要です。"
        },
        {
          "text": "Let's studies together.",
          "explanation": "Let's の後は動詞の原形を使います。三人称単数形の -s はつけません。"
        },
        {
          "text": "We let's study together.",
          "explanation": "Let's の前に主語の We は不要です。Let's にはすでに「私たちが」の意味が含まれています。"
        }
      ],
      "correctAnswer": "Let's study together.",
      "tags": {
        "sentenceType": "affirmative",
        "verbKind": "none"
      }
    },
    {
      "question": "「歌いましょう。」を英語にしなさい。",
      "explanation": "「Let's ＋ 動詞の原形」で「〜しましょう」と提案する文を作ります。sing は「歌う」です。",
      "wordMeanings": {
        "Let's": "〜しましょう",
        "sing": "歌う"
      },
      "choices": [
        {
          "text": "Let's sing.",
          "explanation": ""
        },
        {
          "text": "Let's to sing.",
          "explanation": "Let's の後は動詞の原形をそのまま置きます。to は不要です。"
        },
        {
          "text": "Let's sings.",
          "explanation": "Let's の後は動詞の原形を使います。三人称単数形の -s はつけません。"
        },
        {
          "text": "Let's singing.",
          "explanation": "Let's の後は動詞の原形を使います。-ing形は使いません。"
        }
      ],
      "correctAnswer": "Let's sing.",
      "tags": {
        "sentenceType": "affirmative",
        "verbKind": "none"
      }
    },
    {
      "question": "「学校へ歩いて行きましょう。」を英語にしなさい。",
      "explanation": "「Let's ＋ 動詞の原形」で「〜しましょう」と提案する文を作ります。「walk to ～」で「～へ歩いて行く」です。",
      "wordMeanings": {
        "Let's": "〜しましょう",
        "walk": "歩く",
        "to school": "学校へ"
      },
      "choices": [
        {
          "text": "Let's walk to school.",
          "explanation": ""
        },
        {
          "text": "Let's to walk to school.",
          "explanation": "Let's の後は動詞の原形をそのまま置きます。to は不要です。"
        },
        {
          "text": "Let's walks to school.",
          "explanation": "Let's の後は動詞の原形を使います。三人称単数形の -s はつけません。"
        },
        {
          "text": "We let's walk to school.",
          "explanation": "Let's の前に主語の We は不要です。Let's にはすでに「私たちが」の意味が含まれています。"
        }
      ],
      "correctAnswer": "Let's walk to school.",
      "tags": {
        "sentenceType": "affirmative",
        "verbKind": "none"
      }
    },
    {
      "question": "「部屋を掃除しましょう。」を英語にしなさい。",
      "explanation": "「Let's ＋ 動詞の原形」で「〜しましょう」と提案する文を作ります。「clean（掃除する）＋ the room（部屋）」です。",
      "wordMeanings": {
        "Let's": "〜しましょう",
        "clean": "掃除する",
        "the room": "その部屋"
      },
      "choices": [
        {
          "text": "Let's clean the room.",
          "explanation": ""
        },
        {
          "text": "Let's to clean the room.",
          "explanation": "Let's の後は動詞の原形をそのまま置きます。to は不要です。"
        },
        {
          "text": "Let's cleans the room.",
          "explanation": "Let's の後は動詞の原形を使います。三人称単数形の -s はつけません。"
        },
        {
          "text": "Let's cleaning the room.",
          "explanation": "Let's の後は動詞の原形を使います。-ing形は使いません。"
        }
      ],
      "correctAnswer": "Let's clean the room.",
      "tags": {
        "sentenceType": "affirmative",
        "verbKind": "none"
      }
    },
    {
      "question": "「一緒に家に帰りましょう。」を英語にしなさい。",
      "explanation": "「Let's ＋ 動詞の原形」で「〜しましょう」と提案する文を作ります。「go home（家に帰る）＋ together（一緒に）」です。",
      "wordMeanings": {
        "Let's": "〜しましょう",
        "go home": "家に帰る",
        "together": "一緒に"
      },
      "choices": [
        {
          "text": "Let's go home together.",
          "explanation": ""
        },
        {
          "text": "Let's to go home together.",
          "explanation": "Let's の後は動詞の原形をそのまま置きます。to は不要です。"
        },
        {
          "text": "Let's goes home together.",
          "explanation": "Let's の後は動詞の原形を使います。三人称単数形の -s はつけません。"
        },
        {
          "text": "We let's go home together.",
          "explanation": "Let's の前に主語の We は不要です。Let's にはすでに「私たちが」の意味が含まれています。"
        }
      ],
      "correctAnswer": "Let's go home together.",
      "tags": {
        "sentenceType": "affirmative",
        "verbKind": "none"
      }
    },
    {
      "question": "「サッカーをしましょう。」を英語にしなさい。",
      "explanation": "「Let's ＋ 動詞の原形」で「〜しましょう」と提案する文を作ります。「play（する）＋ soccer（サッカー）」です。",
      "wordMeanings": {
        "Let's": "〜しましょう",
        "play": "する・遊ぶ",
        "soccer": "サッカー"
      },
      "choices": [
        {
          "text": "Let's play soccer.",
          "explanation": ""
        },
        {
          "text": "Let's to play soccer.",
          "explanation": "Let's の後は動詞の原形をそのまま置きます。to は不要です。"
        },
        {
          "text": "Let's plays soccer.",
          "explanation": "Let's の後は動詞の原形を使います。三人称単数形の -s はつけません。"
        },
        {
          "text": "We let's play soccer.",
          "explanation": "Let's の前に主語の We は不要です。Let's にはすでに「私たちが」の意味が含まれています。"
        }
      ],
      "correctAnswer": "Let's play soccer.",
      "tags": {
        "sentenceType": "affirmative",
        "verbKind": "none"
      }
    },
    {
      "question": "「水を飲みましょう。」を英語にしなさい。",
      "explanation": "「Let's ＋ 動詞の原形」で「〜しましょう」と提案する文を作ります。「drink（飲む）＋ water（水）」です。",
      "wordMeanings": {
        "Let's": "〜しましょう",
        "drink": "飲む",
        "water": "水"
      },
      "choices": [
        {
          "text": "Let's drink water.",
          "explanation": ""
        },
        {
          "text": "Let's to drink water.",
          "explanation": "Let's の後は動詞の原形をそのまま置きます。to は不要です。"
        },
        {
          "text": "Let's drinks water.",
          "explanation": "Let's の後は動詞の原形を使います。三人称単数形の -s はつけません。"
        },
        {
          "text": "We let's drink water.",
          "explanation": "Let's の前に主語の We は不要です。Let's にはすでに「私たちが」の意味が含まれています。"
        }
      ],
      "correctAnswer": "Let's drink water.",
      "tags": {
        "sentenceType": "affirmative",
        "verbKind": "none"
      }
    }
  ]
}
