{
  "key": "past",
  "displayName": "過去",
  "questions": [
    {
      "question": "私は昨日忙しかったです。",
      "explanation": "主語が I のときは was を使います。",
      "wordMeanings": {
        "I": "私",
        "was": "〜でした",
        "busy": "忙しい",
        "yesterday": "昨日"
      },
      "choices": [
        {
          "text": "I was busy yesterday.",
          "explanation": ""
        },
        {
          "text": "I were busy yesterday.",
          "explanation": "I のときは were ではなく was を使います。"
        },
        {
          "text": "I am busy yesterday.",
          "explanation": "yesterday があるので過去形 was にします。am は現在形です。"
        },
        {
          "text": "I did busy yesterday.",
          "explanation": "busy は形容詞なので did は使いません。be動詞の過去形 was を使います。"
        }
      ],
      "correctAnswer": "I was busy yesterday.",
      "tags": {
        "sentenceType": "affirmative",
        "verbKind": "be"
      }
    },
    {
      "question": "彼女は先週病気でした。",
      "explanation": "主語が She のときは was を使います。",
      "wordMeanings": {
        "She": "彼女",
        "was": "〜でした",
        "sick": "病気の",
        "last week": "先週"
      },
      "choices": [
        {
          "text": "She was sick last week.",
          "explanation": ""
        },
        {
          "text": "She were sick last week.",
          "explanation": "She のときは were ではなく was を使います。"
        },
        {
          "text": "She is sick last week.",
          "explanation": "last week があるので過去形 was にします。is は現在形です。"
        },
        {
          "text": "She did sick last week.",
          "explanation": "sick は形容詞なので did は使いません。be動詞の過去形 was を使います。"
        }
      ],
      "correctAnswer": "She was sick last week.",
      "tags": {
        "sentenceType": "affirmative",
        "verbKind": "be"
      }
    },
    {
      "question": "彼らは昨日幸せでした。",
      "explanation": "主語が They のときは were を使います。",
      "wordMeanings": {
        "They": "彼ら",
        "were": "〜でした",
        "happy": "幸せな",
        "yesterday": "昨日"
      },
      "choices": [
        {
          "text": "They were happy yesterday.",
          "explanation": ""
        },
        {
          "text": "They was happy yesterday.",
          "explanation": "They のときは was ではなく were を使います。"
        },
        {
          "text": "They are happy yesterday.",
          "explanation": "yesterday があるので過去形 were にします。are は現在形です。"
        },
        {
          "text": "They did happy yesterday.",
          "explanation": "happy は形容詞なので did は使いません。be動詞の過去形 were を使います。"
        }
      ],
      "correctAnswer": "They were happy yesterday.",
      "tags": {
        "sentenceType": "affirmative",
        "verbKind": "be"
      }
    },
    {
      "question": "あなたは昨日疲れていました。",
      "explanation": "主語が You のときは were を使います。",
      "wordMeanings": {
        "You": "あなた",
        "were": "〜でした",
        "tired": "疲れた",
        "yesterday": "昨日"
      },
      "choices": [
        {
          "text": "You were tired yesterday.",
          "explanation": ""
        },
        {
          "text": "You was tired yesterday.",
          "explanation": "You のときは was ではなく were を使います。"
        },
        {
          "text": "You are tired yesterday.",
          "explanation": "yesterday があるので過去形 were にします。are は現在形です。"
        },
        {
          "text": "You did tired yesterday.",
          "explanation": "tired は形容詞なので did は使いません。be動詞の過去形 were を使います。"
        }
      ],
      "correctAnswer": "You were tired yesterday.",
      "tags": {
        "sentenceType": "affirmative",
        "verbKind": "be"
      }
    },
    {
      "question": "私は昨日テニスをしました。",
      "explanation": "play の過去形は played です。",
      "wordMeanings": {
        "I": "私",
        "played": "〜をした",
        "tennis": "テニス",
        "yesterday": "昨日"
      },
      "choices": [
        {
          "text": "I played tennis yesterday.",
          "explanation": ""
        },
        {
          "text": "I play tennis yesterday.",
          "explanation": "yesterday があるので過去形 played にします。play は現在形です。"
        },
        {
          "text": "I was play tennis yesterday.",
          "explanation": "一般動詞の過去形に was は不要です。played だけで表します。"
        },
        {
          "text": "I did played tennis yesterday.",
          "explanation": "did を使う場合は動詞を原形にしますが、ここでは played だけで正しい過去形です。"
        }
      ],
      "correctAnswer": "I played tennis yesterday.",
      "tags": {
        "sentenceType": "affirmative",
        "verbKind": "general"
      }
    },
    {
      "question": "彼は昨日英語を勉強しました。",
      "explanation": "study の過去形は studied です。",
      "wordMeanings": {
        "He": "彼",
        "studied": "勉強した",
        "English": "英語",
        "yesterday": "昨日"
      },
      "choices": [
        {
          "text": "He studied English yesterday.",
          "explanation": ""
        },
        {
          "text": "He studyed English yesterday.",
          "explanation": "study の過去形は studyed ではなく studied です。y を i に変えて ed をつけます。"
        },
        {
          "text": "He studies English yesterday.",
          "explanation": "yesterday があるので過去形 studied にします。studies は現在形です。"
        },
        {
          "text": "He was studied English yesterday.",
          "explanation": "一般動詞の過去形に was は不要です。studied だけで表します。"
        }
      ],
      "correctAnswer": "He studied English yesterday.",
      "tags": {
        "sentenceType": "affirmative",
        "verbKind": "general"
      }
    },
    {
      "question": "私たちは先週公園に行きました。",
      "explanation": "go の過去形は went（不規則変化）です。",
      "wordMeanings": {
        "We": "私たち",
        "went": "行った",
        "to the park": "公園に",
        "last week": "先週"
      },
      "choices": [
        {
          "text": "We went to the park last week.",
          "explanation": ""
        },
        {
          "text": "We goed to the park last week.",
          "explanation": "go の過去形は goed ではなく went です。不規則変化動詞です。"
        },
        {
          "text": "We go to the park last week.",
          "explanation": "last week があるので過去形 went にします。go は現在形です。"
        },
        {
          "text": "We were go to the park last week.",
          "explanation": "一般動詞の過去形に were は不要です。went だけで表します。"
        }
      ],
      "correctAnswer": "We went to the park last week.",
      "tags": {
        "sentenceType": "affirmative",
        "verbKind": "general"
      }
    },
    {
      "question": "彼女は今朝朝食を食べました。",
      "explanation": "have の過去形は had です。",
      "wordMeanings": {
        "She": "彼女",
        "had": "食べた",
        "breakfast": "朝食",
        "this morning": "今朝"
      },
      "choices": [
        {
          "text": "She had breakfast this morning.",
          "explanation": ""
        },
        {
          "text": "She haved breakfast this morning.",
          "explanation": "have の過去形は haved ではなく had です。不規則変化動詞です。"
        },
        {
          "text": "She has breakfast this morning.",
          "explanation": "this morning（今朝）は過去を表すので、過去形 had にします。"
        },
        {
          "text": "She was have breakfast this morning.",
          "explanation": "一般動詞の過去形に was は不要です。had だけで表します。"
        }
      ],
      "correctAnswer": "She had breakfast this morning.",
      "tags": {
        "sentenceType": "affirmative",
        "verbKind": "general"
      }
    },
    {
      "question": "彼は昨夜テレビを見ました。",
      "explanation": "watch の過去形は watched です。",
      "wordMeanings": {
        "He": "彼",
        "watched": "見た",
        "TV": "テレビ",
        "last night": "昨夜"
      },
      "choices": [
        {
          "text": "He watched TV last night.",
          "explanation": ""
        },
        {
          "text": "He watch TV last night.",
          "explanation": "last night があるので過去形 watched にします。watch は現在形です。"
        },
        {
          "text": "He was watch TV last night.",
          "explanation": "一般動詞の過去形に was は不要です。watched だけで表します。"
        },
        {
          "text": "He watches TV last night.",
          "explanation": "last night があるので過去形 watched にします。watches は現在形です。"
        }
      ],
      "correctAnswer": "He watched TV last night.",
      "tags": {
        "sentenceType": "affirmative",
        "verbKind": "general"
      }
    },
    {
      "question": "私は2日前に本を読みました。",
      "explanation": "read の過去形も read（発音はレッド）です。",
      "wordMeanings": {
        "I": "私",
        "read": "読んだ",
        "a book": "本を",
        "two days ago": "2日前に"
      },
      "choices": [
        {
          "text": "I read a book two days ago.",
          "explanation": ""
        },
        {
          "text": "I readed a book two days ago.",
          "explanation": "read の過去形は readed ではなく read です。不規則変化動詞です。"
        },
        {
          "text": "I was read a book two days ago.",
          "explanation": "一般動詞の過去形に was は不要です。read だけで表します。"
        },
        {
          "text": "I reading a book two days ago.",
          "explanation": "reading は現在分詞です。過去形は read を使います。"
        }
      ],
      "correctAnswer": "I read a book two days ago.",
      "tags": {
        "sentenceType": "affirmative",
        "verbKind": "general"
      }
    },
    {
      "question": "私は昨日忙しくなかったです。",
      "explanation": "be動詞の過去形の否定文は was not を使います。",
      "wordMeanings": {
        "I": "私",
        "was not": "〜ではなかった",
        "busy": "忙しい",
        "yesterday": "昨日"
      },
      "choices": [
        {
          "text": "I was not busy yesterday.",
          "explanation": ""
        },
        {
          "text": "I were not busy yesterday.",
          "explanation": "I のときは were ではなく was を使います。"
        },
        {
          "text": "I did not busy yesterday.",
          "explanation": "busy は形容詞なので did not は使いません。was not を使います。"
        },
        {
          "text": "I not was busy yesterday.",
          "explanation": "語順が違います。was not の順番が正しいです。"
        }
      ],
      "correctAnswer": "I was not busy yesterday.",
      "tags": {
        "sentenceType": "negative",
        "verbKind": "be"
      }
    },
    {
      "question": "彼らは昨日学校にいませんでした。",
      "explanation": "主語が They のときは were not を使います。",
      "wordMeanings": {
        "They": "彼ら",
        "were not": "〜にいなかった",
        "at school": "学校に",
        "yesterday": "昨日"
      },
      "choices": [
        {
          "text": "They were not at school yesterday.",
          "explanation": ""
        },
        {
          "text": "They was not at school yesterday.",
          "explanation": "They のときは was ではなく were を使います。"
        },
        {
          "text": "They did not at school yesterday.",
          "explanation": "「学校にいた」は be動詞を使うので、did not ではなく were not です。"
        },
        {
          "text": "They not were at school yesterday.",
          "explanation": "語順が違います。were not の順番が正しいです。"
        }
      ],
      "correctAnswer": "They were not at school yesterday.",
      "tags": {
        "sentenceType": "negative",
        "verbKind": "be"
      }
    },
    {
      "question": "彼は先週忙しくなかったです。",
      "explanation": "主語が He のときは was not を使います。",
      "wordMeanings": {
        "He": "彼",
        "was not": "〜ではなかった",
        "busy": "忙しい",
        "last week": "先週"
      },
      "choices": [
        {
          "text": "He was not busy last week.",
          "explanation": ""
        },
        {
          "text": "He were not busy last week.",
          "explanation": "He のときは were ではなく was を使います。"
        },
        {
          "text": "He did not busy last week.",
          "explanation": "busy は形容詞なので did not は使いません。was not を使います。"
        },
        {
          "text": "He is not busy last week.",
          "explanation": "last week があるので過去形 was not にします。is not は現在形です。"
        }
      ],
      "correctAnswer": "He was not busy last week.",
      "tags": {
        "sentenceType": "negative",
        "verbKind": "be"
      }
    },
    {
      "question": "私は昨日サッカーをしませんでした。",
      "explanation": "一般動詞の過去の否定文は did not + 動詞の原形です。",
      "wordMeanings": {
        "I": "私",
        "did not": "〜しなかった",
        "play": "する",
        "soccer": "サッカー",
        "yesterday": "昨日"
      },
      "choices": [
        {
          "text": "I did not play soccer yesterday.",
          "explanation": ""
        },
        {
          "text": "I did not played soccer yesterday.",
          "explanation": "did not のあとは原形です。played ではなく play にします。"
        },
        {
          "text": "I was not play soccer yesterday.",
          "explanation": "一般動詞の否定文に was not は使いません。did not + 原形です。"
        },
        {
          "text": "I not played soccer yesterday.",
          "explanation": "否定文には did not が必要です。not だけではいけません。"
        }
      ],
      "correctAnswer": "I did not play soccer yesterday.",
      "tags": {
        "sentenceType": "negative",
        "verbKind": "general"
      }
    },
    {
      "question": "彼女は昨夜音楽を聴きませんでした。",
      "explanation": "一般動詞の過去の否定文は did not + 動詞の原形です。",
      "wordMeanings": {
        "She": "彼女",
        "did not": "〜しなかった",
        "listen to": "〜を聴く",
        "music": "音楽",
        "last night": "昨夜"
      },
      "choices": [
        {
          "text": "She did not listen to music last night.",
          "explanation": ""
        },
        {
          "text": "She did not listened to music last night.",
          "explanation": "did not のあとは原形です。listened ではなく listen にします。"
        },
        {
          "text": "She was not listen to music last night.",
          "explanation": "一般動詞の否定文に was not は使いません。did not + 原形です。"
        },
        {
          "text": "She not did listen to music last night.",
          "explanation": "語順が違います。did not の順番が正しいです。"
        }
      ],
      "correctAnswer": "She did not listen to music last night.",
      "tags": {
        "sentenceType": "negative",
        "verbKind": "general"
      }
    },
    {
      "question": "彼は昨日学校に行きませんでした。",
      "explanation": "一般動詞の過去の否定文は did not + 動詞の原形です。go が原形です。",
      "wordMeanings": {
        "He": "彼",
        "did not": "〜しなかった",
        "go": "行く",
        "to school": "学校へ",
        "yesterday": "昨日"
      },
      "choices": [
        {
          "text": "He did not go to school yesterday.",
          "explanation": ""
        },
        {
          "text": "He did not went to school yesterday.",
          "explanation": "did not のあとは原形です。went ではなく go にします。"
        },
        {
          "text": "He was not go to school yesterday.",
          "explanation": "一般動詞の否定文に was not は使いません。did not + 原形です。"
        },
        {
          "text": "He does not go to school yesterday.",
          "explanation": "yesterday があるので過去形にします。does not は現在形です。"
        }
      ],
      "correctAnswer": "He did not go to school yesterday.",
      "tags": {
        "sentenceType": "negative",
        "verbKind": "general"
      }
    },
    {
      "question": "私たちは先週の日曜日に料理をしませんでした。",
      "explanation": "一般動詞の過去の否定文は did not + 動詞の原形です。",
      "wordMeanings": {
        "We": "私たち",
        "did not": "〜しなかった",
        "cook": "料理する",
        "last Sunday": "先週の日曜日"
      },
      "choices": [
        {
          "text": "We did not cook last Sunday.",
          "explanation": ""
        },
        {
          "text": "We did not cooked last Sunday.",
          "explanation": "did not のあとは原形です。cooked ではなく cook にします。"
        },
        {
          "text": "We were not cook last Sunday.",
          "explanation": "一般動詞の否定文に were not は使いません。did not + 原形です。"
        },
        {
          "text": "We not cooked last Sunday.",
          "explanation": "否定文には did not が必要です。not だけではいけません。"
        }
      ],
      "correctAnswer": "We did not cook last Sunday.",
      "tags": {
        "sentenceType": "negative",
        "verbKind": "general"
      }
    },
    {
      "question": "彼らは昨日宿題をしませんでした。",
      "explanation": "一般動詞の過去の否定文は did not + 動詞の原形です。do が原形です。",
      "wordMeanings": {
        "They": "彼ら",
        "did not": "〜しなかった",
        "do": "する",
        "homework": "宿題",
        "yesterday": "昨日"
      },
      "choices": [
        {
          "text": "They did not do homework yesterday.",
          "explanation": ""
        },
        {
          "text": "They did not did homework yesterday.",
          "explanation": "did not のあとは原形 do です。did ではなく do にします。"
        },
        {
          "text": "They were not do homework yesterday.",
          "explanation": "一般動詞の否定文に were not は使いません。did not + 原形です。"
        },
        {
          "text": "They do not homework yesterday.",
          "explanation": "yesterday があるので過去形にします。do not は現在形です。"
        }
      ],
      "correctAnswer": "They did not do homework yesterday.",
      "tags": {
        "sentenceType": "negative",
        "verbKind": "general"
      }
    },
    {
      "question": "彼は昨日幸せでしたか？",
      "explanation": "be動詞の過去の疑問文は Was/Were を文頭に出します。",
      "wordMeanings": {
        "Was": "〜でしたか",
        "he": "彼",
        "happy": "幸せな",
        "yesterday": "昨日"
      },
      "choices": [
        {
          "text": "Was he happy yesterday?",
          "explanation": ""
        },
        {
          "text": "Did he happy yesterday?",
          "explanation": "happy は形容詞なので did は使いません。Was he ...? が正しいです。"
        },
        {
          "text": "Were he happy yesterday?",
          "explanation": "He のときは Were ではなく Was を使います。"
        },
        {
          "text": "He was happy yesterday?",
          "explanation": "疑問文は Was を文頭に出します。He was ...? は正しい疑問文の形ではありません。"
        }
      ],
      "correctAnswer": "Was he happy yesterday?",
      "tags": {
        "sentenceType": "yesNoQuestion",
        "verbKind": "be"
      }
    },
    {
      "question": "彼らは先週忙しかったですか？",
      "explanation": "主語が They のときは Were を文頭に出します。",
      "wordMeanings": {
        "Were": "〜でしたか",
        "they": "彼ら",
        "busy": "忙しい",
        "last week": "先週"
      },
      "choices": [
        {
          "text": "Were they busy last week?",
          "explanation": ""
        },
        {
          "text": "Was they busy last week?",
          "explanation": "They のときは Was ではなく Were を使います。"
        },
        {
          "text": "Did they busy last week?",
          "explanation": "busy は形容詞なので did は使いません。Were they ...? が正しいです。"
        },
        {
          "text": "They were busy last week?",
          "explanation": "疑問文は Were を文頭に出します。語順に注意しましょう。"
        }
      ],
      "correctAnswer": "Were they busy last week?",
      "tags": {
        "sentenceType": "yesNoQuestion",
        "verbKind": "be"
      }
    },
    {
      "question": "あなたのお母さんは昨日家にいましたか？",
      "explanation": "主語が your mother（三人称単数）のときは Was を文頭に出します。",
      "wordMeanings": {
        "Was": "〜でしたか",
        "your mother": "あなたのお母さん",
        "at home": "家に",
        "yesterday": "昨日"
      },
      "choices": [
        {
          "text": "Was your mother at home yesterday?",
          "explanation": ""
        },
        {
          "text": "Were your mother at home yesterday?",
          "explanation": "your mother は三人称単数なので Were ではなく Was を使います。"
        },
        {
          "text": "Did your mother at home yesterday?",
          "explanation": "「家にいた」は be動詞を使うので、Did ではなく Was です。"
        },
        {
          "text": "Is your mother at home yesterday?",
          "explanation": "yesterday があるので過去形 Was にします。Is は現在形です。"
        }
      ],
      "correctAnswer": "Was your mother at home yesterday?",
      "tags": {
        "sentenceType": "yesNoQuestion",
        "verbKind": "be"
      }
    },
    {
      "question": "あなたは昨日テニスをしましたか？",
      "explanation": "一般動詞の過去の疑問文は Did + 主語 + 動詞の原形です。",
      "wordMeanings": {
        "Did": "〜しましたか",
        "you": "あなた",
        "play": "する",
        "tennis": "テニス",
        "yesterday": "昨日"
      },
      "choices": [
        {
          "text": "Did you play tennis yesterday?",
          "explanation": ""
        },
        {
          "text": "Did you played tennis yesterday?",
          "explanation": "Did のあとは原形です。played ではなく play にします。"
        },
        {
          "text": "Were you play tennis yesterday?",
          "explanation": "一般動詞の疑問文に Were は使いません。Did you play ...? が正しいです。"
        },
        {
          "text": "You played tennis yesterday?",
          "explanation": "疑問文は Did を文頭に出します。語順に注意しましょう。"
        }
      ],
      "correctAnswer": "Did you play tennis yesterday?",
      "tags": {
        "sentenceType": "yesNoQuestion",
        "verbKind": "general"
      }
    },
    {
      "question": "彼女は昨日、本を読みましたか？",
      "explanation": "Did のあとは動詞の原形 read を使います。",
      "wordMeanings": {
        "Did": "〜しましたか",
        "she": "彼女",
        "read": "読む",
        "a book": "本を",
        "yesterday": "昨日"
      },
      "choices": [
        {
          "text": "Did she read a book yesterday?",
          "explanation": ""
        },
        {
          "text": "Did she readed a book yesterday?",
          "explanation": "Did のあとは原形です。readed という形は存在しません。read の原形は read です。"
        },
        {
          "text": "Was she read a book yesterday?",
          "explanation": "一般動詞の疑問文に Was は使いません。Did she read ...? が正しいです。"
        },
        {
          "text": "Does she read a book yesterday?",
          "explanation": "yesterday があるので過去形にします。Does は現在形です。"
        }
      ],
      "correctAnswer": "Did she read a book yesterday?",
      "tags": {
        "sentenceType": "yesNoQuestion",
        "verbKind": "general"
      }
    },
    {
      "question": "彼は先週数学を勉強しましたか？",
      "explanation": "Did のあとは動詞の原形 study を使います。",
      "wordMeanings": {
        "Did": "〜しましたか",
        "he": "彼",
        "study": "勉強する",
        "math": "数学",
        "last week": "先週"
      },
      "choices": [
        {
          "text": "Did he study math last week?",
          "explanation": ""
        },
        {
          "text": "Did he studied math last week?",
          "explanation": "Did のあとは原形です。studied ではなく study にします。"
        },
        {
          "text": "Was he study math last week?",
          "explanation": "一般動詞の疑問文に Was は使いません。Did he study ...? が正しいです。"
        },
        {
          "text": "He did study math last week?",
          "explanation": "疑問文は Did を文頭に出します。Did he study ...? が正しい語順です。"
        }
      ],
      "correctAnswer": "Did he study math last week?",
      "tags": {
        "sentenceType": "yesNoQuestion",
        "verbKind": "general"
      }
    },
    {
      "question": "あなたは昨日夕食を作りましたか？",
      "explanation": "Did のあとは動詞の原形 make を使います。make の過去形は made です。",
      "wordMeanings": {
        "Did": "〜しましたか",
        "you": "あなた",
        "make": "作る",
        "dinner": "夕食",
        "yesterday": "昨日"
      },
      "choices": [
        {
          "text": "Did you make dinner yesterday?",
          "explanation": ""
        },
        {
          "text": "Did you made dinner yesterday?",
          "explanation": "Did のあとは原形です。made ではなく make にします。"
        },
        {
          "text": "Were you make dinner yesterday?",
          "explanation": "一般動詞の疑問文に Were は使いません。Did you make ...? が正しいです。"
        },
        {
          "text": "Do you make dinner yesterday?",
          "explanation": "yesterday があるので過去形にします。Do は現在形です。"
        }
      ],
      "correctAnswer": "Did you make dinner yesterday?",
      "tags": {
        "sentenceType": "yesNoQuestion",
        "verbKind": "general"
      }
    },
    {
      "question": "彼らは昨日公園で走りましたか？",
      "explanation": "Did のあとは動詞の原形 run を使います。run の過去形は ran です。",
      "wordMeanings": {
        "Did": "〜しましたか",
        "they": "彼ら",
        "run": "走る",
        "in the park": "公園で",
        "yesterday": "昨日"
      },
      "choices": [
        {
          "text": "Did they run in the park yesterday?",
          "explanation": ""
        },
        {
          "text": "Did they ran in the park yesterday?",
          "explanation": "Did のあとは原形です。ran ではなく run にします。"
        },
        {
          "text": "Were they run in the park yesterday?",
          "explanation": "一般動詞の疑問文に Were は使いません。Did they run ...? が正しいです。"
        },
        {
          "text": "They did run in the park yesterday?",
          "explanation": "疑問文は Did を文頭に出します。Did they run ...? が正しい語順です。"
        }
      ],
      "correctAnswer": "Did they run in the park yesterday?",
      "tags": {
        "sentenceType": "yesNoQuestion",
        "verbKind": "general"
      }
    },
    {
      "question": "あなたは昨日何をしましたか？",
      "explanation": "疑問詞 What + did + 主語 + 動詞の原形の語順です。",
      "wordMeanings": {
        "What": "何を",
        "did": "〜しましたか",
        "you": "あなた",
        "do": "する",
        "yesterday": "昨日"
      },
      "choices": [
        {
          "text": "What did you do yesterday?",
          "explanation": ""
        },
        {
          "text": "What did you did yesterday?",
          "explanation": "did のあとは原形です。did ではなく do にします。"
        },
        {
          "text": "What you did yesterday?",
          "explanation": "疑問詞のあとに did + 主語の語順が必要です。What did you ...? が正しいです。"
        },
        {
          "text": "What were you do yesterday?",
          "explanation": "一般動詞の疑問文に were は使いません。What did you do ...? が正しいです。"
        }
      ],
      "correctAnswer": "What did you do yesterday?",
      "tags": {
        "sentenceType": "whQuestion",
        "verbKind": "general",
        "questionWordKind": "what"
      }
    },
    {
      "question": "彼は昨日どこに行きましたか？",
      "explanation": "疑問詞 Where + did + 主語 + 動詞の原形の語順です。",
      "wordMeanings": {
        "Where": "どこに",
        "did": "〜しましたか",
        "he": "彼",
        "go": "行く",
        "yesterday": "昨日"
      },
      "choices": [
        {
          "text": "Where did he go yesterday?",
          "explanation": ""
        },
        {
          "text": "Where did he went yesterday?",
          "explanation": "did のあとは原形です。went ではなく go にします。"
        },
        {
          "text": "Where he did go yesterday?",
          "explanation": "語順が違います。Where did he go ...? が正しい語順です。"
        },
        {
          "text": "Where was he go yesterday?",
          "explanation": "一般動詞の疑問文に was は使いません。Where did he go ...? が正しいです。"
        }
      ],
      "correctAnswer": "Where did he go yesterday?",
      "tags": {
        "sentenceType": "whQuestion",
        "verbKind": "general",
        "questionWordKind": "where"
      }
    },
    {
      "question": "昨日だれが先生でしたか？",
      "explanation": "Who が主語のとき、Who + was の語順になります。",
      "wordMeanings": {
        "Who": "だれが",
        "was": "〜でしたか",
        "the teacher": "先生",
        "yesterday": "昨日"
      },
      "choices": [
        {
          "text": "Who was the teacher yesterday?",
          "explanation": ""
        },
        {
          "text": "Who were the teacher yesterday?",
          "explanation": "the teacher は単数なので were ではなく was を使います。"
        },
        {
          "text": "Who did the teacher yesterday?",
          "explanation": "「先生でした」は be動詞を使うので、did ではなく was です。"
        },
        {
          "text": "Who is the teacher yesterday?",
          "explanation": "yesterday があるので過去形 was にします。is は現在形です。"
        }
      ],
      "correctAnswer": "Who was the teacher yesterday?",
      "tags": {
        "sentenceType": "whQuestion",
        "verbKind": "be",
        "questionWordKind": "who"
      }
    },
    {
      "question": "彼らはいつ野球をしましたか？",
      "explanation": "疑問詞 When + did + 主語 + 動詞の原形の語順です。",
      "wordMeanings": {
        "When": "いつ",
        "did": "〜しましたか",
        "they": "彼ら",
        "play": "する",
        "baseball": "野球"
      },
      "choices": [
        {
          "text": "When did they play baseball?",
          "explanation": ""
        },
        {
          "text": "When did they played baseball?",
          "explanation": "did のあとは原形です。played ではなく play にします。"
        },
        {
          "text": "When they did play baseball?",
          "explanation": "語順が違います。When did they play ...? が正しい語順です。"
        },
        {
          "text": "When were they play baseball?",
          "explanation": "一般動詞の疑問文に were は使いません。When did they play ...? が正しいです。"
        }
      ],
      "correctAnswer": "When did they play baseball?",
      "tags": {
        "sentenceType": "whQuestion",
        "verbKind": "general",
        "questionWordKind": "when"
      }
    }
  ]
}
