{
  "key": "past",
  "displayName": "過去",
  "questions": [
    {
      "question": "私は昨日忙しかったです。",
      "explanation": "主語が I のときは was を使います。",
      "wordMeanings": [
        {
          "word": "I",
          "meaning": "私"
        },
        {
          "word": "was",
          "meaning": "〜でした"
        },
        {
          "word": "busy",
          "meaning": "忙しい"
        },
        {
          "word": "yesterday",
          "meaning": "昨日"
        }
      ],
      "choices": [
        {
          "text": "I was busy yesterday.",
          "explanation": ""
        },
        {
          "text": "I were busy yesterday.",
          "explanation": "I のときは were ではなく was を使います。"
        },
        {
          "text": "I am busy yesterday.",
          "explanation": "yesterday があるので過去形 was にします。am は現在形です。"
        },
        {
          "text": "I did busy yesterday.",
          "explanation": "busy は形容詞なので did は使いません。be動詞の過去形 was を使います。"
        }
      ],
      "correctAnswer": "I was busy yesterday.",
      "tags": {
        "sentenceType": "affirmative",
        "verbKind": "be"
      }
    },
    {
      "question": "彼女は先週病気でした。",
      "explanation": "主語が She のときは was を使います。",
      "wordMeanings": [
        {
          "word": "She",
          "meaning": "彼女"
        },
        {
          "word": "was",
          "meaning": "〜でした"
        },
        {
          "word": "sick",
          "meaning": "病気の"
        },
        {
          "word": "last week",
          "meaning": "先週"
        }
      ],
      "choices": [
        {
          "text": "She was sick last week.",
          "explanation": ""
        },
        {
          "text": "She were sick last week.",
          "explanation": "She のときは were ではなく was を使います。"
        },
        {
          "text": "She is sick last week.",
          "explanation": "last week があるので過去形 was にします。is は現在形です。"
        },
        {
          "text": "She did sick last week.",
          "explanation": "sick は形容詞なので did は使いません。be動詞の過去形 was を使います。"
        }
      ],
      "correctAnswer": "She was sick last week.",
      "tags": {
        "sentenceType": "affirmative",
        "verbKind": "be"
      }
    },
    {
      "question": "彼らは昨日幸せでした。",
      "explanation": "主語が They のときは were を使います。",
      "wordMeanings": [
        {
          "word": "They",
          "meaning": "彼ら"
        },
        {
          "word": "were",
          "meaning": "〜でした"
        },
        {
          "word": "happy",
          "meaning": "幸せな"
        },
        {
          "word": "yesterday",
          "meaning": "昨日"
        }
      ],
      "choices": [
        {
          "text": "They were happy yesterday.",
          "explanation": ""
        },
        {
          "text": "They was happy yesterday.",
          "explanation": "They のときは was ではなく were を使います。"
        },
        {
          "text": "They are happy yesterday.",
          "explanation": "yesterday があるので過去形 were にします。are は現在形です。"
        },
        {
          "text": "They did happy yesterday.",
          "explanation": "happy は形容詞なので did は使いません。be動詞の過去形 were を使います。"
        }
      ],
      "correctAnswer": "They were happy yesterday.",
      "tags": {
        "sentenceType": "affirmative",
        "verbKind": "be"
      }
    },
    {
      "question": "あなたは昨日疲れていました。",
      "explanation": "主語が You のときは were を使います。",
      "wordMeanings": [
        {
          "word": "You",
          "meaning": "あなた"
        },
        {
          "word": "were",
          "meaning": "〜でした"
        },
        {
          "word": "tired",
          "meaning": "疲れた"
        },
        {
          "word": "yesterday",
          "meaning": "昨日"
        }
      ],
      "choices": [
        {
          "text": "You were tired yesterday.",
          "explanation": ""
        },
        {
          "text": "You was tired yesterday.",
          "explanation": "You のときは was ではなく were を使います。"
        },
        {
          "text": "You are tired yesterday.",
          "explanation": "yesterday があるので過去形 were にします。are は現在形です。"
        },
        {
          "text": "You did tired yesterday.",
          "explanation": "tired は形容詞なので did は使いません。be動詞の過去形 were を使います。"
        }
      ],
      "correctAnswer": "You were tired yesterday.",
      "tags": {
        "sentenceType": "affirmative",
        "verbKind": "be"
      }
    },
    {
      "question": "私は昨日テニスをしました。",
      "explanation": "play の過去形は played です。",
      "wordMeanings": [
        {
          "word": "I",
          "meaning": "私"
        },
        {
          "word": "played",
          "meaning": "〜をした"
        },
        {
          "word": "tennis",
          "meaning": "テニス"
        },
        {
          "word": "yesterday",
          "meaning": "昨日"
        }
      ],
      "choices": [
        {
          "text": "I played tennis yesterday.",
          "explanation": ""
        },
        {
          "text": "I play tennis yesterday.",
          "explanation": "yesterday があるので過去形 played にします。play は現在形です。"
        },
        {
          "text": "I was play tennis yesterday.",
          "explanation": "一般動詞の過去形に was は不要です。played だけで表します。"
        },
        {
          "text": "I did played tennis yesterday.",
          "explanation": "did を使う場合は動詞を原形にしますが、ここでは played だけで正しい過去形です。"
        }
      ],
      "correctAnswer": "I played tennis yesterday.",
      "tags": {
        "sentenceType": "affirmative",
        "verbKind": "general"
      }
    },
    {
      "question": "彼は昨日英語を勉強しました。",
      "explanation": "study の過去形は studied です。",
      "wordMeanings": [
        {
          "word": "He",
          "meaning": "彼"
        },
        {
          "word": "studied",
          "meaning": "勉強した"
        },
        {
          "word": "English",
          "meaning": "英語"
        },
        {
          "word": "yesterday",
          "meaning": "昨日"
        }
      ],
      "choices": [
        {
          "text": "He studied English yesterday.",
          "explanation": ""
        },
        {
          "text": "He studyed English yesterday.",
          "explanation": "study の過去形は studyed ではなく studied です。y を i に変えて ed をつけます。"
        },
        {
          "text": "He studies English yesterday.",
          "explanation": "yesterday があるので過去形 studied にします。studies は現在形です。"
        },
        {
          "text": "He was studied English yesterday.",
          "explanation": "一般動詞の過去形に was は不要です。studied だけで表します。"
        }
      ],
      "correctAnswer": "He studied English yesterday.",
      "tags": {
        "sentenceType": "affirmative",
        "verbKind": "general"
      }
    },
    {
      "question": "私たちは先週公園に行きました。",
      "explanation": "go の過去形は went（不規則変化）です。",
      "wordMeanings": [
        {
          "word": "We",
          "meaning": "私たち"
        },
        {
          "word": "went",
          "meaning": "行った"
        },
        {
          "word": "to the park",
          "meaning": "公園に"
        },
        {
          "word": "last week",
          "meaning": "先週"
        }
      ],
      "choices": [
        {
          "text": "We went to the park last week.",
          "explanation": ""
        },
        {
          "text": "We goed to the park last week.",
          "explanation": "go の過去形は goed ではなく went です。不規則変化動詞です。"
        },
        {
          "text": "We go to the park last week.",
          "explanation": "last week があるので過去形 went にします。go は現在形です。"
        },
        {
          "text": "We were go to the park last week.",
          "explanation": "一般動詞の過去形に were は不要です。went だけで表します。"
        }
      ],
      "correctAnswer": "We went to the park last week.",
      "tags": {
        "sentenceType": "affirmative",
        "verbKind": "general"
      }
    },
    {
      "question": "彼女は今朝朝食を食べました。",
      "explanation": "have の過去形は had です。",
      "wordMeanings": [
        {
          "word": "She",
          "meaning": "彼女"
        },
        {
          "word": "had",
          "meaning": "食べた"
        },
        {
          "word": "breakfast",
          "meaning": "朝食"
        },
        {
          "word": "this morning",
          "meaning": "今朝"
        }
      ],
      "choices": [
        {
          "text": "She had breakfast this morning.",
          "explanation": ""
        },
        {
          "text": "She haved breakfast this morning.",
          "explanation": "have の過去形は haved ではなく had です。不規則変化動詞です。"
        },
        {
          "text": "She has breakfast this morning.",
          "explanation": "this morning（今朝）は過去を表すので、過去形 had にします。"
        },
        {
          "text": "She was have breakfast this morning.",
          "explanation": "一般動詞の過去形に was は不要です。had だけで表します。"
        }
      ],
      "correctAnswer": "She had breakfast this morning.",
      "tags": {
        "sentenceType": "affirmative",
        "verbKind": "general"
      }
    },
    {
      "question": "彼は昨夜テレビを見ました。",
      "explanation": "watch の過去形は watched です。",
      "wordMeanings": [
        {
          "word": "He",
          "meaning": "彼"
        },
        {
          "word": "watched",
          "meaning": "見た"
        },
        {
          "word": "TV",
          "meaning": "テレビ"
        },
        {
          "word": "last night",
          "meaning": "昨夜"
        }
      ],
      "choices": [
        {
          "text": "He watched TV last night.",
          "explanation": ""
        },
        {
          "text": "He watch TV last night.",
          "explanation": "last night があるので過去形 watched にします。watch は現在形です。"
        },
        {
          "text": "He was watch TV last night.",
          "explanation": "一般動詞の過去形に was は不要です。watched だけで表します。"
        },
        {
          "text": "He watches TV last night.",
          "explanation": "last night があるので過去形 watched にします。watches は現在形です。"
        }
      ],
      "correctAnswer": "He watched TV last night.",
      "tags": {
        "sentenceType": "affirmative",
        "verbKind": "general"
      }
    },
    {
      "question": "私は2日前に本を読みました。",
      "explanation": "read の過去形も read（発音はレッド）です。",
      "wordMeanings": [
        {
          "word": "I",
          "meaning": "私"
        },
        {
          "word": "read",
          "meaning": "読んだ"
        },
        {
          "word": "a book",
          "meaning": "本を"
        },
        {
          "word": "two days ago",
          "meaning": "2日前に"
        }
      ],
      "choices": [
        {
          "text": "I read a book two days ago.",
          "explanation": ""
        },
        {
          "text": "I readed a book two days ago.",
          "explanation": "read の過去形は readed ではなく read です。不規則変化動詞です。"
        },
        {
          "text": "I was read a book two days ago.",
          "explanation": "一般動詞の過去形に was は不要です。read だけで表します。"
        },
        {
          "text": "I reading a book two days ago.",
          "explanation": "reading は現在分詞です。過去形は read を使います。"
        }
      ],
      "correctAnswer": "I read a book two days ago.",
      "tags": {
        "sentenceType": "affirmative",
        "verbKind": "general"
      }
    },
    {
      "question": "私は昨日忙しくなかったです。",
      "explanation": "be動詞の過去形の否定文は was not を使います。",
      "wordMeanings": [
        {
          "word": "I",
          "meaning": "私"
        },
        {
          "word": "was not",
          "meaning": "〜ではなかった"
        },
        {
          "word": "busy",
          "meaning": "忙しい"
        },
        {
          "word": "yesterday",
          "meaning": "昨日"
        }
      ],
      "choices": [
        {
          "text": "I was not busy yesterday.",
          "explanation": ""
        },
        {
          "text": "I were not busy yesterday.",
          "explanation": "I のときは were ではなく was を使います。"
        },
        {
          "text": "I did not busy yesterday.",
          "explanation": "busy は形容詞なので did not は使いません。was not を使います。"
        },
        {
          "text": "I not was busy yesterday.",
          "explanation": "語順が違います。was not の順番が正しいです。"
        }
      ],
      "correctAnswer": "I was not busy yesterday.",
      "tags": {
        "sentenceType": "negative",
        "verbKind": "be"
      }
    },
    {
      "question": "彼らは昨日学校にいませんでした。",
      "explanation": "主語が They のときは were not を使います。",
      "wordMeanings": [
        {
          "word": "They",
          "meaning": "彼ら"
        },
        {
          "word": "were not",
          "meaning": "〜にいなかった"
        },
        {
          "word": "at school",
          "meaning": "学校に"
        },
        {
          "word": "yesterday",
          "meaning": "昨日"
        }
      ],
      "choices": [
        {
          "text": "They were not at school yesterday.",
          "explanation": ""
        },
        {
          "text": "They was not at school yesterday.",
          "explanation": "They のときは was ではなく were を使います。"
        },
        {
          "text": "They did not at school yesterday.",
          "explanation": "「学校にいた」は be動詞を使うので、did not ではなく were not です。"
        },
        {
          "text": "They not were at school yesterday.",
          "explanation": "語順が違います。were not の順番が正しいです。"
        }
      ],
      "correctAnswer": "They were not at school yesterday.",
      "tags": {
        "sentenceType": "negative",
        "verbKind": "be"
      }
    },
    {
      "question": "彼は先週忙しくなかったです。",
      "explanation": "主語が He のときは was not を使います。",
      "wordMeanings": [
        {
          "word": "He",
          "meaning": "彼"
        },
        {
          "word": "was not",
          "meaning": "〜ではなかった"
        },
        {
          "word": "busy",
          "meaning": "忙しい"
        },
        {
          "word": "last week",
          "meaning": "先週"
        }
      ],
      "choices": [
        {
          "text": "He was not busy last week.",
          "explanation": ""
        },
        {
          "text": "He were not busy last week.",
          "explanation": "He のときは were ではなく was を使います。"
        },
        {
          "text": "He did not busy last week.",
          "explanation": "busy は形容詞なので did not は使いません。was not を使います。"
        },
        {
          "text": "He is not busy last week.",
          "explanation": "last week があるので過去形 was not にします。is not は現在形です。"
        }
      ],
      "correctAnswer": "He was not busy last week.",
      "tags": {
        "sentenceType": "negative",
        "verbKind": "be"
      }
    },
    {
      "question": "私は昨日サッカーをしませんでした。",
      "explanation": "一般動詞の過去の否定文は did not + 動詞の原形です。",
      "wordMeanings": [
        {
          "word": "I",
          "meaning": "私"
        },
        {
          "word": "did not",
          "meaning": "〜しなかった"
        },
        {
          "word": "play",
          "meaning": "する"
        },
        {
          "word": "soccer",
          "meaning": "サッカー"
        },
        {
          "word": "yesterday",
          "meaning": "昨日"
        }
      ],
      "choices": [
        {
          "text": "I did not play soccer yesterday.",
          "explanation": ""
        },
        {
          "text": "I did not played soccer yesterday.",
          "explanation": "did not のあとは原形です。played ではなく play にします。"
        },
        {
          "text": "I was not play soccer yesterday.",
          "explanation": "一般動詞の否定文に was not は使いません。did not + 原形です。"
        },
        {
          "text": "I not played soccer yesterday.",
          "explanation": "否定文には did not が必要です。not だけではいけません。"
        }
      ],
      "correctAnswer": "I did not play soccer yesterday.",
      "tags": {
        "sentenceType": "negative",
        "verbKind": "general"
      }
    },
    {
      "question": "彼女は昨夜音楽を聴きませんでした。",
      "explanation": "一般動詞の過去の否定文は did not + 動詞の原形です。",
      "wordMeanings": [
        {
          "word": "She",
          "meaning": "彼女"
        },
        {
          "word": "did not",
          "meaning": "〜しなかった"
        },
        {
          "word": "listen to",
          "meaning": "〜を聴く"
        },
        {
          "word": "music",
          "meaning": "音楽"
        },
        {
          "word": "last night",
          "meaning": "昨夜"
        }
      ],
      "choices": [
        {
          "text": "She did not listen to music last night.",
          "explanation": ""
        },
        {
          "text": "She did not listened to music last night.",
          "explanation": "did not のあとは原形です。listened ではなく listen にします。"
        },
        {
          "text": "She was not listen to music last night.",
          "explanation": "一般動詞の否定文に was not は使いません。did not + 原形です。"
        },
        {
          "text": "She not did listen to music last night.",
          "explanation": "語順が違います。did not の順番が正しいです。"
        }
      ],
      "correctAnswer": "She did not listen to music last night.",
      "tags": {
        "sentenceType": "negative",
        "verbKind": "general"
      }
    },
    {
      "question": "彼は昨日学校に行きませんでした。",
      "explanation": "一般動詞の過去の否定文は did not + 動詞の原形です。go が原形です。",
      "wordMeanings": [
        {
          "word": "He",
          "meaning": "彼"
        },
        {
          "word": "did not",
          "meaning": "〜しなかった"
        },
        {
          "word": "go",
          "meaning": "行く"
        },
        {
          "word": "to school",
          "meaning": "学校へ"
        },
        {
          "word": "yesterday",
          "meaning": "昨日"
        }
      ],
      "choices": [
        {
          "text": "He did not go to school yesterday.",
          "explanation": ""
        },
        {
          "text": "He did not went to school yesterday.",
          "explanation": "did not のあとは原形です。went ではなく go にします。"
        },
        {
          "text": "He was not go to school yesterday.",
          "explanation": "一般動詞の否定文に was not は使いません。did not + 原形です。"
        },
        {
          "text": "He does not go to school yesterday.",
          "explanation": "yesterday があるので過去形にします。does not は現在形です。"
        }
      ],
      "correctAnswer": "He did not go to school yesterday.",
      "tags": {
        "sentenceType": "negative",
        "verbKind": "general"
      }
    },
    {
      "question": "私たちは先週の日曜日に料理をしませんでした。",
      "explanation": "一般動詞の過去の否定文は did not + 動詞の原形です。",
      "wordMeanings": [
        {
          "word": "We",
          "meaning": "私たち"
        },
        {
          "word": "did not",
          "meaning": "〜しなかった"
        },
        {
          "word": "cook",
          "meaning": "料理する"
        },
        {
          "word": "last Sunday",
          "meaning": "先週の日曜日"
        }
      ],
      "choices": [
        {
          "text": "We did not cook last Sunday.",
          "explanation": ""
        },
        {
          "text": "We did not cooked last Sunday.",
          "explanation": "did not のあとは原形です。cooked ではなく cook にします。"
        },
        {
          "text": "We were not cook last Sunday.",
          "explanation": "一般動詞の否定文に were not は使いません。did not + 原形です。"
        },
        {
          "text": "We not cooked last Sunday.",
          "explanation": "否定文には did not が必要です。not だけではいけません。"
        }
      ],
      "correctAnswer": "We did not cook last Sunday.",
      "tags": {
        "sentenceType": "negative",
        "verbKind": "general"
      }
    },
    {
      "question": "彼らは昨日宿題をしませんでした。",
      "explanation": "一般動詞の過去の否定文は did not + 動詞の原形です。do が原形です。",
      "wordMeanings": [
        {
          "word": "They",
          "meaning": "彼ら"
        },
        {
          "word": "did not",
          "meaning": "〜しなかった"
        },
        {
          "word": "do",
          "meaning": "する"
        },
        {
          "word": "homework",
          "meaning": "宿題"
        },
        {
          "word": "yesterday",
          "meaning": "昨日"
        }
      ],
      "choices": [
        {
          "text": "They did not do homework yesterday.",
          "explanation": ""
        },
        {
          "text": "They did not did homework yesterday.",
          "explanation": "did not のあとは原形 do です。did ではなく do にします。"
        },
        {
          "text": "They were not do homework yesterday.",
          "explanation": "一般動詞の否定文に were not は使いません。did not + 原形です。"
        },
        {
          "text": "They do not homework yesterday.",
          "explanation": "yesterday があるので過去形にします。do not は現在形です。"
        }
      ],
      "correctAnswer": "They did not do homework yesterday.",
      "tags": {
        "sentenceType": "negative",
        "verbKind": "general"
      }
    },
    {
      "question": "彼は昨日幸せでしたか？",
      "explanation": "be動詞の過去の疑問文は Was/Were を文頭に出します。",
      "wordMeanings": [
        {
          "word": "Was",
          "meaning": "〜でしたか"
        },
        {
          "word": "he",
          "meaning": "彼"
        },
        {
          "word": "happy",
          "meaning": "幸せな"
        },
        {
          "word": "yesterday",
          "meaning": "昨日"
        }
      ],
      "choices": [
        {
          "text": "Was he happy yesterday?",
          "explanation": ""
        },
        {
          "text": "Did he happy yesterday?",
          "explanation": "happy は形容詞なので did は使いません。Was he ...? が正しいです。"
        },
        {
          "text": "Were he happy yesterday?",
          "explanation": "He のときは Were ではなく Was を使います。"
        },
        {
          "text": "He was happy yesterday?",
          "explanation": "疑問文は Was を文頭に出します。He was ...? は正しい疑問文の形ではありません。"
        }
      ],
      "correctAnswer": "Was he happy yesterday?",
      "tags": {
        "sentenceType": "yesNoQuestion",
        "verbKind": "be"
      }
    },
    {
      "question": "彼らは先週忙しかったですか？",
      "explanation": "主語が They のときは Were を文頭に出します。",
      "wordMeanings": [
        {
          "word": "Were",
          "meaning": "〜でしたか"
        },
        {
          "word": "they",
          "meaning": "彼ら"
        },
        {
          "word": "busy",
          "meaning": "忙しい"
        },
        {
          "word": "last week",
          "meaning": "先週"
        }
      ],
      "choices": [
        {
          "text": "Were they busy last week?",
          "explanation": ""
        },
        {
          "text": "Was they busy last week?",
          "explanation": "They のときは Was ではなく Were を使います。"
        },
        {
          "text": "Did they busy last week?",
          "explanation": "busy は形容詞なので did は使いません。Were they ...? が正しいです。"
        },
        {
          "text": "They were busy last week?",
          "explanation": "疑問文は Were を文頭に出します。語順に注意しましょう。"
        }
      ],
      "correctAnswer": "Were they busy last week?",
      "tags": {
        "sentenceType": "yesNoQuestion",
        "verbKind": "be"
      }
    },
    {
      "question": "あなたのお母さんは昨日家にいましたか？",
      "explanation": "主語が your mother（三人称単数）のときは Was を文頭に出します。",
      "wordMeanings": [
        {
          "word": "Was",
          "meaning": "〜でしたか"
        },
        {
          "word": "your mother",
          "meaning": "あなたのお母さん"
        },
        {
          "word": "at home",
          "meaning": "家に"
        },
        {
          "word": "yesterday",
          "meaning": "昨日"
        }
      ],
      "choices": [
        {
          "text": "Was your mother at home yesterday?",
          "explanation": ""
        },
        {
          "text": "Were your mother at home yesterday?",
          "explanation": "your mother は三人称単数なので Were ではなく Was を使います。"
        },
        {
          "text": "Did your mother at home yesterday?",
          "explanation": "「家にいた」は be動詞を使うので、Did ではなく Was です。"
        },
        {
          "text": "Is your mother at home yesterday?",
          "explanation": "yesterday があるので過去形 Was にします。Is は現在形です。"
        }
      ],
      "correctAnswer": "Was your mother at home yesterday?",
      "tags": {
        "sentenceType": "yesNoQuestion",
        "verbKind": "be"
      }
    },
    {
      "question": "あなたは昨日テニスをしましたか？",
      "explanation": "一般動詞の過去の疑問文は Did + 主語 + 動詞の原形です。",
      "wordMeanings": [
        {
          "word": "Did",
          "meaning": "〜しましたか"
        },
        {
          "word": "you",
          "meaning": "あなた"
        },
        {
          "word": "play",
          "meaning": "する"
        },
        {
          "word": "tennis",
          "meaning": "テニス"
        },
        {
          "word": "yesterday",
          "meaning": "昨日"
        }
      ],
      "choices": [
        {
          "text": "Did you play tennis yesterday?",
          "explanation": ""
        },
        {
          "text": "Did you played tennis yesterday?",
          "explanation": "Did のあとは原形です。played ではなく play にします。"
        },
        {
          "text": "Were you play tennis yesterday?",
          "explanation": "一般動詞の疑問文に Were は使いません。Did you play ...? が正しいです。"
        },
        {
          "text": "You played tennis yesterday?",
          "explanation": "疑問文は Did を文頭に出します。語順に注意しましょう。"
        }
      ],
      "correctAnswer": "Did you play tennis yesterday?",
      "tags": {
        "sentenceType": "yesNoQuestion",
        "verbKind": "general"
      }
    },
    {
      "question": "彼女は昨日、本を読みましたか？",
      "explanation": "Did のあとは動詞の原形 read を使います。",
      "wordMeanings": [
        {
          "word": "Did",
          "meaning": "〜しましたか"
        },
        {
          "word": "she",
          "meaning": "彼女"
        },
        {
          "word": "read",
          "meaning": "読む"
        },
        {
          "word": "a book",
          "meaning": "本を"
        },
        {
          "word": "yesterday",
          "meaning": "昨日"
        }
      ],
      "choices": [
        {
          "text": "Did she read a book yesterday?",
          "explanation": ""
        },
        {
          "text": "Did she readed a book yesterday?",
          "explanation": "Did のあとは原形です。readed という形は存在しません。read の原形は read です。"
        },
        {
          "text": "Was she read a book yesterday?",
          "explanation": "一般動詞の疑問文に Was は使いません。Did she read ...? が正しいです。"
        },
        {
          "text": "Does she read a book yesterday?",
          "explanation": "yesterday があるので過去形にします。Does は現在形です。"
        }
      ],
      "correctAnswer": "Did she read a book yesterday?",
      "tags": {
        "sentenceType": "yesNoQuestion",
        "verbKind": "general"
      }
    },
    {
      "question": "彼は先週数学を勉強しましたか？",
      "explanation": "Did のあとは動詞の原形 study を使います。",
      "wordMeanings": [
        {
          "word": "Did",
          "meaning": "〜しましたか"
        },
        {
          "word": "he",
          "meaning": "彼"
        },
        {
          "word": "study",
          "meaning": "勉強する"
        },
        {
          "word": "math",
          "meaning": "数学"
        },
        {
          "word": "last week",
          "meaning": "先週"
        }
      ],
      "choices": [
        {
          "text": "Did he study math last week?",
          "explanation": ""
        },
        {
          "text": "Did he studied math last week?",
          "explanation": "Did のあとは原形です。studied ではなく study にします。"
        },
        {
          "text": "Was he study math last week?",
          "explanation": "一般動詞の疑問文に Was は使いません。Did he study ...? が正しいです。"
        },
        {
          "text": "He did study math last week?",
          "explanation": "疑問文は Did を文頭に出します。Did he study ...? が正しい語順です。"
        }
      ],
      "correctAnswer": "Did he study math last week?",
      "tags": {
        "sentenceType": "yesNoQuestion",
        "verbKind": "general"
      }
    },
    {
      "question": "あなたは昨日夕食を作りましたか？",
      "explanation": "Did のあとは動詞の原形 make を使います。make の過去形は made です。",
      "wordMeanings": [
        {
          "word": "Did",
          "meaning": "〜しましたか"
        },
        {
          "word": "you",
          "meaning": "あなた"
        },
        {
          "word": "make",
          "meaning": "作る"
        },
        {
          "word": "dinner",
          "meaning": "夕食"
        },
        {
          "word": "yesterday",
          "meaning": "昨日"
        }
      ],
      "choices": [
        {
          "text": "Did you make dinner yesterday?",
          "explanation": ""
        },
        {
          "text": "Did you made dinner yesterday?",
          "explanation": "Did のあとは原形です。made ではなく make にします。"
        },
        {
          "text": "Were you make dinner yesterday?",
          "explanation": "一般動詞の疑問文に Were は使いません。Did you make ...? が正しいです。"
        },
        {
          "text": "Do you make dinner yesterday?",
          "explanation": "yesterday があるので過去形にします。Do は現在形です。"
        }
      ],
      "correctAnswer": "Did you make dinner yesterday?",
      "tags": {
        "sentenceType": "yesNoQuestion",
        "verbKind": "general"
      }
    },
    {
      "question": "彼らは昨日公園で走りましたか？",
      "explanation": "Did のあとは動詞の原形 run を使います。run の過去形は ran です。",
      "wordMeanings": [
        {
          "word": "Did",
          "meaning": "〜しましたか"
        },
        {
          "word": "they",
          "meaning": "彼ら"
        },
        {
          "word": "run",
          "meaning": "走る"
        },
        {
          "word": "in the park",
          "meaning": "公園で"
        },
        {
          "word": "yesterday",
          "meaning": "昨日"
        }
      ],
      "choices": [
        {
          "text": "Did they run in the park yesterday?",
          "explanation": ""
        },
        {
          "text": "Did they ran in the park yesterday?",
          "explanation": "Did のあとは原形です。ran ではなく run にします。"
        },
        {
          "text": "Were they run in the park yesterday?",
          "explanation": "一般動詞の疑問文に Were は使いません。Did they run ...? が正しいです。"
        },
        {
          "text": "They did run in the park yesterday?",
          "explanation": "疑問文は Did を文頭に出します。Did they run ...? が正しい語順です。"
        }
      ],
      "correctAnswer": "Did they run in the park yesterday?",
      "tags": {
        "sentenceType": "yesNoQuestion",
        "verbKind": "general"
      }
    },
    {
      "question": "あなたは昨日何をしましたか？",
      "explanation": "疑問詞 What + did + 主語 + 動詞の原形の語順です。",
      "wordMeanings": [
        {
          "word": "What",
          "meaning": "何を"
        },
        {
          "word": "did",
          "meaning": "〜しましたか"
        },
        {
          "word": "you",
          "meaning": "あなた"
        },
        {
          "word": "do",
          "meaning": "する"
        },
        {
          "word": "yesterday",
          "meaning": "昨日"
        }
      ],
      "choices": [
        {
          "text": "What did you do yesterday?",
          "explanation": ""
        },
        {
          "text": "What did you did yesterday?",
          "explanation": "did のあとは原形です。did ではなく do にします。"
        },
        {
          "text": "What you did yesterday?",
          "explanation": "疑問詞のあとに did + 主語の語順が必要です。What did you ...? が正しいです。"
        },
        {
          "text": "What were you do yesterday?",
          "explanation": "一般動詞の疑問文に were は使いません。What did you do ...? が正しいです。"
        }
      ],
      "correctAnswer": "What did you do yesterday?",
      "tags": {
        "sentenceType": "whQuestion",
        "verbKind": "general",
        "questionWordKind": "what"
      }
    },
    {
      "question": "彼は昨日どこに行きましたか？",
      "explanation": "疑問詞 Where + did + 主語 + 動詞の原形の語順です。",
      "wordMeanings": [
        {
          "word": "Where",
          "meaning": "どこに"
        },
        {
          "word": "did",
          "meaning": "〜しましたか"
        },
        {
          "word": "he",
          "meaning": "彼"
        },
        {
          "word": "go",
          "meaning": "行く"
        },
        {
          "word": "yesterday",
          "meaning": "昨日"
        }
      ],
      "choices": [
        {
          "text": "Where did he go yesterday?",
          "explanation": ""
        },
        {
          "text": "Where did he went yesterday?",
          "explanation": "did のあとは原形です。went ではなく go にします。"
        },
        {
          "text": "Where he did go yesterday?",
          "explanation": "語順が違います。Where did he go ...? が正しい語順です。"
        },
        {
          "text": "Where was he go yesterday?",
          "explanation": "一般動詞の疑問文に was は使いません。Where did he go ...? が正しいです。"
        }
      ],
      "correctAnswer": "Where did he go yesterday?",
      "tags": {
        "sentenceType": "whQuestion",
        "verbKind": "general",
        "questionWordKind": "where"
      }
    },
    {
      "question": "昨日だれが先生でしたか？",
      "explanation": "Who が主語のとき、Who + was の語順になります。",
      "wordMeanings": [
        {
          "word": "Who",
          "meaning": "だれが"
        },
        {
          "word": "was",
          "meaning": "〜でしたか"
        },
        {
          "word": "the teacher",
          "meaning": "先生"
        },
        {
          "word": "yesterday",
          "meaning": "昨日"
        }
      ],
      "choices": [
        {
          "text": "Who was the teacher yesterday?",
          "explanation": ""
        },
        {
          "text": "Who were the teacher yesterday?",
          "explanation": "the teacher は単数なので were ではなく was を使います。"
        },
        {
          "text": "Who did the teacher yesterday?",
          "explanation": "「先生でした」は be動詞を使うので、did ではなく was です。"
        },
        {
          "text": "Who is the teacher yesterday?",
          "explanation": "yesterday があるので過去形 was にします。is は現在形です。"
        }
      ],
      "correctAnswer": "Who was the teacher yesterday?",
      "tags": {
        "sentenceType": "whQuestion",
        "verbKind": "be",
        "questionWordKind": "who"
      }
    },
    {
      "question": "彼らはいつ野球をしましたか？",
      "explanation": "疑問詞 When + did + 主語 + 動詞の原形の語順です。",
      "wordMeanings": [
        {
          "word": "When",
          "meaning": "いつ"
        },
        {
          "word": "did",
          "meaning": "〜しましたか"
        },
        {
          "word": "they",
          "meaning": "彼ら"
        },
        {
          "word": "play",
          "meaning": "する"
        },
        {
          "word": "baseball",
          "meaning": "野球"
        }
      ],
      "choices": [
        {
          "text": "When did they play baseball?",
          "explanation": ""
        },
        {
          "text": "When did they played baseball?",
          "explanation": "did のあとは原形です。played ではなく play にします。"
        },
        {
          "text": "When they did play baseball?",
          "explanation": "語順が違います。When did they play ...? が正しい語順です。"
        },
        {
          "text": "When were they play baseball?",
          "explanation": "一般動詞の疑問文に were は使いません。When did they play ...? が正しいです。"
        }
      ],
      "correctAnswer": "When did they play baseball?",
      "tags": {
        "sentenceType": "whQuestion",
        "verbKind": "general",
        "questionWordKind": "when"
      }
    }
  ]
}
