{
  "key": "presentProgressive",
  "displayName": "現在進行形",
  "questions": [
    {
      "question": "「私は今、英語を勉強しています。」を英語にしなさい。",
      "explanation": "現在進行形は「be動詞 + 動詞のing形」で「今〜している」を表します。主語が I なので be動詞は am を使います。",
      "wordMeanings": [
        {
          "word": "I",
          "meaning": "私は"
        },
        {
          "word": "am studying",
          "meaning": "勉強している"
        },
        {
          "word": "English",
          "meaning": "英語"
        },
        {
          "word": "now",
          "meaning": "今"
        }
      ],
      "choices": [
        {
          "text": "I am studying English now.",
          "explanation": ""
        },
        {
          "text": "I studying English now.",
          "explanation": "be動詞（am）が抜けています。現在進行形は「be動詞 + 動詞ing」の形が必要です。"
        },
        {
          "text": "I am study English now.",
          "explanation": "動詞が原形のままです。現在進行形では動詞を ing形（studying）にしなければなりません。"
        },
        {
          "text": "I is studying English now.",
          "explanation": "主語が I のとき、be動詞は am を使います。is は he/she/it に使います。"
        }
      ],
      "correctAnswer": "I am studying English now.",
      "tags": {
        "sentenceType": "affirmative",
        "verbKind": "general"
      }
    },
    {
      "question": "「彼は公園でサッカーをしています。」を英語にしなさい。",
      "explanation": "主語が He なので be動詞は is を使い、play の ing形は playing です。",
      "wordMeanings": [
        {
          "word": "He",
          "meaning": "彼は"
        },
        {
          "word": "is playing",
          "meaning": "（今）している"
        },
        {
          "word": "soccer",
          "meaning": "サッカー"
        },
        {
          "word": "in the park",
          "meaning": "公園で"
        }
      ],
      "choices": [
        {
          "text": "He is playing soccer in the park.",
          "explanation": ""
        },
        {
          "text": "He are playing soccer in the park.",
          "explanation": "主語が He のとき、be動詞は is を使います。are は you / we / they に使います。"
        },
        {
          "text": "He is play soccer in the park.",
          "explanation": "動詞が原形のままです。現在進行形では play を playing にしなければなりません。"
        },
        {
          "text": "He playing soccer in the park.",
          "explanation": "be動詞（is）が抜けています。現在進行形は「be動詞 + 動詞ing」の形が必要です。"
        }
      ],
      "correctAnswer": "He is playing soccer in the park.",
      "tags": {
        "sentenceType": "affirmative",
        "verbKind": "general"
      }
    },
    {
      "question": "「彼女は今、本を読んでいます。」を英語にしなさい。",
      "explanation": "主語が She なので be動詞は is を使い、read の ing形は reading です。",
      "wordMeanings": [
        {
          "word": "She",
          "meaning": "彼女は"
        },
        {
          "word": "is reading",
          "meaning": "読んでいる"
        },
        {
          "word": "a book",
          "meaning": "本を"
        },
        {
          "word": "now",
          "meaning": "今"
        }
      ],
      "choices": [
        {
          "text": "She is reading a book now.",
          "explanation": ""
        },
        {
          "text": "She reading a book now.",
          "explanation": "be動詞（is）が抜けています。現在進行形は「be動詞 + 動詞ing」の形が必要です。"
        },
        {
          "text": "She am reading a book now.",
          "explanation": "主語が She のとき、be動詞は is を使います。am は I に使います。"
        },
        {
          "text": "She is read a book now.",
          "explanation": "動詞が原形のままです。現在進行形では read を reading にしなければなりません。"
        }
      ],
      "correctAnswer": "She is reading a book now.",
      "tags": {
        "sentenceType": "affirmative",
        "verbKind": "general"
      }
    },
    {
      "question": "「彼らは今、昼ごはんを食べています。」を英語にしなさい。",
      "explanation": "主語が They なので be動詞は are を使い、eat の ing形は eating です。",
      "wordMeanings": [
        {
          "word": "They",
          "meaning": "彼らは"
        },
        {
          "word": "are eating",
          "meaning": "食べている"
        },
        {
          "word": "lunch",
          "meaning": "昼ごはん"
        },
        {
          "word": "now",
          "meaning": "今"
        }
      ],
      "choices": [
        {
          "text": "They are eating lunch now.",
          "explanation": ""
        },
        {
          "text": "They is eating lunch now.",
          "explanation": "主語が They のとき、be動詞は are を使います。is は he/she/it に使います。"
        },
        {
          "text": "They are eat lunch now.",
          "explanation": "動詞が原形のままです。現在進行形では eat を eating にしなければなりません。"
        },
        {
          "text": "They eating lunch now.",
          "explanation": "be動詞（are）が抜けています。現在進行形は「be動詞 + 動詞ing」の形が必要です。"
        }
      ],
      "correctAnswer": "They are eating lunch now.",
      "tags": {
        "sentenceType": "affirmative",
        "verbKind": "general"
      }
    },
    {
      "question": "「私たちは今、音楽を聴いています。」を英語にしなさい。",
      "explanation": "主語が We なので be動詞は are を使います。listen to 〜 で「〜を聴く」という意味です。",
      "wordMeanings": [
        {
          "word": "We",
          "meaning": "私たちは"
        },
        {
          "word": "are listening",
          "meaning": "聴いている"
        },
        {
          "word": "to",
          "meaning": "〜を"
        },
        {
          "word": "music",
          "meaning": "音楽"
        },
        {
          "word": "now",
          "meaning": "今"
        }
      ],
      "choices": [
        {
          "text": "We are listening to music now.",
          "explanation": ""
        },
        {
          "text": "We listening to music now.",
          "explanation": "be動詞（are）が抜けています。現在進行形は「be動詞 + 動詞ing」の形が必要です。"
        },
        {
          "text": "We is listening to music now.",
          "explanation": "主語が We のとき、be動詞は are を使います。is は he/she/it に使います。"
        },
        {
          "text": "We are listen to music now.",
          "explanation": "動詞が原形のままです。現在進行形では listen を listening にしなければなりません。"
        }
      ],
      "correctAnswer": "We are listening to music now.",
      "tags": {
        "sentenceType": "affirmative",
        "verbKind": "general"
      }
    },
    {
      "question": "「あなたは今、テレビを見ています。」を英語にしなさい。",
      "explanation": "主語が You なので be動詞は are を使い、watch の ing形は watching です。",
      "wordMeanings": [
        {
          "word": "You",
          "meaning": "あなたは"
        },
        {
          "word": "are watching",
          "meaning": "見ている"
        },
        {
          "word": "TV",
          "meaning": "テレビ"
        },
        {
          "word": "now",
          "meaning": "今"
        }
      ],
      "choices": [
        {
          "text": "You are watching TV now.",
          "explanation": ""
        },
        {
          "text": "You is watching TV now.",
          "explanation": "主語が You のとき、be動詞は are を使います。is は he/she/it に使います。"
        },
        {
          "text": "You are watch TV now.",
          "explanation": "動詞が原形のままです。現在進行形では watch を watching にしなければなりません。"
        },
        {
          "text": "You watching TV now.",
          "explanation": "be動詞（are）が抜けています。現在進行形は「be動詞 + 動詞ing」の形が必要です。"
        }
      ],
      "correctAnswer": "You are watching TV now.",
      "tags": {
        "sentenceType": "affirmative",
        "verbKind": "general"
      }
    },
    {
      "question": "「彼は今、走っています。」を英語にしなさい。",
      "explanation": "主語が He なので be動詞は is を使います。run の ing形は n を重ねて running になります。",
      "wordMeanings": [
        {
          "word": "He",
          "meaning": "彼は"
        },
        {
          "word": "is running",
          "meaning": "走っている"
        },
        {
          "word": "now",
          "meaning": "今"
        }
      ],
      "choices": [
        {
          "text": "He is running now.",
          "explanation": ""
        },
        {
          "text": "He is runing now.",
          "explanation": "run の ing形はスペルに注意が必要です。n を重ねて running とします。"
        },
        {
          "text": "He are running now.",
          "explanation": "主語が He のとき、be動詞は is を使います。are は you / we / they に使います。"
        },
        {
          "text": "He running now.",
          "explanation": "be動詞（is）が抜けています。現在進行形は「be動詞 + 動詞ing」の形が必要です。"
        }
      ],
      "correctAnswer": "He is running now.",
      "tags": {
        "sentenceType": "affirmative",
        "verbKind": "general"
      }
    },
    {
      "question": "「彼女は台所で料理をしています。」を英語にしなさい。",
      "explanation": "主語が She なので be動詞は is を使い、cook の ing形は cooking です。",
      "wordMeanings": [
        {
          "word": "She",
          "meaning": "彼女は"
        },
        {
          "word": "is cooking",
          "meaning": "料理をしている"
        },
        {
          "word": "in the kitchen",
          "meaning": "台所で"
        }
      ],
      "choices": [
        {
          "text": "She is cooking in the kitchen.",
          "explanation": ""
        },
        {
          "text": "She cooking in the kitchen.",
          "explanation": "be動詞（is）が抜けています。現在進行形は「be動詞 + 動詞ing」の形が必要です。"
        },
        {
          "text": "She is cook in the kitchen.",
          "explanation": "動詞が原形のままです。現在進行形では cook を cooking にしなければなりません。"
        },
        {
          "text": "She are cooking in the kitchen.",
          "explanation": "主語が She のとき、be動詞は is を使います。are は you / we / they に使います。"
        }
      ],
      "correctAnswer": "She is cooking in the kitchen.",
      "tags": {
        "sentenceType": "affirmative",
        "verbKind": "general"
      }
    },
    {
      "question": "「私は今、手紙を書いています。」を英語にしなさい。",
      "explanation": "主語が I なので be動詞は am を使います。write の ing形は e を取って writing になります。",
      "wordMeanings": [
        {
          "word": "I",
          "meaning": "私は"
        },
        {
          "word": "am writing",
          "meaning": "書いている"
        },
        {
          "word": "a letter",
          "meaning": "手紙を"
        },
        {
          "word": "now",
          "meaning": "今"
        }
      ],
      "choices": [
        {
          "text": "I am writing a letter now.",
          "explanation": ""
        },
        {
          "text": "I am writeing a letter now.",
          "explanation": "write の ing形は e を取って writing とします。writeing は誤りです。"
        },
        {
          "text": "I writing a letter now.",
          "explanation": "be動詞（am）が抜けています。現在進行形は「be動詞 + 動詞ing」の形が必要です。"
        },
        {
          "text": "I are writing a letter now.",
          "explanation": "主語が I のとき、be動詞は am を使います。are は you / we / they に使います。"
        }
      ],
      "correctAnswer": "I am writing a letter now.",
      "tags": {
        "sentenceType": "affirmative",
        "verbKind": "general"
      }
    },
    {
      "question": "「彼らは今、泳いでいます。」を英語にしなさい。",
      "explanation": "主語が They なので be動詞は are を使います。swim の ing形は m を重ねて swimming になります。",
      "wordMeanings": [
        {
          "word": "They",
          "meaning": "彼らは"
        },
        {
          "word": "are swimming",
          "meaning": "泳いでいる"
        },
        {
          "word": "now",
          "meaning": "今"
        }
      ],
      "choices": [
        {
          "text": "They are swimming now.",
          "explanation": ""
        },
        {
          "text": "They are swiming now.",
          "explanation": "swim の ing形はスペルに注意が必要です。m を重ねて swimming とします。"
        },
        {
          "text": "They is swimming now.",
          "explanation": "主語が They のとき、be動詞は are を使います。is は he/she/it に使います。"
        },
        {
          "text": "They swimming now.",
          "explanation": "be動詞（are）が抜けています。現在進行形は「be動詞 + 動詞ing」の形が必要です。"
        }
      ],
      "correctAnswer": "They are swimming now.",
      "tags": {
        "sentenceType": "affirmative",
        "verbKind": "general"
      }
    },
    {
      "question": "「私は今、英語を勉強していません。」を英語にしなさい。",
      "explanation": "現在進行形の否定文は「be動詞 + not + 動詞ing」の形にします。",
      "wordMeanings": [
        {
          "word": "I",
          "meaning": "私は"
        },
        {
          "word": "am not studying",
          "meaning": "勉強していない"
        },
        {
          "word": "English",
          "meaning": "英語"
        },
        {
          "word": "now",
          "meaning": "今"
        }
      ],
      "choices": [
        {
          "text": "I am not studying English now.",
          "explanation": ""
        },
        {
          "text": "I do not studying English now.",
          "explanation": "現在進行形の否定文に do not は使いません。「be動詞 + not + 動詞ing」の形にします。"
        },
        {
          "text": "I not studying English now.",
          "explanation": "be動詞（am）が抜けています。否定文でも「be動詞 + not + 動詞ing」の形が必要です。"
        },
        {
          "text": "I am not study English now.",
          "explanation": "動詞が原形のままです。現在進行形の否定文でも動詞は ing形にしなければなりません。"
        }
      ],
      "correctAnswer": "I am not studying English now.",
      "tags": {
        "sentenceType": "negative",
        "verbKind": "general"
      }
    },
    {
      "question": "「彼は今、テレビを見ていません。」を英語にしなさい。",
      "explanation": "主語が He なので be動詞は is を使い、「is not + 動詞ing」で否定文を作ります。",
      "wordMeanings": [
        {
          "word": "He",
          "meaning": "彼は"
        },
        {
          "word": "is not watching",
          "meaning": "見ていない"
        },
        {
          "word": "TV",
          "meaning": "テレビ"
        },
        {
          "word": "now",
          "meaning": "今"
        }
      ],
      "choices": [
        {
          "text": "He is not watching TV now.",
          "explanation": ""
        },
        {
          "text": "He does not watching TV now.",
          "explanation": "現在進行形の否定文に does not は使いません。「be動詞 + not + 動詞ing」の形にします。"
        },
        {
          "text": "He is not watch TV now.",
          "explanation": "動詞が原形のままです。現在進行形の否定文でも動詞は ing形（watching）にします。"
        },
        {
          "text": "He are not watching TV now.",
          "explanation": "主語が He のとき、be動詞は is を使います。are は you / we / they に使います。"
        }
      ],
      "correctAnswer": "He is not watching TV now.",
      "tags": {
        "sentenceType": "negative",
        "verbKind": "general"
      }
    },
    {
      "question": "「彼女は今、走っていません。」を英語にしなさい。",
      "explanation": "主語が She なので be動詞は is を使い、「is not + 動詞ing」で否定文を作ります。",
      "wordMeanings": [
        {
          "word": "She",
          "meaning": "彼女は"
        },
        {
          "word": "is not running",
          "meaning": "走っていない"
        },
        {
          "word": "now",
          "meaning": "今"
        }
      ],
      "choices": [
        {
          "text": "She is not running now.",
          "explanation": ""
        },
        {
          "text": "She not running now.",
          "explanation": "be動詞（is）が抜けています。否定文でも「be動詞 + not + 動詞ing」の形が必要です。"
        },
        {
          "text": "She does not running now.",
          "explanation": "現在進行形の否定文に does not は使いません。「be動詞 + not + 動詞ing」の形にします。"
        },
        {
          "text": "She is not runing now.",
          "explanation": "run の ing形はスペルに注意が必要です。n を重ねて running とします。"
        }
      ],
      "correctAnswer": "She is not running now.",
      "tags": {
        "sentenceType": "negative",
        "verbKind": "general"
      }
    },
    {
      "question": "「彼らは今、歌っていません。」を英語にしなさい。",
      "explanation": "主語が They なので be動詞は are を使い、「are not + 動詞ing」で否定文を作ります。",
      "wordMeanings": [
        {
          "word": "They",
          "meaning": "彼らは"
        },
        {
          "word": "are not singing",
          "meaning": "歌っていない"
        },
        {
          "word": "now",
          "meaning": "今"
        }
      ],
      "choices": [
        {
          "text": "They are not singing now.",
          "explanation": ""
        },
        {
          "text": "They do not singing now.",
          "explanation": "現在進行形の否定文に do not は使いません。「be動詞 + not + 動詞ing」の形にします。"
        },
        {
          "text": "They is not singing now.",
          "explanation": "主語が They のとき、be動詞は are を使います。is は he/she/it に使います。"
        },
        {
          "text": "They are not sing now.",
          "explanation": "動詞が原形のままです。現在進行形の否定文でも動詞は ing形（singing）にします。"
        }
      ],
      "correctAnswer": "They are not singing now.",
      "tags": {
        "sentenceType": "negative",
        "verbKind": "general"
      }
    },
    {
      "question": "「私たちは今、寝ていません。」を英語にしなさい。",
      "explanation": "主語が We なので be動詞は are を使い、「are not + 動詞ing」で否定文を作ります。",
      "wordMeanings": [
        {
          "word": "We",
          "meaning": "私たちは"
        },
        {
          "word": "are not sleeping",
          "meaning": "寝ていない"
        },
        {
          "word": "now",
          "meaning": "今"
        }
      ],
      "choices": [
        {
          "text": "We are not sleeping now.",
          "explanation": ""
        },
        {
          "text": "We not sleeping now.",
          "explanation": "be動詞（are）が抜けています。否定文でも「be動詞 + not + 動詞ing」の形が必要です。"
        },
        {
          "text": "We is not sleeping now.",
          "explanation": "主語が We のとき、be動詞は are を使います。is は he/she/it に使います。"
        },
        {
          "text": "We do not sleeping now.",
          "explanation": "現在進行形の否定文に do not は使いません。「be動詞 + not + 動詞ing」の形にします。"
        }
      ],
      "correctAnswer": "We are not sleeping now.",
      "tags": {
        "sentenceType": "negative",
        "verbKind": "general"
      }
    },
    {
      "question": "「あなたは今、水を飲んでいません。」を英語にしなさい。",
      "explanation": "主語が You なので be動詞は are を使い、「are not + 動詞ing」で否定文を作ります。",
      "wordMeanings": [
        {
          "word": "You",
          "meaning": "あなたは"
        },
        {
          "word": "are not drinking",
          "meaning": "飲んでいない"
        },
        {
          "word": "water",
          "meaning": "水"
        },
        {
          "word": "now",
          "meaning": "今"
        }
      ],
      "choices": [
        {
          "text": "You are not drinking water now.",
          "explanation": ""
        },
        {
          "text": "You do not drinking water now.",
          "explanation": "現在進行形の否定文に do not は使いません。「be動詞 + not + 動詞ing」の形にします。"
        },
        {
          "text": "You are not drink water now.",
          "explanation": "動詞が原形のままです。現在進行形の否定文でも動詞は ing形（drinking）にします。"
        },
        {
          "text": "You is not drinking water now.",
          "explanation": "主語が You のとき、be動詞は are を使います。is は he/she/it に使います。"
        }
      ],
      "correctAnswer": "You are not drinking water now.",
      "tags": {
        "sentenceType": "negative",
        "verbKind": "general"
      }
    },
    {
      "question": "「彼は今、歩いていません。」を英語にしなさい。",
      "explanation": "主語が He なので be動詞は is を使い、「is not + 動詞ing」で否定文を作ります。",
      "wordMeanings": [
        {
          "word": "He",
          "meaning": "彼は"
        },
        {
          "word": "is not walking",
          "meaning": "歩いていない"
        },
        {
          "word": "now",
          "meaning": "今"
        }
      ],
      "choices": [
        {
          "text": "He is not walking now.",
          "explanation": ""
        },
        {
          "text": "He does not walking now.",
          "explanation": "現在進行形の否定文に does not は使いません。「be動詞 + not + 動詞ing」の形にします。"
        },
        {
          "text": "He are not walking now.",
          "explanation": "主語が He のとき、be動詞は is を使います。are は you / we / they に使います。"
        },
        {
          "text": "He not walking now.",
          "explanation": "be動詞（is）が抜けています。否定文でも「be動詞 + not + 動詞ing」の形が必要です。"
        }
      ],
      "correctAnswer": "He is not walking now.",
      "tags": {
        "sentenceType": "negative",
        "verbKind": "general"
      }
    },
    {
      "question": "「彼女は今、英語を話していません。」を英語にしなさい。",
      "explanation": "主語が She なので be動詞は is を使い、「is not + 動詞ing」で否定文を作ります。",
      "wordMeanings": [
        {
          "word": "She",
          "meaning": "彼女は"
        },
        {
          "word": "is not speaking",
          "meaning": "話していない"
        },
        {
          "word": "English",
          "meaning": "英語"
        },
        {
          "word": "now",
          "meaning": "今"
        }
      ],
      "choices": [
        {
          "text": "She is not speaking English now.",
          "explanation": ""
        },
        {
          "text": "She does not speaking English now.",
          "explanation": "現在進行形の否定文に does not は使いません。「be動詞 + not + 動詞ing」の形にします。"
        },
        {
          "text": "She is not speak English now.",
          "explanation": "動詞が原形のままです。現在進行形の否定文でも動詞は ing形（speaking）にします。"
        },
        {
          "text": "She am not speaking English now.",
          "explanation": "主語が She のとき、be動詞は is を使います。am は I に使います。"
        }
      ],
      "correctAnswer": "She is not speaking English now.",
      "tags": {
        "sentenceType": "negative",
        "verbKind": "general"
      }
    },
    {
      "question": "「彼は今、サッカーをしていますか。」を英語にしなさい。",
      "explanation": "現在進行形の疑問文は「be動詞 + 主語 + 動詞ing ...?」の語順にします。",
      "wordMeanings": [
        {
          "word": "Is",
          "meaning": "（疑問文のbe動詞）"
        },
        {
          "word": "he",
          "meaning": "彼は"
        },
        {
          "word": "playing",
          "meaning": "している"
        },
        {
          "word": "soccer",
          "meaning": "サッカー"
        },
        {
          "word": "now",
          "meaning": "今"
        }
      ],
      "choices": [
        {
          "text": "Is he playing soccer now?",
          "explanation": ""
        },
        {
          "text": "Does he playing soccer now?",
          "explanation": "現在進行形の疑問文に does は使いません。be動詞を主語の前に出します。"
        },
        {
          "text": "He is playing soccer now?",
          "explanation": "疑問文では be動詞を主語の前に出す必要があります。「Is he ...?」の語順にします。"
        },
        {
          "text": "Is he play soccer now?",
          "explanation": "動詞が原形のままです。現在進行形の疑問文でも動詞は ing形（playing）にします。"
        }
      ],
      "correctAnswer": "Is he playing soccer now?",
      "tags": {
        "sentenceType": "yesNoQuestion",
        "verbKind": "general"
      }
    },
    {
      "question": "「あなたは今、宿題をしていますか。」を英語にしなさい。",
      "explanation": "主語が You なので be動詞は are を使い、「Are you + 動詞ing ...?」の形にします。",
      "wordMeanings": [
        {
          "word": "Are",
          "meaning": "（疑問文のbe動詞）"
        },
        {
          "word": "you",
          "meaning": "あなたは"
        },
        {
          "word": "doing",
          "meaning": "している"
        },
        {
          "word": "your homework",
          "meaning": "あなたの宿題"
        },
        {
          "word": "now",
          "meaning": "今"
        }
      ],
      "choices": [
        {
          "text": "Are you doing your homework now?",
          "explanation": ""
        },
        {
          "text": "Do you doing your homework now?",
          "explanation": "現在進行形の疑問文に do は使いません。be動詞（are）を主語の前に出します。"
        },
        {
          "text": "Are you do your homework now?",
          "explanation": "動詞が原形のままです。現在進行形の疑問文でも動詞は ing形（doing）にします。"
        },
        {
          "text": "Is you doing your homework now?",
          "explanation": "主語が You のとき、be動詞は are を使います。is は he/she/it に使います。"
        }
      ],
      "correctAnswer": "Are you doing your homework now?",
      "tags": {
        "sentenceType": "yesNoQuestion",
        "verbKind": "general"
      }
    },
    {
      "question": "「彼女は今、踊っていますか。」を英語にしなさい。",
      "explanation": "主語が She なので be動詞は is を使い、「Is she + 動詞ing ...?」の形にします。dance の ing形は e を取って dancing です。",
      "wordMeanings": [
        {
          "word": "Is",
          "meaning": "（疑問文のbe動詞）"
        },
        {
          "word": "she",
          "meaning": "彼女は"
        },
        {
          "word": "dancing",
          "meaning": "踊っている"
        },
        {
          "word": "now",
          "meaning": "今"
        }
      ],
      "choices": [
        {
          "text": "Is she dancing now?",
          "explanation": ""
        },
        {
          "text": "Does she dancing now?",
          "explanation": "現在進行形の疑問文に does は使いません。be動詞を主語の前に出します。"
        },
        {
          "text": "Is she danceing now?",
          "explanation": "dance の ing形は e を取って dancing とします。danceing は誤りです。"
        },
        {
          "text": "Are she dancing now?",
          "explanation": "主語が She のとき、be動詞は is を使います。are は you / we / they に使います。"
        }
      ],
      "correctAnswer": "Is she dancing now?",
      "tags": {
        "sentenceType": "yesNoQuestion",
        "verbKind": "general"
      }
    },
    {
      "question": "「彼らは図書館で勉強していますか。」を英語にしなさい。",
      "explanation": "主語が They なので be動詞は are を使い、「Are they + 動詞ing ...?」の形にします。",
      "wordMeanings": [
        {
          "word": "Are",
          "meaning": "（疑問文のbe動詞）"
        },
        {
          "word": "they",
          "meaning": "彼らは"
        },
        {
          "word": "studying",
          "meaning": "勉強している"
        },
        {
          "word": "in the library",
          "meaning": "図書館で"
        }
      ],
      "choices": [
        {
          "text": "Are they studying in the library?",
          "explanation": ""
        },
        {
          "text": "Do they studying in the library?",
          "explanation": "現在進行形の疑問文に do は使いません。be動詞（are）を主語の前に出します。"
        },
        {
          "text": "Is they studying in the library?",
          "explanation": "主語が They のとき、be動詞は are を使います。is は he/she/it に使います。"
        },
        {
          "text": "Are they study in the library?",
          "explanation": "動詞が原形のままです。現在進行形の疑問文でも動詞は ing形（studying）にします。"
        }
      ],
      "correctAnswer": "Are they studying in the library?",
      "tags": {
        "sentenceType": "yesNoQuestion",
        "verbKind": "general"
      }
    },
    {
      "question": "「彼は今、本を読んでいますか。」を英語にしなさい。",
      "explanation": "主語が He なので be動詞は is を使い、「Is he + 動詞ing ...?」の形にします。",
      "wordMeanings": [
        {
          "word": "Is",
          "meaning": "（疑問文のbe動詞）"
        },
        {
          "word": "he",
          "meaning": "彼は"
        },
        {
          "word": "reading",
          "meaning": "読んでいる"
        },
        {
          "word": "a book",
          "meaning": "本を"
        },
        {
          "word": "now",
          "meaning": "今"
        }
      ],
      "choices": [
        {
          "text": "Is he reading a book now?",
          "explanation": ""
        },
        {
          "text": "Does he reading a book now?",
          "explanation": "現在進行形の疑問文に does は使いません。be動詞を主語の前に出します。"
        },
        {
          "text": "Is he read a book now?",
          "explanation": "動詞が原形のままです。現在進行形の疑問文でも動詞は ing形（reading）にします。"
        },
        {
          "text": "Are he reading a book now?",
          "explanation": "主語が He のとき、be動詞は is を使います。are は you / we / they に使います。"
        }
      ],
      "correctAnswer": "Is he reading a book now?",
      "tags": {
        "sentenceType": "yesNoQuestion",
        "verbKind": "general"
      }
    },
    {
      "question": "「あなたは今、音楽を聴いていますか。」を英語にしなさい。",
      "explanation": "主語が You なので be動詞は are を使い、「Are you + 動詞ing ...?」の形にします。",
      "wordMeanings": [
        {
          "word": "Are",
          "meaning": "（疑問文のbe動詞）"
        },
        {
          "word": "you",
          "meaning": "あなたは"
        },
        {
          "word": "listening",
          "meaning": "聴いている"
        },
        {
          "word": "to music",
          "meaning": "音楽を"
        },
        {
          "word": "now",
          "meaning": "今"
        }
      ],
      "choices": [
        {
          "text": "Are you listening to music now?",
          "explanation": ""
        },
        {
          "text": "Do you listening to music now?",
          "explanation": "現在進行形の疑問文に do は使いません。be動詞（are）を主語の前に出します。"
        },
        {
          "text": "Are you listen to music now?",
          "explanation": "動詞が原形のままです。現在進行形の疑問文でも動詞は ing形（listening）にします。"
        },
        {
          "text": "Is you listening to music now?",
          "explanation": "主語が You のとき、be動詞は are を使います。is は he/she/it に使います。"
        }
      ],
      "correctAnswer": "Are you listening to music now?",
      "tags": {
        "sentenceType": "yesNoQuestion",
        "verbKind": "general"
      }
    },
    {
      "question": "「彼女は今、座っていますか。」を英語にしなさい。",
      "explanation": "主語が She なので be動詞は is を使います。sit の ing形は t を重ねて sitting になります。",
      "wordMeanings": [
        {
          "word": "Is",
          "meaning": "（疑問文のbe動詞）"
        },
        {
          "word": "she",
          "meaning": "彼女は"
        },
        {
          "word": "sitting",
          "meaning": "座っている"
        },
        {
          "word": "now",
          "meaning": "今"
        }
      ],
      "choices": [
        {
          "text": "Is she sitting now?",
          "explanation": ""
        },
        {
          "text": "Is she siting now?",
          "explanation": "sit の ing形はスペルに注意が必要です。t を重ねて sitting とします。"
        },
        {
          "text": "Does she sitting now?",
          "explanation": "現在進行形の疑問文に does は使いません。be動詞を主語の前に出します。"
        },
        {
          "text": "Are she sitting now?",
          "explanation": "主語が She のとき、be動詞は is を使います。are は you / we / they に使います。"
        }
      ],
      "correctAnswer": "Is she sitting now?",
      "tags": {
        "sentenceType": "yesNoQuestion",
        "verbKind": "general"
      }
    },
    {
      "question": "「私たちは今、立っていますか。」を英語にしなさい。",
      "explanation": "主語が We なので be動詞は are を使い、「Are we + 動詞ing ...?」の形にします。",
      "wordMeanings": [
        {
          "word": "Are",
          "meaning": "（疑問文のbe動詞）"
        },
        {
          "word": "we",
          "meaning": "私たちは"
        },
        {
          "word": "standing",
          "meaning": "立っている"
        },
        {
          "word": "now",
          "meaning": "今"
        }
      ],
      "choices": [
        {
          "text": "Are we standing now?",
          "explanation": ""
        },
        {
          "text": "Do we standing now?",
          "explanation": "現在進行形の疑問文に do は使いません。be動詞（are）を主語の前に出します。"
        },
        {
          "text": "Is we standing now?",
          "explanation": "主語が We のとき、be動詞は are を使います。is は he/she/it に使います。"
        },
        {
          "text": "Are we stand now?",
          "explanation": "動詞が原形のままです。現在進行形の疑問文でも動詞は ing形（standing）にします。"
        }
      ],
      "correctAnswer": "Are we standing now?",
      "tags": {
        "sentenceType": "yesNoQuestion",
        "verbKind": "general"
      }
    },
    {
      "question": "「彼女は何をしていますか。」を英語にしなさい。",
      "explanation": "「何を〜していますか」は「What + be動詞 + 主語 + doing?」で表します。",
      "wordMeanings": [
        {
          "word": "What",
          "meaning": "何を"
        },
        {
          "word": "is",
          "meaning": "（be動詞）"
        },
        {
          "word": "she",
          "meaning": "彼女は"
        },
        {
          "word": "doing",
          "meaning": "している"
        }
      ],
      "choices": [
        {
          "text": "What is she doing?",
          "explanation": ""
        },
        {
          "text": "What does she doing?",
          "explanation": "現在進行形の疑問文に does は使いません。「What + be動詞 + 主語 + doing?」の形にします。"
        },
        {
          "text": "What she is doing?",
          "explanation": "疑問詞疑問文では「疑問詞 + be動詞 + 主語」の語順にします。she と is の位置が逆です。"
        },
        {
          "text": "What is she do?",
          "explanation": "動詞が原形のままです。現在進行形では動詞を ing形（doing）にしなければなりません。"
        }
      ],
      "correctAnswer": "What is she doing?",
      "tags": {
        "sentenceType": "whQuestion",
        "verbKind": "general",
        "questionWordKind": "what"
      }
    },
    {
      "question": "「彼らはどこで遊んでいますか。」を英語にしなさい。",
      "explanation": "「どこで〜していますか」は「Where + be動詞 + 主語 + 動詞ing?」で表します。",
      "wordMeanings": [
        {
          "word": "Where",
          "meaning": "どこで"
        },
        {
          "word": "are",
          "meaning": "（be動詞）"
        },
        {
          "word": "they",
          "meaning": "彼らは"
        },
        {
          "word": "playing",
          "meaning": "遊んでいる"
        }
      ],
      "choices": [
        {
          "text": "Where are they playing?",
          "explanation": ""
        },
        {
          "text": "Where do they playing?",
          "explanation": "現在進行形の疑問文に do は使いません。「Where + be動詞 + 主語 + 動詞ing?」の形にします。"
        },
        {
          "text": "Where they are playing?",
          "explanation": "疑問詞疑問文では「疑問詞 + be動詞 + 主語」の語順にします。they と are の位置が逆です。"
        },
        {
          "text": "Where is they playing?",
          "explanation": "主語が They のとき、be動詞は are を使います。is は he/she/it に使います。"
        }
      ],
      "correctAnswer": "Where are they playing?",
      "tags": {
        "sentenceType": "whQuestion",
        "verbKind": "general",
        "questionWordKind": "where"
      }
    },
    {
      "question": "「だれが料理をしていますか。」を英語にしなさい。",
      "explanation": "「だれが〜していますか」は「Who + is + 動詞ing?」で表します。Who が主語なので、be動詞は is を使います。",
      "wordMeanings": [
        {
          "word": "Who",
          "meaning": "だれが"
        },
        {
          "word": "is",
          "meaning": "（be動詞）"
        },
        {
          "word": "cooking",
          "meaning": "料理をしている"
        }
      ],
      "choices": [
        {
          "text": "Who is cooking?",
          "explanation": ""
        },
        {
          "text": "Who does cooking?",
          "explanation": "現在進行形の疑問文に does は使いません。「Who + is + 動詞ing?」の形にします。"
        },
        {
          "text": "Who cooking?",
          "explanation": "be動詞（is）が抜けています。現在進行形では「Who + is + 動詞ing?」の形が必要です。"
        },
        {
          "text": "Who are cooking?",
          "explanation": "Who が主語のとき、be動詞は通常 is を使います（1人を想定するため）。"
        }
      ],
      "correctAnswer": "Who is cooking?",
      "tags": {
        "sentenceType": "whQuestion",
        "verbKind": "general",
        "questionWordKind": "who"
      }
    },
    {
      "question": "「あなたは何を読んでいますか。」を英語にしなさい。",
      "explanation": "「何を〜していますか」は「What + be動詞 + 主語 + 動詞ing?」で表します。主語が You なので be動詞は are を使います。",
      "wordMeanings": [
        {
          "word": "What",
          "meaning": "何を"
        },
        {
          "word": "are",
          "meaning": "（be動詞）"
        },
        {
          "word": "you",
          "meaning": "あなたは"
        },
        {
          "word": "reading",
          "meaning": "読んでいる"
        }
      ],
      "choices": [
        {
          "text": "What are you reading?",
          "explanation": ""
        },
        {
          "text": "What do you reading?",
          "explanation": "現在進行形の疑問文に do は使いません。「What + be動詞 + 主語 + 動詞ing?」の形にします。"
        },
        {
          "text": "What are you read?",
          "explanation": "動詞が原形のままです。現在進行形では動詞を ing形（reading）にしなければなりません。"
        },
        {
          "text": "What is you reading?",
          "explanation": "主語が You のとき、be動詞は are を使います。is は he/she/it に使います。"
        }
      ],
      "correctAnswer": "What are you reading?",
      "tags": {
        "sentenceType": "whQuestion",
        "verbKind": "general",
        "questionWordKind": "what"
      }
    }
  ]
}
