{
  "key": "present",
  "displayName": "現在",
  "questions": [
    {
      "question": "「私は学生です。」を英語にしなさい。",
      "explanation": "「私は〜です」は I am で表します。",
      "wordMeanings": {
        "I": "私は",
        "am": "〜です（be動詞）",
        "a": "1人の",
        "student": "学生"
      },
      "choices": [
        {
          "text": "I am a student.",
          "explanation": ""
        },
        {
          "text": "I is a student.",
          "explanation": "is は he/she/it に使うbe動詞です。I には am を使います。"
        },
        {
          "text": "I are a student.",
          "explanation": "are は you/we/they に使うbe動詞です。I には am を使います。"
        },
        {
          "text": "I do a student.",
          "explanation": "do は一般動詞の疑問文・否定文で使う助動詞です。「〜です」には be動詞を使います。"
        }
      ],
      "correctAnswer": "I am a student.",
      "tags": {
        "sentenceType": "affirmative",
        "verbKind": "be"
      }
    },
    {
      "question": "「彼は忙しいです。」を英語にしなさい。",
      "explanation": "主語が he なので be動詞は is を使います。",
      "wordMeanings": {
        "He": "彼は",
        "is": "〜です（be動詞）",
        "busy": "忙しい"
      },
      "choices": [
        {
          "text": "He is busy.",
          "explanation": ""
        },
        {
          "text": "He are busy.",
          "explanation": "are は you/we/they に使います。he には is を使います。"
        },
        {
          "text": "He am busy.",
          "explanation": "am は I にだけ使うbe動詞です。he には is を使います。"
        },
        {
          "text": "He busy.",
          "explanation": "「〜です」と言うときは be動詞が必要です。He is busy. が正しい文です。"
        }
      ],
      "correctAnswer": "He is busy.",
      "tags": {
        "sentenceType": "affirmative",
        "verbKind": "be"
      }
    },
    {
      "question": "「彼らは幸せです。」を英語にしなさい。",
      "explanation": "主語が they なので be動詞は are を使います。",
      "wordMeanings": {
        "They": "彼らは",
        "are": "〜です（be動詞）",
        "happy": "幸せな"
      },
      "choices": [
        {
          "text": "They are happy.",
          "explanation": ""
        },
        {
          "text": "They is happy.",
          "explanation": "is は he/she/it に使います。they には are を使います。"
        },
        {
          "text": "They am happy.",
          "explanation": "am は I にだけ使います。they には are を使います。"
        },
        {
          "text": "They happy.",
          "explanation": "be動詞が抜けています。They are happy. が正しい文です。"
        }
      ],
      "correctAnswer": "They are happy.",
      "tags": {
        "sentenceType": "affirmative",
        "verbKind": "be"
      }
    },
    {
      "question": "「私たちは友達です。」を英語にしなさい。",
      "explanation": "主語が we なので be動詞は are を使います。",
      "wordMeanings": {
        "We": "私たちは",
        "are": "〜です（be動詞）",
        "friends": "友達"
      },
      "choices": [
        {
          "text": "We are friends.",
          "explanation": ""
        },
        {
          "text": "We is friends.",
          "explanation": "is は he/she/it に使います。we には are を使います。"
        },
        {
          "text": "We am friends.",
          "explanation": "am は I にだけ使います。we には are を使います。"
        },
        {
          "text": "We friends.",
          "explanation": "be動詞が抜けています。We are friends. が正しい文です。"
        }
      ],
      "correctAnswer": "We are friends.",
      "tags": {
        "sentenceType": "affirmative",
        "verbKind": "be"
      }
    },
    {
      "question": "「私は毎日テニスをします。」を英語にしなさい。",
      "explanation": "主語が I なので動詞は原形の play を使います。",
      "wordMeanings": {
        "I": "私は",
        "play": "〜をする（スポーツ）",
        "tennis": "テニス",
        "every day": "毎日"
      },
      "choices": [
        {
          "text": "I play tennis every day.",
          "explanation": ""
        },
        {
          "text": "I plays tennis every day.",
          "explanation": "plays は三人称単数（he/she/it）のときの形です。I には play を使います。"
        },
        {
          "text": "I am play tennis every day.",
          "explanation": "be動詞と一般動詞を一緒に使うことはできません。I play tennis が正しいです。"
        },
        {
          "text": "I playing tennis every day.",
          "explanation": "playing は現在進行形の形です。習慣を表すには I play tennis とします。"
        }
      ],
      "correctAnswer": "I play tennis every day.",
      "tags": {
        "sentenceType": "affirmative",
        "verbKind": "general"
      }
    },
    {
      "question": "「彼女は音楽が好きです。」を英語にしなさい。",
      "explanation": "主語が she（三人称単数）なので like に -s をつけて likes にします。",
      "wordMeanings": {
        "She": "彼女は",
        "likes": "〜が好きです",
        "music": "音楽"
      },
      "choices": [
        {
          "text": "She likes music.",
          "explanation": ""
        },
        {
          "text": "She like music.",
          "explanation": "主語が she のとき、動詞には三人称単数の -s をつけます。likes が正しいです。"
        },
        {
          "text": "She is like music.",
          "explanation": "be動詞の is と一般動詞の like を一緒に使うことはできません。"
        },
        {
          "text": "She liking music.",
          "explanation": "liking は進行形の形ですが、like は状態動詞なので通常進行形にしません。"
        }
      ],
      "correctAnswer": "She likes music.",
      "tags": {
        "sentenceType": "affirmative",
        "verbKind": "general"
      }
    },
    {
      "question": "「彼は毎日英語を勉強します。」を英語にしなさい。",
      "explanation": "主語が he なので study の語尾を -ies に変えて studies にします。",
      "wordMeanings": {
        "He": "彼は",
        "studies": "勉強する（三人称単数形）",
        "English": "英語",
        "every day": "毎日"
      },
      "choices": [
        {
          "text": "He studies English every day.",
          "explanation": ""
        },
        {
          "text": "He study English every day.",
          "explanation": "主語が he のとき、動詞には三人称単数の変化が必要です。studies が正しいです。"
        },
        {
          "text": "He studys English every day.",
          "explanation": "study は y を i に変えて -es をつけます。studys ではなく studies が正しいです。"
        },
        {
          "text": "He is studies English every day.",
          "explanation": "be動詞の is と一般動詞の studies を一緒に使うことはできません。"
        }
      ],
      "correctAnswer": "He studies English every day.",
      "tags": {
        "sentenceType": "affirmative",
        "verbKind": "general"
      }
    },
    {
      "question": "「私たちは毎朝朝食を食べます。」を英語にしなさい。",
      "explanation": "主語が we なので動詞は原形の eat を使います。",
      "wordMeanings": {
        "We": "私たちは",
        "eat": "〜を食べる",
        "breakfast": "朝食",
        "every morning": "毎朝"
      },
      "choices": [
        {
          "text": "We eat breakfast every morning.",
          "explanation": ""
        },
        {
          "text": "We eats breakfast every morning.",
          "explanation": "eats は三人称単数のときの形です。we には eat を使います。"
        },
        {
          "text": "We are eat breakfast every morning.",
          "explanation": "be動詞と一般動詞を一緒に使うことはできません。"
        },
        {
          "text": "We eating breakfast every morning.",
          "explanation": "eating だけでは文が成り立ちません。We eat が正しい形です。"
        }
      ],
      "correctAnswer": "We eat breakfast every morning.",
      "tags": {
        "sentenceType": "affirmative",
        "verbKind": "general"
      }
    },
    {
      "question": "「あなたはよく本を読みます。」を英語にしなさい。",
      "explanation": "主語が you なので動詞は原形の read を使います。「よく」は often で表します。",
      "wordMeanings": {
        "You": "あなたは",
        "often": "よく（頻度）",
        "read": "〜を読む",
        "books": "本（複数）"
      },
      "choices": [
        {
          "text": "You often read books.",
          "explanation": ""
        },
        {
          "text": "You often reads books.",
          "explanation": "reads は三人称単数のときの形です。you には read を使います。"
        },
        {
          "text": "You are often read books.",
          "explanation": "be動詞と一般動詞を一緒に使うことはできません。"
        },
        {
          "text": "You often reading books.",
          "explanation": "reading だけでは文が成り立ちません。You often read が正しい形です。"
        }
      ],
      "correctAnswer": "You often read books.",
      "tags": {
        "sentenceType": "affirmative",
        "verbKind": "general"
      }
    },
    {
      "question": "「彼は犬を飼っています。」を英語にしなさい。",
      "explanation": "主語が he なので have を has に変えます。",
      "wordMeanings": {
        "He": "彼は",
        "has": "〜を持っている・飼っている",
        "a": "1匹の",
        "dog": "犬"
      },
      "choices": [
        {
          "text": "He has a dog.",
          "explanation": ""
        },
        {
          "text": "He have a dog.",
          "explanation": "主語が he のとき、have は has に変わります。三人称単数の変化です。"
        },
        {
          "text": "He haves a dog.",
          "explanation": "have の三人称単数形は haves ではなく has です。不規則に変化します。"
        },
        {
          "text": "He is have a dog.",
          "explanation": "be動詞と一般動詞を一緒に使うことはできません。"
        }
      ],
      "correctAnswer": "He has a dog.",
      "tags": {
        "sentenceType": "affirmative",
        "verbKind": "general"
      }
    },
    {
      "question": "「彼は先生ではありません。」を英語にしなさい。",
      "explanation": "be動詞 is の否定は is not です。",
      "wordMeanings": {
        "He": "彼は",
        "is not": "〜ではない",
        "a": "1人の",
        "teacher": "先生"
      },
      "choices": [
        {
          "text": "He is not a teacher.",
          "explanation": ""
        },
        {
          "text": "He not is a teacher.",
          "explanation": "not の位置が間違っています。be動詞の後ろに not を置きます。"
        },
        {
          "text": "He does not a teacher.",
          "explanation": "「〜ではない」は be動詞の否定で表します。does not は一般動詞の否定に使います。"
        },
        {
          "text": "He do not a teacher.",
          "explanation": "do not は一般動詞の否定に使います。また he には does を使います。"
        }
      ],
      "correctAnswer": "He is not a teacher.",
      "tags": {
        "sentenceType": "negative",
        "verbKind": "be"
      }
    },
    {
      "question": "「私たちはお腹が空いていません。」を英語にしなさい。",
      "explanation": "主語が we なので be動詞は are、その否定は are not です。",
      "wordMeanings": {
        "We": "私たちは",
        "are not": "〜ではない",
        "hungry": "お腹が空いた"
      },
      "choices": [
        {
          "text": "We are not hungry.",
          "explanation": ""
        },
        {
          "text": "We is not hungry.",
          "explanation": "is は he/she/it に使います。we には are を使います。"
        },
        {
          "text": "We do not hungry.",
          "explanation": "hungry は形容詞なので、be動詞を使います。do not は一般動詞の否定です。"
        },
        {
          "text": "We not are hungry.",
          "explanation": "not の位置が間違っています。be動詞の後ろに not を置きます。"
        }
      ],
      "correctAnswer": "We are not hungry.",
      "tags": {
        "sentenceType": "negative",
        "verbKind": "be"
      }
    },
    {
      "question": "「あなたは疲れていません。」を英語にしなさい。",
      "explanation": "主語が you なので be動詞は are、その否定は are not です。",
      "wordMeanings": {
        "You": "あなたは",
        "are not": "〜ではない",
        "tired": "疲れた"
      },
      "choices": [
        {
          "text": "You are not tired.",
          "explanation": ""
        },
        {
          "text": "You is not tired.",
          "explanation": "is は he/she/it に使います。you には are を使います。"
        },
        {
          "text": "You do not tired.",
          "explanation": "tired は形容詞なので、be動詞を使います。do not は一般動詞の否定です。"
        },
        {
          "text": "You not are tired.",
          "explanation": "not の位置が間違っています。be動詞の後ろに not を置きます。"
        }
      ],
      "correctAnswer": "You are not tired.",
      "tags": {
        "sentenceType": "negative",
        "verbKind": "be"
      }
    },
    {
      "question": "「私はサッカーをしません。」を英語にしなさい。",
      "explanation": "一般動詞の否定文は do not + 動詞の原形です。",
      "wordMeanings": {
        "I": "私は",
        "do not": "〜しない",
        "play": "〜をする",
        "soccer": "サッカー"
      },
      "choices": [
        {
          "text": "I do not play soccer.",
          "explanation": ""
        },
        {
          "text": "I not play soccer.",
          "explanation": "一般動詞の否定には do not が必要です。not だけでは否定文になりません。"
        },
        {
          "text": "I am not play soccer.",
          "explanation": "be動詞と一般動詞を一緒に使うことはできません。do not play が正しいです。"
        },
        {
          "text": "I does not play soccer.",
          "explanation": "does は三人称単数（he/she/it）に使います。I には do を使います。"
        }
      ],
      "correctAnswer": "I do not play soccer.",
      "tags": {
        "sentenceType": "negative",
        "verbKind": "general"
      }
    },
    {
      "question": "「彼女は朝食を食べません。」を英語にしなさい。",
      "explanation": "主語が she（三人称単数）なので does not + 動詞の原形を使います。",
      "wordMeanings": {
        "She": "彼女は",
        "does not": "〜しない",
        "eat": "〜を食べる",
        "breakfast": "朝食"
      },
      "choices": [
        {
          "text": "She does not eat breakfast.",
          "explanation": ""
        },
        {
          "text": "She do not eat breakfast.",
          "explanation": "主語が she のとき、do ではなく does を使います。"
        },
        {
          "text": "She does not eats breakfast.",
          "explanation": "does not の後は動詞の原形です。eats ではなく eat にします。"
        },
        {
          "text": "She not eat breakfast.",
          "explanation": "一般動詞の否定には does not が必要です。not だけでは否定文になりません。"
        }
      ],
      "correctAnswer": "She does not eat breakfast.",
      "tags": {
        "sentenceType": "negative",
        "verbKind": "general"
      }
    },
    {
      "question": "「彼らは数学を勉強しません。」を英語にしなさい。",
      "explanation": "主語が they なので do not + 動詞の原形を使います。",
      "wordMeanings": {
        "They": "彼らは",
        "do not": "〜しない",
        "study": "〜を勉強する",
        "math": "数学"
      },
      "choices": [
        {
          "text": "They do not study math.",
          "explanation": ""
        },
        {
          "text": "They does not study math.",
          "explanation": "does は三人称単数（he/she/it）に使います。they には do を使います。"
        },
        {
          "text": "They do not studies math.",
          "explanation": "do not の後は動詞の原形です。studies ではなく study にします。"
        },
        {
          "text": "They not study math.",
          "explanation": "一般動詞の否定には do not が必要です。not だけでは否定文になりません。"
        }
      ],
      "correctAnswer": "They do not study math.",
      "tags": {
        "sentenceType": "negative",
        "verbKind": "general"
      }
    },
    {
      "question": "「彼は学校で英語を話しません。」を英語にしなさい。",
      "explanation": "主語が he（三人称単数）なので does not + 動詞の原形を使います。",
      "wordMeanings": {
        "He": "彼は",
        "does not": "〜しない",
        "speak": "〜を話す",
        "English": "英語",
        "at school": "学校で"
      },
      "choices": [
        {
          "text": "He does not speak English at school.",
          "explanation": ""
        },
        {
          "text": "He do not speak English at school.",
          "explanation": "主語が he のとき、do ではなく does を使います。"
        },
        {
          "text": "He does not speaks English at school.",
          "explanation": "does not の後は動詞の原形です。speaks ではなく speak にします。"
        },
        {
          "text": "He is not speak English at school.",
          "explanation": "be動詞と一般動詞を一緒に使うことはできません。does not speak が正しいです。"
        }
      ],
      "correctAnswer": "He does not speak English at school.",
      "tags": {
        "sentenceType": "negative",
        "verbKind": "general"
      }
    },
    {
      "question": "「私はテレビを見ません。」を英語にしなさい。",
      "explanation": "一般動詞の否定文は do not + 動詞の原形です。",
      "wordMeanings": {
        "I": "私は",
        "do not": "〜しない",
        "watch": "〜を見る",
        "TV": "テレビ"
      },
      "choices": [
        {
          "text": "I do not watch TV.",
          "explanation": ""
        },
        {
          "text": "I does not watch TV.",
          "explanation": "does は三人称単数（he/she/it）に使います。I には do を使います。"
        },
        {
          "text": "I am not watch TV.",
          "explanation": "be動詞と一般動詞を一緒に使うことはできません。do not watch が正しいです。"
        },
        {
          "text": "I not watch TV.",
          "explanation": "一般動詞の否定には do not が必要です。not だけでは否定文になりません。"
        }
      ],
      "correctAnswer": "I do not watch TV.",
      "tags": {
        "sentenceType": "negative",
        "verbKind": "general"
      }
    },
    {
      "question": "「彼は背が高いですか？」を英語にしなさい。",
      "explanation": "be動詞の疑問文は be動詞を主語の前に出します。",
      "wordMeanings": {
        "Is": "〜ですか（be動詞）",
        "he": "彼は",
        "tall": "背が高い"
      },
      "choices": [
        {
          "text": "Is he tall?",
          "explanation": ""
        },
        {
          "text": "He is tall?",
          "explanation": "疑問文ではbe動詞を主語の前に出します。Is he tall? が正しい語順です。"
        },
        {
          "text": "Does he tall?",
          "explanation": "tall は形容詞なので be動詞を使います。does は一般動詞の疑問文に使います。"
        },
        {
          "text": "Do he tall?",
          "explanation": "tall は形容詞なので be動詞を使います。また he には does を使います。"
        }
      ],
      "correctAnswer": "Is he tall?",
      "tags": {
        "sentenceType": "yesNoQuestion",
        "verbKind": "be"
      }
    },
    {
      "question": "「あなたは新しい生徒ですか？」を英語にしなさい。",
      "explanation": "主語が you なので be動詞は are、疑問文では主語の前に出します。",
      "wordMeanings": {
        "Are": "〜ですか（be動詞）",
        "you": "あなたは",
        "a": "1人の",
        "new": "新しい",
        "student": "生徒"
      },
      "choices": [
        {
          "text": "Are you a new student?",
          "explanation": ""
        },
        {
          "text": "Is you a new student?",
          "explanation": "you に使うbe動詞は are です。is ではありません。"
        },
        {
          "text": "Do you a new student?",
          "explanation": "「〜ですか」は be動詞の疑問文です。do は一般動詞の疑問に使います。"
        },
        {
          "text": "You are a new student?",
          "explanation": "疑問文では be動詞を主語の前に出します。Are you が正しい語順です。"
        }
      ],
      "correctAnswer": "Are you a new student?",
      "tags": {
        "sentenceType": "yesNoQuestion",
        "verbKind": "be"
      }
    },
    {
      "question": "「彼らは元気ですか？」を英語にしなさい。",
      "explanation": "主語が they なので be動詞は are、疑問文では主語の前に出します。",
      "wordMeanings": {
        "Are": "〜ですか（be動詞）",
        "they": "彼らは",
        "happy": "元気な・幸せな"
      },
      "choices": [
        {
          "text": "Are they happy?",
          "explanation": ""
        },
        {
          "text": "Is they happy?",
          "explanation": "they に使うbe動詞は are です。is ではありません。"
        },
        {
          "text": "Do they happy?",
          "explanation": "happy は形容詞なので be動詞を使います。do は一般動詞の疑問に使います。"
        },
        {
          "text": "They are happy?",
          "explanation": "疑問文では be動詞を主語の前に出します。Are they が正しい語順です。"
        }
      ],
      "correctAnswer": "Are they happy?",
      "tags": {
        "sentenceType": "yesNoQuestion",
        "verbKind": "be"
      }
    },
    {
      "question": "「あなたは毎日走りますか？」を英語にしなさい。",
      "explanation": "一般動詞の疑問文は Do + 主語 + 動詞の原形 です。",
      "wordMeanings": {
        "Do": "〜しますか",
        "you": "あなたは",
        "run": "走る",
        "every day": "毎日"
      },
      "choices": [
        {
          "text": "Do you run every day?",
          "explanation": ""
        },
        {
          "text": "Does you run every day?",
          "explanation": "you には do を使います。does は三人称単数（he/she/it）に使います。"
        },
        {
          "text": "Are you run every day?",
          "explanation": "run は一般動詞なので、疑問文には do を使います。be動詞は使いません。"
        },
        {
          "text": "Do you runs every day?",
          "explanation": "Do の後は動詞の原形です。runs ではなく run にします。"
        }
      ],
      "correctAnswer": "Do you run every day?",
      "tags": {
        "sentenceType": "yesNoQuestion",
        "verbKind": "general"
      }
    },
    {
      "question": "「彼女は料理をしますか？」を英語にしなさい。",
      "explanation": "主語が she（三人称単数）なので Does + 主語 + 動詞の原形 です。",
      "wordMeanings": {
        "Does": "〜しますか",
        "she": "彼女は",
        "cook": "料理をする"
      },
      "choices": [
        {
          "text": "Does she cook?",
          "explanation": ""
        },
        {
          "text": "Do she cook?",
          "explanation": "主語が she のとき、do ではなく does を使います。"
        },
        {
          "text": "Does she cooks?",
          "explanation": "Does の後は動詞の原形です。cooks ではなく cook にします。"
        },
        {
          "text": "Is she cook?",
          "explanation": "cook は一般動詞なので、疑問文には does を使います。be動詞は使いません。"
        }
      ],
      "correctAnswer": "Does she cook?",
      "tags": {
        "sentenceType": "yesNoQuestion",
        "verbKind": "general"
      }
    },
    {
      "question": "「彼は公園で泳ぎますか？」を英語にしなさい。",
      "explanation": "主語が he（三人称単数）なので Does + 主語 + 動詞の原形 です。",
      "wordMeanings": {
        "Does": "〜しますか",
        "he": "彼は",
        "swim": "泳ぐ",
        "in the park": "公園で"
      },
      "choices": [
        {
          "text": "Does he swim in the park?",
          "explanation": ""
        },
        {
          "text": "Do he swim in the park?",
          "explanation": "主語が he のとき、do ではなく does を使います。"
        },
        {
          "text": "Does he swims in the park?",
          "explanation": "Does の後は動詞の原形です。swims ではなく swim にします。"
        },
        {
          "text": "Is he swim in the park?",
          "explanation": "swim は一般動詞なので、疑問文には does を使います。be動詞は使いません。"
        }
      ],
      "correctAnswer": "Does he swim in the park?",
      "tags": {
        "sentenceType": "yesNoQuestion",
        "verbKind": "general"
      }
    },
    {
      "question": "「あなたは猫が好きですか？」を英語にしなさい。",
      "explanation": "一般動詞の疑問文は Do + 主語 + 動詞の原形 です。",
      "wordMeanings": {
        "Do": "〜しますか",
        "you": "あなたは",
        "like": "〜が好き",
        "cats": "猫（複数）"
      },
      "choices": [
        {
          "text": "Do you like cats?",
          "explanation": ""
        },
        {
          "text": "Are you like cats?",
          "explanation": "like は一般動詞なので、疑問文には do を使います。be動詞は使いません。"
        },
        {
          "text": "Does you like cats?",
          "explanation": "you には do を使います。does は三人称単数（he/she/it）に使います。"
        },
        {
          "text": "Do you likes cats?",
          "explanation": "Do の後は動詞の原形です。likes ではなく like にします。"
        }
      ],
      "correctAnswer": "Do you like cats?",
      "tags": {
        "sentenceType": "yesNoQuestion",
        "verbKind": "general"
      }
    },
    {
      "question": "「彼らは毎日宿題をしますか？」を英語にしなさい。",
      "explanation": "一般動詞の疑問文は Do + 主語 + 動詞の原形 です。「宿題をする」は do homework です。",
      "wordMeanings": {
        "Do": "〜しますか（助動詞）",
        "they": "彼らは",
        "do": "〜をする（一般動詞）",
        "homework": "宿題",
        "every day": "毎日"
      },
      "choices": [
        {
          "text": "Do they do homework every day?",
          "explanation": ""
        },
        {
          "text": "Does they do homework every day?",
          "explanation": "they には do を使います。does は三人称単数（he/she/it）に使います。"
        },
        {
          "text": "Are they do homework every day?",
          "explanation": "do は一般動詞なので、疑問文には Do を使います。be動詞は使いません。"
        },
        {
          "text": "Do they does homework every day?",
          "explanation": "Do の後は動詞の原形です。does ではなく do にします。"
        }
      ],
      "correctAnswer": "Do they do homework every day?",
      "tags": {
        "sentenceType": "yesNoQuestion",
        "verbKind": "general"
      }
    },
    {
      "question": "「あなたは何を勉強しますか？」を英語にしなさい。",
      "explanation": "疑問詞 What + do + 主語 + 動詞の原形 の語順です。",
      "wordMeanings": {
        "What": "何を",
        "do": "〜しますか",
        "you": "あなたは",
        "study": "勉強する"
      },
      "choices": [
        {
          "text": "What do you study?",
          "explanation": ""
        },
        {
          "text": "What you study?",
          "explanation": "疑問詞の後にも do が必要です。What do you study? が正しい語順です。"
        },
        {
          "text": "What do you studies?",
          "explanation": "do の後は動詞の原形です。studies ではなく study にします。"
        },
        {
          "text": "What are you study?",
          "explanation": "study は一般動詞なので do を使います。be動詞は使いません。"
        }
      ],
      "correctAnswer": "What do you study?",
      "tags": {
        "sentenceType": "whQuestion",
        "verbKind": "general",
        "questionWordKind": "what"
      }
    },
    {
      "question": "「彼はどこに住んでいますか？」を英語にしなさい。",
      "explanation": "疑問詞 Where + does + 主語 + 動詞の原形 の語順です。",
      "wordMeanings": {
        "Where": "どこに",
        "does": "〜しますか",
        "he": "彼は",
        "live": "住む"
      },
      "choices": [
        {
          "text": "Where does he live?",
          "explanation": ""
        },
        {
          "text": "Where he lives?",
          "explanation": "疑問詞の後にも does が必要です。Where does he live? が正しい語順です。"
        },
        {
          "text": "Where does he lives?",
          "explanation": "does の後は動詞の原形です。lives ではなく live にします。"
        },
        {
          "text": "Where is he live?",
          "explanation": "live は一般動詞なので does を使います。be動詞は使いません。"
        }
      ],
      "correctAnswer": "Where does he live?",
      "tags": {
        "sentenceType": "whQuestion",
        "verbKind": "general",
        "questionWordKind": "where"
      }
    },
    {
      "question": "「あの人はだれですか？」を英語にしなさい。",
      "explanation": "「だれですか」は Who is で始めます。",
      "wordMeanings": {
        "Who": "だれ",
        "is": "〜ですか（be動詞）",
        "that": "あの",
        "person": "人"
      },
      "choices": [
        {
          "text": "Who is that person?",
          "explanation": ""
        },
        {
          "text": "Who are that person?",
          "explanation": "that person は単数なので be動詞は is を使います。are ではありません。"
        },
        {
          "text": "Who does that person?",
          "explanation": "「〜ですか」は be動詞を使います。does は一般動詞の疑問に使います。"
        },
        {
          "text": "Who that person is?",
          "explanation": "疑問文では be動詞を主語の前に出します。Who is that person? が正しい語順です。"
        }
      ],
      "correctAnswer": "Who is that person?",
      "tags": {
        "sentenceType": "whQuestion",
        "verbKind": "be",
        "questionWordKind": "who"
      }
    },
    {
      "question": "「彼らはいつ昼食を食べますか？」を英語にしなさい。",
      "explanation": "疑問詞 When + do + 主語 + 動詞の原形 の語順です。",
      "wordMeanings": {
        "When": "いつ",
        "do": "〜しますか",
        "they": "彼らは",
        "eat": "〜を食べる",
        "lunch": "昼食"
      },
      "choices": [
        {
          "text": "When do they eat lunch?",
          "explanation": ""
        },
        {
          "text": "When they eat lunch?",
          "explanation": "疑問詞の後にも do が必要です。When do they eat lunch? が正しい語順です。"
        },
        {
          "text": "When does they eat lunch?",
          "explanation": "they には do を使います。does は三人称単数（he/she/it）に使います。"
        },
        {
          "text": "When are they eat lunch?",
          "explanation": "eat は一般動詞なので do を使います。be動詞は使いません。"
        }
      ],
      "correctAnswer": "When do they eat lunch?",
      "tags": {
        "sentenceType": "whQuestion",
        "verbKind": "general",
        "questionWordKind": "when"
      }
    }
  ]
}
