{
  "key": "questionWords",
  "displayName": "疑問詞",
  "questions": [
    {
      "question": "あなたは放課後に何をしますか？",
      "explanation": "「何を」とたずねるときは What を使います。do you do は「あなたは〜しますか」の意味です。",
      "wordMeanings": {
        "What": "何",
        "do you do": "あなたは〜しますか",
        "after school": "放課後に"
      },
      "choices": [
        {
          "text": "What do you do after school?",
          "explanation": ""
        },
        {
          "text": "Where do you do after school?",
          "explanation": "Where は「どこ」という意味です。「何を」とたずねるときは What を使います。"
        },
        {
          "text": "What does you do after school?",
          "explanation": "you のときは does ではなく do を使います。"
        },
        {
          "text": "What you do after school?",
          "explanation": "疑問文では What のあとに do you が必要です。"
        }
      ],
      "correctAnswer": "What do you do after school?",
      "tags": {
        "sentenceType": "whQuestion",
        "verbKind": "general",
        "questionWordKind": "what"
      }
    },
    {
      "question": "これは何ですか？",
      "explanation": "「何ですか」とたずねるときは What is ...? を使います。",
      "wordMeanings": {
        "What": "何",
        "is": "〜ですか",
        "this": "これ"
      },
      "choices": [
        {
          "text": "What is this?",
          "explanation": ""
        },
        {
          "text": "Who is this?",
          "explanation": "Who は「だれ」という意味です。「何」をたずねるときは What を使います。"
        },
        {
          "text": "What are this?",
          "explanation": "this は単数なので are ではなく is を使います。"
        },
        {
          "text": "What this is?",
          "explanation": "疑問文では is を主語の前に出します。What is this? が正しい語順です。"
        }
      ],
      "correctAnswer": "What is this?",
      "tags": {
        "sentenceType": "whQuestion",
        "verbKind": "be",
        "questionWordKind": "what"
      }
    },
    {
      "question": "彼女は何の教科が好きですか？",
      "explanation": "「何の教科」は What subject、三人称単数なので does を使います。",
      "wordMeanings": {
        "What subject": "何の教科",
        "does she like": "彼女は〜が好きですか"
      },
      "choices": [
        {
          "text": "What subject does she like?",
          "explanation": ""
        },
        {
          "text": "When subject does she like?",
          "explanation": "When は「いつ」という意味です。「何の」とたずねるときは What を使います。"
        },
        {
          "text": "What subject do she like?",
          "explanation": "she は三人称単数なので do ではなく does を使います。"
        },
        {
          "text": "What subject does she likes?",
          "explanation": "does を使うとき、動詞は原形にします。likes ではなく like です。"
        }
      ],
      "correctAnswer": "What subject does she like?",
      "tags": {
        "sentenceType": "whQuestion",
        "verbKind": "general",
        "questionWordKind": "what"
      }
    },
    {
      "question": "あなたのお気に入りの色は何ですか？",
      "explanation": "「何ですか」とたずねるときは What is ...? を使います。",
      "wordMeanings": {
        "What": "何",
        "is": "〜ですか",
        "your": "あなたの",
        "favorite": "お気に入りの",
        "color": "色"
      },
      "choices": [
        {
          "text": "What is your favorite color?",
          "explanation": ""
        },
        {
          "text": "Where is your favorite color?",
          "explanation": "Where は「どこ」という意味です。「何」をたずねるときは What を使います。"
        },
        {
          "text": "What are your favorite color?",
          "explanation": "color は単数なので are ではなく is を使います。"
        },
        {
          "text": "What your favorite color is?",
          "explanation": "疑問文では What is your ...? の語順にします。"
        }
      ],
      "correctAnswer": "What is your favorite color?",
      "tags": {
        "sentenceType": "whQuestion",
        "verbKind": "be",
        "questionWordKind": "what"
      }
    },
    {
      "question": "あなたは朝ごはんに何を食べますか？",
      "explanation": "「何を食べますか」は What do you eat ...? です。",
      "wordMeanings": {
        "What": "何を",
        "do you eat": "あなたは食べますか",
        "for breakfast": "朝ごはんに"
      },
      "choices": [
        {
          "text": "What do you eat for breakfast?",
          "explanation": ""
        },
        {
          "text": "Who do you eat for breakfast?",
          "explanation": "Who は「だれ」という意味です。「何を」とたずねるときは What を使います。"
        },
        {
          "text": "What do you eats for breakfast?",
          "explanation": "do を使うとき、動詞は原形にします。eats ではなく eat です。"
        },
        {
          "text": "What you eat for breakfast?",
          "explanation": "疑問文では What のあとに do you が必要です。"
        }
      ],
      "correctAnswer": "What do you eat for breakfast?",
      "tags": {
        "sentenceType": "whQuestion",
        "verbKind": "general",
        "questionWordKind": "what"
      }
    },
    {
      "question": "あなたは何のスポーツをしますか？",
      "explanation": "「何のスポーツ」は What sport、「しますか」は do you play です。",
      "wordMeanings": {
        "What sport": "何のスポーツ",
        "do you play": "あなたはしますか"
      },
      "choices": [
        {
          "text": "What sport do you play?",
          "explanation": ""
        },
        {
          "text": "When sport do you play?",
          "explanation": "When は「いつ」という意味です。「何の」とたずねるときは What を使います。"
        },
        {
          "text": "What sport does you play?",
          "explanation": "you のときは does ではなく do を使います。"
        },
        {
          "text": "What sport do you plays?",
          "explanation": "do を使うとき、動詞は原形にします。plays ではなく play です。"
        }
      ],
      "correctAnswer": "What sport do you play?",
      "tags": {
        "sentenceType": "whQuestion",
        "verbKind": "general",
        "questionWordKind": "what"
      }
    },
    {
      "question": "あの男の子はだれですか？",
      "explanation": "「だれですか」とたずねるときは Who is ...? を使います。",
      "wordMeanings": {
        "Who": "だれ",
        "is": "〜ですか",
        "that": "あの",
        "boy": "男の子"
      },
      "choices": [
        {
          "text": "Who is that boy?",
          "explanation": ""
        },
        {
          "text": "What is that boy?",
          "explanation": "What は「何」という意味です。「だれ」をたずねるときは Who を使います。"
        },
        {
          "text": "Who are that boy?",
          "explanation": "that boy は単数なので are ではなく is を使います。"
        },
        {
          "text": "Who that boy is?",
          "explanation": "疑問文では Who is that boy? の語順にします。"
        }
      ],
      "correctAnswer": "Who is that boy?",
      "tags": {
        "sentenceType": "whQuestion",
        "verbKind": "be",
        "questionWordKind": "who"
      }
    },
    {
      "question": "だれがピアノをひきますか？",
      "explanation": "「だれが〜しますか」と主語をたずねるときは Who + 動詞の三人称単数形を使います。",
      "wordMeanings": {
        "Who": "だれが",
        "plays": "ひく",
        "the piano": "ピアノを"
      },
      "choices": [
        {
          "text": "Who plays the piano?",
          "explanation": ""
        },
        {
          "text": "What plays the piano?",
          "explanation": "What は「何」という意味です。「だれが」をたずねるときは Who を使います。"
        },
        {
          "text": "Who play the piano?",
          "explanation": "Who が主語のとき、動詞は三人称単数形にします。play ではなく plays です。"
        },
        {
          "text": "Who does play the piano?",
          "explanation": "主語をたずねるときは do/does を使いません。Who plays ...? が正しい形です。"
        }
      ],
      "correctAnswer": "Who plays the piano?",
      "tags": {
        "sentenceType": "whQuestion",
        "verbKind": "general",
        "questionWordKind": "who"
      }
    },
    {
      "question": "あなたはだれが好きですか？",
      "explanation": "「だれが好きですか」と目的語をたずねるときは Who do you like? です。",
      "wordMeanings": {
        "Who": "だれを",
        "do you like": "あなたは好きですか"
      },
      "choices": [
        {
          "text": "Who do you like?",
          "explanation": ""
        },
        {
          "text": "What do you like?",
          "explanation": "What は「何」という意味です。「だれ」をたずねるときは Who を使います。"
        },
        {
          "text": "Who does you like?",
          "explanation": "you のときは does ではなく do を使います。"
        },
        {
          "text": "Who you like?",
          "explanation": "疑問文では Who のあとに do you が必要です。"
        }
      ],
      "correctAnswer": "Who do you like?",
      "tags": {
        "sentenceType": "whQuestion",
        "verbKind": "general",
        "questionWordKind": "who"
      }
    },
    {
      "question": "あなたの英語の先生はだれですか？",
      "explanation": "「だれですか」とたずねるときは Who is ...? を使います。",
      "wordMeanings": {
        "Who": "だれ",
        "is": "〜ですか",
        "your": "あなたの",
        "English teacher": "英語の先生"
      },
      "choices": [
        {
          "text": "Who is your English teacher?",
          "explanation": ""
        },
        {
          "text": "Where is your English teacher?",
          "explanation": "Where は「どこ」という意味です。「だれ」をたずねるときは Who を使います。"
        },
        {
          "text": "Who are your English teacher?",
          "explanation": "your English teacher は単数なので are ではなく is を使います。"
        },
        {
          "text": "Who your English teacher is?",
          "explanation": "疑問文では Who is your ...? の語順にします。"
        }
      ],
      "correctAnswer": "Who is your English teacher?",
      "tags": {
        "sentenceType": "whQuestion",
        "verbKind": "be",
        "questionWordKind": "who"
      }
    },
    {
      "question": "だれがこの歌を歌いますか？",
      "explanation": "「だれが〜しますか」と主語をたずねるときは Who + 動詞の三人称単数形です。",
      "wordMeanings": {
        "Who": "だれが",
        "sings": "歌う",
        "this": "この",
        "song": "歌"
      },
      "choices": [
        {
          "text": "Who sings this song?",
          "explanation": ""
        },
        {
          "text": "What sings this song?",
          "explanation": "What は「何」という意味です。人をたずねるときは Who を使います。"
        },
        {
          "text": "Who sing this song?",
          "explanation": "Who が主語のとき、動詞は三人称単数形にします。sing ではなく sings です。"
        },
        {
          "text": "Who does sing this song?",
          "explanation": "主語をたずねるときは do/does を使いません。Who sings ...? が正しい形です。"
        }
      ],
      "correctAnswer": "Who sings this song?",
      "tags": {
        "sentenceType": "whQuestion",
        "verbKind": "general",
        "questionWordKind": "who"
      }
    },
    {
      "question": "だれがあなたに英語を教えますか？",
      "explanation": "「だれが〜しますか」と主語をたずねるときは Who + 動詞の三人称単数形です。",
      "wordMeanings": {
        "Who": "だれが",
        "teaches": "教える",
        "you": "あなたに",
        "English": "英語を"
      },
      "choices": [
        {
          "text": "Who teaches you English?",
          "explanation": ""
        },
        {
          "text": "Where teaches you English?",
          "explanation": "Where は「どこ」という意味です。「だれが」をたずねるときは Who を使います。"
        },
        {
          "text": "Who teach you English?",
          "explanation": "Who が主語のとき、動詞は三人称単数形にします。teach ではなく teaches です。"
        },
        {
          "text": "Who do teach you English?",
          "explanation": "主語をたずねるときは do を使いません。Who teaches ...? が正しい形です。"
        }
      ],
      "correctAnswer": "Who teaches you English?",
      "tags": {
        "sentenceType": "whQuestion",
        "verbKind": "general",
        "questionWordKind": "who"
      }
    },
    {
      "question": "あなたはどこに住んでいますか？",
      "explanation": "「どこに」とたずねるときは Where を使います。",
      "wordMeanings": {
        "Where": "どこに",
        "do you live": "あなたは住んでいますか"
      },
      "choices": [
        {
          "text": "Where do you live?",
          "explanation": ""
        },
        {
          "text": "When do you live?",
          "explanation": "When は「いつ」という意味です。「どこに」をたずねるときは Where を使います。"
        },
        {
          "text": "Where does you live?",
          "explanation": "you のときは does ではなく do を使います。"
        },
        {
          "text": "Where do you lives?",
          "explanation": "do を使うとき、動詞は原形にします。lives ではなく live です。"
        }
      ],
      "correctAnswer": "Where do you live?",
      "tags": {
        "sentenceType": "whQuestion",
        "verbKind": "general",
        "questionWordKind": "where"
      }
    },
    {
      "question": "図書館はどこにありますか？",
      "explanation": "「どこにありますか」とたずねるときは Where is ...? を使います。",
      "wordMeanings": {
        "Where": "どこに",
        "is": "〜ありますか",
        "the library": "図書館"
      },
      "choices": [
        {
          "text": "Where is the library?",
          "explanation": ""
        },
        {
          "text": "What is the library?",
          "explanation": "What は「何」という意味です。「どこに」をたずねるときは Where を使います。"
        },
        {
          "text": "Where are the library?",
          "explanation": "the library は単数なので are ではなく is を使います。"
        },
        {
          "text": "Where the library is?",
          "explanation": "疑問文では Where is the library? の語順にします。"
        }
      ],
      "correctAnswer": "Where is the library?",
      "tags": {
        "sentenceType": "whQuestion",
        "verbKind": "be",
        "questionWordKind": "where"
      }
    },
    {
      "question": "彼はどこでサッカーをしますか？",
      "explanation": "「どこで」は Where、he は三人称単数なので does を使います。",
      "wordMeanings": {
        "Where": "どこで",
        "does he play": "彼はしますか",
        "soccer": "サッカーを"
      },
      "choices": [
        {
          "text": "Where does he play soccer?",
          "explanation": ""
        },
        {
          "text": "When does he play soccer?",
          "explanation": "When は「いつ」という意味です。「どこで」をたずねるときは Where を使います。"
        },
        {
          "text": "Where do he play soccer?",
          "explanation": "he は三人称単数なので do ではなく does を使います。"
        },
        {
          "text": "Where does he plays soccer?",
          "explanation": "does を使うとき、動詞は原形にします。plays ではなく play です。"
        }
      ],
      "correctAnswer": "Where does he play soccer?",
      "tags": {
        "sentenceType": "whQuestion",
        "verbKind": "general",
        "questionWordKind": "where"
      }
    },
    {
      "question": "あなたの学校はどこにありますか？",
      "explanation": "「どこにありますか」は Where is ...? を使います。",
      "wordMeanings": {
        "Where": "どこに",
        "is": "〜ありますか",
        "your": "あなたの",
        "school": "学校"
      },
      "choices": [
        {
          "text": "Where is your school?",
          "explanation": ""
        },
        {
          "text": "Who is your school?",
          "explanation": "Who は「だれ」という意味です。「どこに」をたずねるときは Where を使います。"
        },
        {
          "text": "Where does your school?",
          "explanation": "「ありますか」は be 動詞で表します。does は一般動詞の疑問文に使います。"
        },
        {
          "text": "Where your school is?",
          "explanation": "疑問文では Where is your school? の語順にします。"
        }
      ],
      "correctAnswer": "Where is your school?",
      "tags": {
        "sentenceType": "whQuestion",
        "verbKind": "be",
        "questionWordKind": "where"
      }
    },
    {
      "question": "彼女はどこで勉強しますか？",
      "explanation": "「どこで」は Where、she は三人称単数なので does を使います。",
      "wordMeanings": {
        "Where": "どこで",
        "does she study": "彼女は勉強しますか"
      },
      "choices": [
        {
          "text": "Where does she study?",
          "explanation": ""
        },
        {
          "text": "What does she study?",
          "explanation": "What は「何を」という意味です。「どこで」をたずねるときは Where を使います。"
        },
        {
          "text": "Where do she study?",
          "explanation": "she は三人称単数なので do ではなく does を使います。"
        },
        {
          "text": "Where does she studies?",
          "explanation": "does を使うとき、動詞は原形にします。studies ではなく study です。"
        }
      ],
      "correctAnswer": "Where does she study?",
      "tags": {
        "sentenceType": "whQuestion",
        "verbKind": "general",
        "questionWordKind": "where"
      }
    },
    {
      "question": "あなたはどこで昼ごはんを食べますか？",
      "explanation": "「どこで」は Where を使います。",
      "wordMeanings": {
        "Where": "どこで",
        "do you eat": "あなたは食べますか",
        "lunch": "昼ごはんを"
      },
      "choices": [
        {
          "text": "Where do you eat lunch?",
          "explanation": ""
        },
        {
          "text": "Who do you eat lunch?",
          "explanation": "Who は「だれ」という意味です。「どこで」をたずねるときは Where を使います。"
        },
        {
          "text": "Where does you eat lunch?",
          "explanation": "you のときは does ではなく do を使います。"
        },
        {
          "text": "Where do you eats lunch?",
          "explanation": "do を使うとき、動詞は原形にします。eats ではなく eat です。"
        }
      ],
      "correctAnswer": "Where do you eat lunch?",
      "tags": {
        "sentenceType": "whQuestion",
        "verbKind": "general",
        "questionWordKind": "where"
      }
    },
    {
      "question": "あなたはいつ勉強しますか？",
      "explanation": "「いつ」とたずねるときは When を使います。",
      "wordMeanings": {
        "When": "いつ",
        "do you study": "あなたは勉強しますか"
      },
      "choices": [
        {
          "text": "When do you study?",
          "explanation": ""
        },
        {
          "text": "Where do you study?",
          "explanation": "Where は「どこで」という意味です。「いつ」をたずねるときは When を使います。"
        },
        {
          "text": "When does you study?",
          "explanation": "you のときは does ではなく do を使います。"
        },
        {
          "text": "When you study?",
          "explanation": "疑問文では When のあとに do you が必要です。"
        }
      ],
      "correctAnswer": "When do you study?",
      "tags": {
        "sentenceType": "whQuestion",
        "verbKind": "general",
        "questionWordKind": "when"
      }
    },
    {
      "question": "あなたの誕生日はいつですか？",
      "explanation": "「いつですか」とたずねるときは When is ...? を使います。",
      "wordMeanings": {
        "When": "いつ",
        "is": "〜ですか",
        "your": "あなたの",
        "birthday": "誕生日"
      },
      "choices": [
        {
          "text": "When is your birthday?",
          "explanation": ""
        },
        {
          "text": "What is your birthday?",
          "explanation": "What は「何」という意味です。「いつ」をたずねるときは When を使います。"
        },
        {
          "text": "When are your birthday?",
          "explanation": "your birthday は単数なので are ではなく is を使います。"
        },
        {
          "text": "When your birthday is?",
          "explanation": "疑問文では When is your birthday? の語順にします。"
        }
      ],
      "correctAnswer": "When is your birthday?",
      "tags": {
        "sentenceType": "whQuestion",
        "verbKind": "be",
        "questionWordKind": "when"
      }
    },
    {
      "question": "彼女はいつ来ますか？",
      "explanation": "「いつ」は When、she は三人称単数なので does を使います。",
      "wordMeanings": {
        "When": "いつ",
        "does she come": "彼女は来ますか"
      },
      "choices": [
        {
          "text": "When does she come?",
          "explanation": ""
        },
        {
          "text": "Where does she come?",
          "explanation": "Where は「どこ」という意味です。「いつ」をたずねるときは When を使います。"
        },
        {
          "text": "When do she come?",
          "explanation": "she は三人称単数なので do ではなく does を使います。"
        },
        {
          "text": "When does she comes?",
          "explanation": "does を使うとき、動詞は原形にします。comes ではなく come です。"
        }
      ],
      "correctAnswer": "When does she come?",
      "tags": {
        "sentenceType": "whQuestion",
        "verbKind": "general",
        "questionWordKind": "when"
      }
    },
    {
      "question": "あなたはいつピアノを練習しますか？",
      "explanation": "「いつ」は When を使い、do you practice で「あなたは練習しますか」となります。",
      "wordMeanings": {
        "When": "いつ",
        "do you practice": "あなたは練習しますか",
        "the piano": "ピアノを"
      },
      "choices": [
        {
          "text": "When do you practice the piano?",
          "explanation": ""
        },
        {
          "text": "What do you practice the piano?",
          "explanation": "What は「何を」という意味です。「いつ」をたずねるときは When を使います。"
        },
        {
          "text": "When does you practice the piano?",
          "explanation": "you のときは does ではなく do を使います。"
        },
        {
          "text": "When do you practices the piano?",
          "explanation": "do を使うとき、動詞は原形にします。practices ではなく practice です。"
        }
      ],
      "correctAnswer": "When do you practice the piano?",
      "tags": {
        "sentenceType": "whQuestion",
        "verbKind": "general",
        "questionWordKind": "when"
      }
    },
    {
      "question": "音楽の授業はいつですか？",
      "explanation": "「いつですか」は When is ...? を使います。",
      "wordMeanings": {
        "When": "いつ",
        "is": "〜ですか",
        "the music class": "音楽の授業"
      },
      "choices": [
        {
          "text": "When is the music class?",
          "explanation": ""
        },
        {
          "text": "Where is the music class?",
          "explanation": "Where は「どこ」という意味です。「いつ」をたずねるときは When を使います。"
        },
        {
          "text": "When are the music class?",
          "explanation": "the music class は単数なので are ではなく is を使います。"
        },
        {
          "text": "When the music class is?",
          "explanation": "疑問文では When is the music class? の語順にします。"
        }
      ],
      "correctAnswer": "When is the music class?",
      "tags": {
        "sentenceType": "whQuestion",
        "verbKind": "be",
        "questionWordKind": "when"
      }
    },
    {
      "question": "彼はいつ宿題をしますか？",
      "explanation": "「いつ」は When、he は三人称単数なので does を使います。",
      "wordMeanings": {
        "When": "いつ",
        "does he do": "彼はしますか",
        "his": "彼の",
        "homework": "宿題"
      },
      "choices": [
        {
          "text": "When does he do his homework?",
          "explanation": ""
        },
        {
          "text": "Who does he do his homework?",
          "explanation": "Who は「だれ」という意味です。「いつ」をたずねるときは When を使います。"
        },
        {
          "text": "When do he do his homework?",
          "explanation": "he は三人称単数なので do ではなく does を使います。"
        },
        {
          "text": "When does he does his homework?",
          "explanation": "does を使うとき、動詞は原形にします。does ではなく do です。"
        }
      ],
      "correctAnswer": "When does he do his homework?",
      "tags": {
        "sentenceType": "whQuestion",
        "verbKind": "general",
        "questionWordKind": "when"
      }
    },
    {
      "question": "あなたは本を何冊持っていますか？",
      "explanation": "「何冊」とたずねるときは How many + 複数名詞 を使います。",
      "wordMeanings": {
        "How many": "いくつ",
        "books": "本",
        "do you have": "あなたは持っていますか"
      },
      "choices": [
        {
          "text": "How many books do you have?",
          "explanation": ""
        },
        {
          "text": "How long books do you have?",
          "explanation": "How long は「どのくらい長い」という意味です。「いくつ」は How many を使います。"
        },
        {
          "text": "How many book do you have?",
          "explanation": "How many のあとの名詞は複数形にします。book ではなく books です。"
        },
        {
          "text": "How many books does you have?",
          "explanation": "you のときは does ではなく do を使います。"
        }
      ],
      "correctAnswer": "How many books do you have?",
      "tags": {
        "sentenceType": "whQuestion",
        "verbKind": "general",
        "questionWordKind": "howMany"
      }
    },
    {
      "question": "教室に生徒は何人いますか？",
      "explanation": "「何人いますか」は How many students are there ...? を使います。",
      "wordMeanings": {
        "How many": "何人",
        "students": "生徒",
        "are there": "いますか",
        "in the classroom": "教室に"
      },
      "choices": [
        {
          "text": "How many students are there in the classroom?",
          "explanation": ""
        },
        {
          "text": "How long students are there in the classroom?",
          "explanation": "How long は「どのくらい長い」という意味です。「何人」は How many を使います。"
        },
        {
          "text": "How many student are there in the classroom?",
          "explanation": "How many のあとの名詞は複数形にします。student ではなく students です。"
        },
        {
          "text": "How many students is there in the classroom?",
          "explanation": "students は複数なので is ではなく are を使います。"
        }
      ],
      "correctAnswer": "How many students are there in the classroom?",
      "tags": {
        "sentenceType": "whQuestion",
        "verbKind": "be",
        "questionWordKind": "howMany"
      }
    },
    {
      "question": "彼は犬を何匹飼っていますか？",
      "explanation": "「何匹」は How many + 複数名詞、he は三人称単数なので does を使います。",
      "wordMeanings": {
        "How many": "何匹",
        "dogs": "犬",
        "does he have": "彼は飼っていますか"
      },
      "choices": [
        {
          "text": "How many dogs does he have?",
          "explanation": ""
        },
        {
          "text": "How old dogs does he have?",
          "explanation": "How old は「何歳」という意味です。「何匹」は How many を使います。"
        },
        {
          "text": "How many dogs do he have?",
          "explanation": "he は三人称単数なので do ではなく does を使います。"
        },
        {
          "text": "How many dog does he have?",
          "explanation": "How many のあとの名詞は複数形にします。dog ではなく dogs です。"
        }
      ],
      "correctAnswer": "How many dogs does he have?",
      "tags": {
        "sentenceType": "whQuestion",
        "verbKind": "general",
        "questionWordKind": "howMany"
      }
    },
    {
      "question": "あなたはペンを何本持っていますか？",
      "explanation": "「何本」は How many + 複数名詞 を使います。",
      "wordMeanings": {
        "How many": "何本",
        "pens": "ペン",
        "do you have": "あなたは持っていますか"
      },
      "choices": [
        {
          "text": "How many pens do you have?",
          "explanation": ""
        },
        {
          "text": "How much pens do you have?",
          "explanation": "How much は数えられない名詞に使います。数えられる名詞には How many を使います。"
        },
        {
          "text": "How many pen do you have?",
          "explanation": "How many のあとの名詞は複数形にします。pen ではなく pens です。"
        },
        {
          "text": "How many pens you have?",
          "explanation": "疑問文では How many pens のあとに do you が必要です。"
        }
      ],
      "correctAnswer": "How many pens do you have?",
      "tags": {
        "sentenceType": "whQuestion",
        "verbKind": "general",
        "questionWordKind": "howMany"
      }
    },
    {
      "question": "彼女はりんごをいくつ食べますか？",
      "explanation": "「いくつ」は How many + 複数名詞、she は三人称単数なので does を使います。",
      "wordMeanings": {
        "How many": "いくつ",
        "apples": "りんご",
        "does she eat": "彼女は食べますか"
      },
      "choices": [
        {
          "text": "How many apples does she eat?",
          "explanation": ""
        },
        {
          "text": "How long apples does she eat?",
          "explanation": "How long は「どのくらい長い」という意味です。「いくつ」は How many を使います。"
        },
        {
          "text": "How many apples do she eat?",
          "explanation": "she は三人称単数なので do ではなく does を使います。"
        },
        {
          "text": "How many apples does she eats?",
          "explanation": "does を使うとき、動詞は原形にします。eats ではなく eat です。"
        }
      ],
      "correctAnswer": "How many apples does she eat?",
      "tags": {
        "sentenceType": "whQuestion",
        "verbKind": "general",
        "questionWordKind": "howMany"
      }
    },
    {
      "question": "あなたのクラスには生徒が何人いますか？",
      "explanation": "「何人いますか」は How many students are ...? を使います。",
      "wordMeanings": {
        "How many": "何人",
        "students": "生徒",
        "are": "いますか",
        "in your class": "あなたのクラスに"
      },
      "choices": [
        {
          "text": "How many students are in your class?",
          "explanation": ""
        },
        {
          "text": "How much students are in your class?",
          "explanation": "How much は数えられない名詞に使います。数えられる名詞には How many を使います。"
        },
        {
          "text": "How many students is in your class?",
          "explanation": "students は複数なので is ではなく are を使います。"
        },
        {
          "text": "How many student are in your class?",
          "explanation": "How many のあとの名詞は複数形にします。student ではなく students です。"
        }
      ],
      "correctAnswer": "How many students are in your class?",
      "tags": {
        "sentenceType": "whQuestion",
        "verbKind": "be",
        "questionWordKind": "howMany"
      }
    }
  ]
}
