{
  "key": "hyakunin31to40",
  "displayName": "百人一首(31-40)",
  "questions": [
    {
      "question": "朝ぼらけ 有明の月と 見るまでに",
      "explanation": "「朝ぼらけ 有明の月と 見るまでに 吉野の里に 降れる白雪」31番・坂上是則の歌。ほのぼのと夜が明ける頃、有明の月の光かと見まがうほどに、吉野の里に降り積もった白雪よ。",
      "wordMeanings": [
        {
          "word": "朝ぼらけ",
          "meaning": "夜がほのぼのと明ける頃"
        },
        {
          "word": "有明の月と",
          "meaning": "有明の月かと"
        },
        {
          "word": "見るまでに",
          "meaning": "見間違うほどに"
        },
        {
          "word": "吉野の里に",
          "meaning": "吉野の里に"
        },
        {
          "word": "降れる白雪",
          "meaning": "降り積もった白雪"
        }
      ],
      "choices": [
        {
          "text": "吉野の里に 降れる白雪",
          "explanation": ""
        },
        {
          "text": "流れもあへぬ 紅葉なりけり",
          "explanation": "これは32番・春道列樹の歌「山川に 風のかけたる しがらみは 流れもあへぬ 紅葉なりけり」の下の句です。山の中の川に風がかけた柵は、流れきれずにたまった紅葉であったよ。"
        },
        {
          "text": "しづ心なく 花の散るらむ",
          "explanation": "これは33番・紀友則の歌「ひさかたの 光のどけき 春の日に しづ心なく 花の散るらむ」の下の句です。こんなにものどかな春の日の光なのに、どうして落ち着いた心もなく桜の花は散ってしまうのだろう。"
        },
        {
          "text": "松も昔の 友ならなくに",
          "explanation": "これは34番・藤原興風の歌「誰をかも 知る人にせむ 高砂の 松も昔の 友ならなくに」の下の句です。今さら誰を友人としよう。なじみの高砂の松も、昔からの友ではないのだから。"
        },
        {
          "text": "花ぞ昔の 香ににほひける",
          "explanation": "これは35番・紀貫之の歌「人はいさ 心も知らず ふるさとは 花ぞ昔の 香ににほひける」の下の句です。人の心はさあどうだかわからないが、なじみの里では梅の花が昔のままの香りで咲き匂っていることだ。"
        },
        {
          "text": "雲のいづこに 月宿るらむ",
          "explanation": "これは36番・清原深養父の歌「夏の夜は まだ宵ながら 明けぬるを 雲のいづこに 月宿るらむ」の下の句です。夏の夜はまだ宵のうちだと思っているのに明けてしまった。月は雲のどこに宿っているのだろう。"
        },
        {
          "text": "つらぬきとめぬ 玉ぞ散りける",
          "explanation": "これは37番・文屋朝康の歌「白露に 風の吹きしく 秋の野は つらぬきとめぬ 玉ぞ散りける」の下の句です。白露に風がしきりに吹きつける秋の野は、糸で貫き止めなかった真珠の玉が散り乱れているようだ。"
        },
        {
          "text": "人の命の 惜しくもあるかな",
          "explanation": "これは38番・右近の歌「忘らるる 身をば思はず 誓ひてし 人の命の 惜しくもあるかな」の下の句です。あなたに忘れられる我が身のことは思わない。それよりも、永遠の愛を誓ったあの人が神罰を受けて命を失うのが惜しい。"
        },
        {
          "text": "あまりてなどか 人の恋しき",
          "explanation": "これは39番・参議等の歌「浅茅生の 小野の篠原 しのぶれど あまりてなどか 人の恋しき」の下の句です。浅茅が生える小野の篠原のように忍んではいるけれど、あまりにも抑えきれず、どうしてこんなにあの人が恋しいのか。"
        },
        {
          "text": "ものや思ふと 人の問ふまで",
          "explanation": "これは40番・平兼盛の歌「しのぶれど 色に出でにけり わが恋は ものや思ふと 人の問ふまで」の下の句です。忍んではいたけれど、恋心が顔色に出てしまった。物思いをしているのかと人が尋ねるほどまでに。"
        }
      ],
      "correctAnswer": "吉野の里に 降れる白雪",
      "tags": null
    },
    {
      "question": "山川に 風のかけたる しがらみは",
      "explanation": "「山川に 風のかけたる しがらみは 流れもあへぬ 紅葉なりけり」32番・春道列樹の歌。山の中の川に風がかけた柵は、流れきれずにたまった紅葉であったよ。",
      "wordMeanings": [
        {
          "word": "山川に",
          "meaning": "山の中の川に"
        },
        {
          "word": "風のかけたる",
          "meaning": "風がかけた"
        },
        {
          "word": "しがらみは",
          "meaning": "柵は"
        },
        {
          "word": "流れもあへぬ",
          "meaning": "流れきれない"
        },
        {
          "word": "紅葉なりけり",
          "meaning": "紅葉であったよ"
        }
      ],
      "choices": [
        {
          "text": "吉野の里に 降れる白雪",
          "explanation": "これは31番・坂上是則の歌「朝ぼらけ 有明の月と 見るまでに 吉野の里に 降れる白雪」の下の句です。ほのぼのと夜が明ける頃、有明の月の光かと見まがうほどに、吉野の里に降り積もった白雪よ。"
        },
        {
          "text": "流れもあへぬ 紅葉なりけり",
          "explanation": ""
        },
        {
          "text": "しづ心なく 花の散るらむ",
          "explanation": "これは33番・紀友則の歌「ひさかたの 光のどけき 春の日に しづ心なく 花の散るらむ」の下の句です。こんなにものどかな春の日の光なのに、どうして落ち着いた心もなく桜の花は散ってしまうのだろう。"
        },
        {
          "text": "松も昔の 友ならなくに",
          "explanation": "これは34番・藤原興風の歌「誰をかも 知る人にせむ 高砂の 松も昔の 友ならなくに」の下の句です。今さら誰を友人としよう。なじみの高砂の松も、昔からの友ではないのだから。"
        },
        {
          "text": "花ぞ昔の 香ににほひける",
          "explanation": "これは35番・紀貫之の歌「人はいさ 心も知らず ふるさとは 花ぞ昔の 香ににほひける」の下の句です。人の心はさあどうだかわからないが、なじみの里では梅の花が昔のままの香りで咲き匂っていることだ。"
        },
        {
          "text": "雲のいづこに 月宿るらむ",
          "explanation": "これは36番・清原深養父の歌「夏の夜は まだ宵ながら 明けぬるを 雲のいづこに 月宿るらむ」の下の句です。夏の夜はまだ宵のうちだと思っているのに明けてしまった。月は雲のどこに宿っているのだろう。"
        },
        {
          "text": "つらぬきとめぬ 玉ぞ散りける",
          "explanation": "これは37番・文屋朝康の歌「白露に 風の吹きしく 秋の野は つらぬきとめぬ 玉ぞ散りける」の下の句です。白露に風がしきりに吹きつける秋の野は、糸で貫き止めなかった真珠の玉が散り乱れているようだ。"
        },
        {
          "text": "人の命の 惜しくもあるかな",
          "explanation": "これは38番・右近の歌「忘らるる 身をば思はず 誓ひてし 人の命の 惜しくもあるかな」の下の句です。あなたに忘れられる我が身のことは思わない。それよりも、永遠の愛を誓ったあの人が神罰を受けて命を失うのが惜しい。"
        },
        {
          "text": "あまりてなどか 人の恋しき",
          "explanation": "これは39番・参議等の歌「浅茅生の 小野の篠原 しのぶれど あまりてなどか 人の恋しき」の下の句です。浅茅が生える小野の篠原のように忍んではいるけれど、あまりにも抑えきれず、どうしてこんなにあの人が恋しいのか。"
        },
        {
          "text": "ものや思ふと 人の問ふまで",
          "explanation": "これは40番・平兼盛の歌「しのぶれど 色に出でにけり わが恋は ものや思ふと 人の問ふまで」の下の句です。忍んではいたけれど、恋心が顔色に出てしまった。物思いをしているのかと人が尋ねるほどまでに。"
        }
      ],
      "correctAnswer": "流れもあへぬ 紅葉なりけり",
      "tags": null
    },
    {
      "question": "ひさかたの 光のどけき 春の日に",
      "explanation": "「ひさかたの 光のどけき 春の日に しづ心なく 花の散るらむ」33番・紀友則の歌。こんなにものどかな春の日の光なのに、どうして落ち着いた心もなく桜の花は散ってしまうのだろう。",
      "wordMeanings": [
        {
          "word": "ひさかたの",
          "meaning": "光にかかる枕詞"
        },
        {
          "word": "光のどけき",
          "meaning": "光がのどかな"
        },
        {
          "word": "春の日に",
          "meaning": "春の日に"
        },
        {
          "word": "しづ心なく",
          "meaning": "落ち着いた心もなく"
        },
        {
          "word": "花の散るらむ",
          "meaning": "花が散るのだろう"
        }
      ],
      "choices": [
        {
          "text": "吉野の里に 降れる白雪",
          "explanation": "これは31番・坂上是則の歌「朝ぼらけ 有明の月と 見るまでに 吉野の里に 降れる白雪」の下の句です。ほのぼのと夜が明ける頃、有明の月の光かと見まがうほどに、吉野の里に降り積もった白雪よ。"
        },
        {
          "text": "流れもあへぬ 紅葉なりけり",
          "explanation": "これは32番・春道列樹の歌「山川に 風のかけたる しがらみは 流れもあへぬ 紅葉なりけり」の下の句です。山の中の川に風がかけた柵は、流れきれずにたまった紅葉であったよ。"
        },
        {
          "text": "しづ心なく 花の散るらむ",
          "explanation": ""
        },
        {
          "text": "松も昔の 友ならなくに",
          "explanation": "これは34番・藤原興風の歌「誰をかも 知る人にせむ 高砂の 松も昔の 友ならなくに」の下の句です。今さら誰を友人としよう。なじみの高砂の松も、昔からの友ではないのだから。"
        },
        {
          "text": "花ぞ昔の 香ににほひける",
          "explanation": "これは35番・紀貫之の歌「人はいさ 心も知らず ふるさとは 花ぞ昔の 香ににほひける」の下の句です。人の心はさあどうだかわからないが、なじみの里では梅の花が昔のままの香りで咲き匂っていることだ。"
        },
        {
          "text": "雲のいづこに 月宿るらむ",
          "explanation": "これは36番・清原深養父の歌「夏の夜は まだ宵ながら 明けぬるを 雲のいづこに 月宿るらむ」の下の句です。夏の夜はまだ宵のうちだと思っているのに明けてしまった。月は雲のどこに宿っているのだろう。"
        },
        {
          "text": "つらぬきとめぬ 玉ぞ散りける",
          "explanation": "これは37番・文屋朝康の歌「白露に 風の吹きしく 秋の野は つらぬきとめぬ 玉ぞ散りける」の下の句です。白露に風がしきりに吹きつける秋の野は、糸で貫き止めなかった真珠の玉が散り乱れているようだ。"
        },
        {
          "text": "人の命の 惜しくもあるかな",
          "explanation": "これは38番・右近の歌「忘らるる 身をば思はず 誓ひてし 人の命の 惜しくもあるかな」の下の句です。あなたに忘れられる我が身のことは思わない。それよりも、永遠の愛を誓ったあの人が神罰を受けて命を失うのが惜しい。"
        },
        {
          "text": "あまりてなどか 人の恋しき",
          "explanation": "これは39番・参議等の歌「浅茅生の 小野の篠原 しのぶれど あまりてなどか 人の恋しき」の下の句です。浅茅が生える小野の篠原のように忍んではいるけれど、あまりにも抑えきれず、どうしてこんなにあの人が恋しいのか。"
        },
        {
          "text": "ものや思ふと 人の問ふまで",
          "explanation": "これは40番・平兼盛の歌「しのぶれど 色に出でにけり わが恋は ものや思ふと 人の問ふまで」の下の句です。忍んではいたけれど、恋心が顔色に出てしまった。物思いをしているのかと人が尋ねるほどまでに。"
        }
      ],
      "correctAnswer": "しづ心なく 花の散るらむ",
      "tags": null
    },
    {
      "question": "誰をかも 知る人にせむ 高砂の",
      "explanation": "「誰をかも 知る人にせむ 高砂の 松も昔の 友ならなくに」34番・藤原興風の歌。今さら誰を友人としよう。なじみの高砂の松も、昔からの友ではないのだから。",
      "wordMeanings": [
        {
          "word": "誰をかも",
          "meaning": "誰を"
        },
        {
          "word": "知る人にせむ",
          "meaning": "親しい人にしよう"
        },
        {
          "word": "高砂の",
          "meaning": "高砂の"
        },
        {
          "word": "松も昔の",
          "meaning": "松も昔からの"
        },
        {
          "word": "友ならなくに",
          "meaning": "友ではないのに"
        }
      ],
      "choices": [
        {
          "text": "吉野の里に 降れる白雪",
          "explanation": "これは31番・坂上是則の歌「朝ぼらけ 有明の月と 見るまでに 吉野の里に 降れる白雪」の下の句です。ほのぼのと夜が明ける頃、有明の月の光かと見まがうほどに、吉野の里に降り積もった白雪よ。"
        },
        {
          "text": "流れもあへぬ 紅葉なりけり",
          "explanation": "これは32番・春道列樹の歌「山川に 風のかけたる しがらみは 流れもあへぬ 紅葉なりけり」の下の句です。山の中の川に風がかけた柵は、流れきれずにたまった紅葉であったよ。"
        },
        {
          "text": "しづ心なく 花の散るらむ",
          "explanation": "これは33番・紀友則の歌「ひさかたの 光のどけき 春の日に しづ心なく 花の散るらむ」の下の句です。こんなにものどかな春の日の光なのに、どうして落ち着いた心もなく桜の花は散ってしまうのだろう。"
        },
        {
          "text": "松も昔の 友ならなくに",
          "explanation": ""
        },
        {
          "text": "花ぞ昔の 香ににほひける",
          "explanation": "これは35番・紀貫之の歌「人はいさ 心も知らず ふるさとは 花ぞ昔の 香ににほひける」の下の句です。人の心はさあどうだかわからないが、なじみの里では梅の花が昔のままの香りで咲き匂っていることだ。"
        },
        {
          "text": "雲のいづこに 月宿るらむ",
          "explanation": "これは36番・清原深養父の歌「夏の夜は まだ宵ながら 明けぬるを 雲のいづこに 月宿るらむ」の下の句です。夏の夜はまだ宵のうちだと思っているのに明けてしまった。月は雲のどこに宿っているのだろう。"
        },
        {
          "text": "つらぬきとめぬ 玉ぞ散りける",
          "explanation": "これは37番・文屋朝康の歌「白露に 風の吹きしく 秋の野は つらぬきとめぬ 玉ぞ散りける」の下の句です。白露に風がしきりに吹きつける秋の野は、糸で貫き止めなかった真珠の玉が散り乱れているようだ。"
        },
        {
          "text": "人の命の 惜しくもあるかな",
          "explanation": "これは38番・右近の歌「忘らるる 身をば思はず 誓ひてし 人の命の 惜しくもあるかな」の下の句です。あなたに忘れられる我が身のことは思わない。それよりも、永遠の愛を誓ったあの人が神罰を受けて命を失うのが惜しい。"
        },
        {
          "text": "あまりてなどか 人の恋しき",
          "explanation": "これは39番・参議等の歌「浅茅生の 小野の篠原 しのぶれど あまりてなどか 人の恋しき」の下の句です。浅茅が生える小野の篠原のように忍んではいるけれど、あまりにも抑えきれず、どうしてこんなにあの人が恋しいのか。"
        },
        {
          "text": "ものや思ふと 人の問ふまで",
          "explanation": "これは40番・平兼盛の歌「しのぶれど 色に出でにけり わが恋は ものや思ふと 人の問ふまで」の下の句です。忍んではいたけれど、恋心が顔色に出てしまった。物思いをしているのかと人が尋ねるほどまでに。"
        }
      ],
      "correctAnswer": "松も昔の 友ならなくに",
      "tags": null
    },
    {
      "question": "人はいさ 心も知らず ふるさとは",
      "explanation": "「人はいさ 心も知らず ふるさとは 花ぞ昔の 香ににほひける」35番・紀貫之の歌。人の心はさあどうだかわからないが、なじみの里では梅の花が昔のままの香りで咲き匂っていることだ。",
      "wordMeanings": [
        {
          "word": "人はいさ",
          "meaning": "人はさあどうだか"
        },
        {
          "word": "心も知らず",
          "meaning": "心もわからないが"
        },
        {
          "word": "ふるさとは",
          "meaning": "なじみの里は"
        },
        {
          "word": "花ぞ昔の",
          "meaning": "花こそ昔の"
        },
        {
          "word": "香ににほひける",
          "meaning": "香りに匂っていることだ"
        }
      ],
      "choices": [
        {
          "text": "吉野の里に 降れる白雪",
          "explanation": "これは31番・坂上是則の歌「朝ぼらけ 有明の月と 見るまでに 吉野の里に 降れる白雪」の下の句です。ほのぼのと夜が明ける頃、有明の月の光かと見まがうほどに、吉野の里に降り積もった白雪よ。"
        },
        {
          "text": "流れもあへぬ 紅葉なりけり",
          "explanation": "これは32番・春道列樹の歌「山川に 風のかけたる しがらみは 流れもあへぬ 紅葉なりけり」の下の句です。山の中の川に風がかけた柵は、流れきれずにたまった紅葉であったよ。"
        },
        {
          "text": "しづ心なく 花の散るらむ",
          "explanation": "これは33番・紀友則の歌「ひさかたの 光のどけき 春の日に しづ心なく 花の散るらむ」の下の句です。こんなにものどかな春の日の光なのに、どうして落ち着いた心もなく桜の花は散ってしまうのだろう。"
        },
        {
          "text": "松も昔の 友ならなくに",
          "explanation": "これは34番・藤原興風の歌「誰をかも 知る人にせむ 高砂の 松も昔の 友ならなくに」の下の句です。今さら誰を友人としよう。なじみの高砂の松も、昔からの友ではないのだから。"
        },
        {
          "text": "花ぞ昔の 香ににほひける",
          "explanation": ""
        },
        {
          "text": "雲のいづこに 月宿るらむ",
          "explanation": "これは36番・清原深養父の歌「夏の夜は まだ宵ながら 明けぬるを 雲のいづこに 月宿るらむ」の下の句です。夏の夜はまだ宵のうちだと思っているのに明けてしまった。月は雲のどこに宿っているのだろう。"
        },
        {
          "text": "つらぬきとめぬ 玉ぞ散りける",
          "explanation": "これは37番・文屋朝康の歌「白露に 風の吹きしく 秋の野は つらぬきとめぬ 玉ぞ散りける」の下の句です。白露に風がしきりに吹きつける秋の野は、糸で貫き止めなかった真珠の玉が散り乱れているようだ。"
        },
        {
          "text": "人の命の 惜しくもあるかな",
          "explanation": "これは38番・右近の歌「忘らるる 身をば思はず 誓ひてし 人の命の 惜しくもあるかな」の下の句です。あなたに忘れられる我が身のことは思わない。それよりも、永遠の愛を誓ったあの人が神罰を受けて命を失うのが惜しい。"
        },
        {
          "text": "あまりてなどか 人の恋しき",
          "explanation": "これは39番・参議等の歌「浅茅生の 小野の篠原 しのぶれど あまりてなどか 人の恋しき」の下の句です。浅茅が生える小野の篠原のように忍んではいるけれど、あまりにも抑えきれず、どうしてこんなにあの人が恋しいのか。"
        },
        {
          "text": "ものや思ふと 人の問ふまで",
          "explanation": "これは40番・平兼盛の歌「しのぶれど 色に出でにけり わが恋は ものや思ふと 人の問ふまで」の下の句です。忍んではいたけれど、恋心が顔色に出てしまった。物思いをしているのかと人が尋ねるほどまでに。"
        }
      ],
      "correctAnswer": "花ぞ昔の 香ににほひける",
      "tags": null
    },
    {
      "question": "夏の夜は まだ宵ながら 明けぬるを",
      "explanation": "「夏の夜は まだ宵ながら 明けぬるを 雲のいづこに 月宿るらむ」36番・清原深養父の歌。夏の夜はまだ宵のうちだと思っているのに明けてしまった。月は雲のどこに宿っているのだろう。",
      "wordMeanings": [
        {
          "word": "夏の夜は",
          "meaning": "夏の夜は"
        },
        {
          "word": "まだ宵ながら",
          "meaning": "まだ宵のうちなのに"
        },
        {
          "word": "明けぬるを",
          "meaning": "明けてしまったが"
        },
        {
          "word": "雲のいづこに",
          "meaning": "雲のどこに"
        },
        {
          "word": "月宿るらむ",
          "meaning": "月は隠れているのだろう"
        }
      ],
      "choices": [
        {
          "text": "吉野の里に 降れる白雪",
          "explanation": "これは31番・坂上是則の歌「朝ぼらけ 有明の月と 見るまでに 吉野の里に 降れる白雪」の下の句です。ほのぼのと夜が明ける頃、有明の月の光かと見まがうほどに、吉野の里に降り積もった白雪よ。"
        },
        {
          "text": "流れもあへぬ 紅葉なりけり",
          "explanation": "これは32番・春道列樹の歌「山川に 風のかけたる しがらみは 流れもあへぬ 紅葉なりけり」の下の句です。山の中の川に風がかけた柵は、流れきれずにたまった紅葉であったよ。"
        },
        {
          "text": "しづ心なく 花の散るらむ",
          "explanation": "これは33番・紀友則の歌「ひさかたの 光のどけき 春の日に しづ心なく 花の散るらむ」の下の句です。こんなにものどかな春の日の光なのに、どうして落ち着いた心もなく桜の花は散ってしまうのだろう。"
        },
        {
          "text": "松も昔の 友ならなくに",
          "explanation": "これは34番・藤原興風の歌「誰をかも 知る人にせむ 高砂の 松も昔の 友ならなくに」の下の句です。今さら誰を友人としよう。なじみの高砂の松も、昔からの友ではないのだから。"
        },
        {
          "text": "花ぞ昔の 香ににほひける",
          "explanation": "これは35番・紀貫之の歌「人はいさ 心も知らず ふるさとは 花ぞ昔の 香ににほひける」の下の句です。人の心はさあどうだかわからないが、なじみの里では梅の花が昔のままの香りで咲き匂っていることだ。"
        },
        {
          "text": "雲のいづこに 月宿るらむ",
          "explanation": ""
        },
        {
          "text": "つらぬきとめぬ 玉ぞ散りける",
          "explanation": "これは37番・文屋朝康の歌「白露に 風の吹きしく 秋の野は つらぬきとめぬ 玉ぞ散りける」の下の句です。白露に風がしきりに吹きつける秋の野は、糸で貫き止めなかった真珠の玉が散り乱れているようだ。"
        },
        {
          "text": "人の命の 惜しくもあるかな",
          "explanation": "これは38番・右近の歌「忘らるる 身をば思はず 誓ひてし 人の命の 惜しくもあるかな」の下の句です。あなたに忘れられる我が身のことは思わない。それよりも、永遠の愛を誓ったあの人が神罰を受けて命を失うのが惜しい。"
        },
        {
          "text": "あまりてなどか 人の恋しき",
          "explanation": "これは39番・参議等の歌「浅茅生の 小野の篠原 しのぶれど あまりてなどか 人の恋しき」の下の句です。浅茅が生える小野の篠原のように忍んではいるけれど、あまりにも抑えきれず、どうしてこんなにあの人が恋しいのか。"
        },
        {
          "text": "ものや思ふと 人の問ふまで",
          "explanation": "これは40番・平兼盛の歌「しのぶれど 色に出でにけり わが恋は ものや思ふと 人の問ふまで」の下の句です。忍んではいたけれど、恋心が顔色に出てしまった。物思いをしているのかと人が尋ねるほどまでに。"
        }
      ],
      "correctAnswer": "雲のいづこに 月宿るらむ",
      "tags": null
    },
    {
      "question": "白露に 風の吹きしく 秋の野は",
      "explanation": "「白露に 風の吹きしく 秋の野は つらぬきとめぬ 玉ぞ散りける」37番・文屋朝康の歌。白露に風がしきりに吹きつける秋の野は、糸で貫き止めなかった真珠の玉が散り乱れているようだ。",
      "wordMeanings": [
        {
          "word": "白露に",
          "meaning": "白露に"
        },
        {
          "word": "風の吹きしく",
          "meaning": "風がしきりに吹く"
        },
        {
          "word": "秋の野は",
          "meaning": "秋の野は"
        },
        {
          "word": "つらぬきとめぬ",
          "meaning": "糸で貫き止めていない"
        },
        {
          "word": "玉ぞ散りける",
          "meaning": "玉が散っているよ"
        }
      ],
      "choices": [
        {
          "text": "吉野の里に 降れる白雪",
          "explanation": "これは31番・坂上是則の歌「朝ぼらけ 有明の月と 見るまでに 吉野の里に 降れる白雪」の下の句です。ほのぼのと夜が明ける頃、有明の月の光かと見まがうほどに、吉野の里に降り積もった白雪よ。"
        },
        {
          "text": "流れもあへぬ 紅葉なりけり",
          "explanation": "これは32番・春道列樹の歌「山川に 風のかけたる しがらみは 流れもあへぬ 紅葉なりけり」の下の句です。山の中の川に風がかけた柵は、流れきれずにたまった紅葉であったよ。"
        },
        {
          "text": "しづ心なく 花の散るらむ",
          "explanation": "これは33番・紀友則の歌「ひさかたの 光のどけき 春の日に しづ心なく 花の散るらむ」の下の句です。こんなにものどかな春の日の光なのに、どうして落ち着いた心もなく桜の花は散ってしまうのだろう。"
        },
        {
          "text": "松も昔の 友ならなくに",
          "explanation": "これは34番・藤原興風の歌「誰をかも 知る人にせむ 高砂の 松も昔の 友ならなくに」の下の句です。今さら誰を友人としよう。なじみの高砂の松も、昔からの友ではないのだから。"
        },
        {
          "text": "花ぞ昔の 香ににほひける",
          "explanation": "これは35番・紀貫之の歌「人はいさ 心も知らず ふるさとは 花ぞ昔の 香ににほひける」の下の句です。人の心はさあどうだかわからないが、なじみの里では梅の花が昔のままの香りで咲き匂っていることだ。"
        },
        {
          "text": "雲のいづこに 月宿るらむ",
          "explanation": "これは36番・清原深養父の歌「夏の夜は まだ宵ながら 明けぬるを 雲のいづこに 月宿るらむ」の下の句です。夏の夜はまだ宵のうちだと思っているのに明けてしまった。月は雲のどこに宿っているのだろう。"
        },
        {
          "text": "つらぬきとめぬ 玉ぞ散りける",
          "explanation": ""
        },
        {
          "text": "人の命の 惜しくもあるかな",
          "explanation": "これは38番・右近の歌「忘らるる 身をば思はず 誓ひてし 人の命の 惜しくもあるかな」の下の句です。あなたに忘れられる我が身のことは思わない。それよりも、永遠の愛を誓ったあの人が神罰を受けて命を失うのが惜しい。"
        },
        {
          "text": "あまりてなどか 人の恋しき",
          "explanation": "これは39番・参議等の歌「浅茅生の 小野の篠原 しのぶれど あまりてなどか 人の恋しき」の下の句です。浅茅が生える小野の篠原のように忍んではいるけれど、あまりにも抑えきれず、どうしてこんなにあの人が恋しいのか。"
        },
        {
          "text": "ものや思ふと 人の問ふまで",
          "explanation": "これは40番・平兼盛の歌「しのぶれど 色に出でにけり わが恋は ものや思ふと 人の問ふまで」の下の句です。忍んではいたけれど、恋心が顔色に出てしまった。物思いをしているのかと人が尋ねるほどまでに。"
        }
      ],
      "correctAnswer": "つらぬきとめぬ 玉ぞ散りける",
      "tags": null
    },
    {
      "question": "忘らるる 身をば思はず 誓ひてし",
      "explanation": "「忘らるる 身をば思はず 誓ひてし 人の命の 惜しくもあるかな」38番・右近の歌。あなたに忘れられる我が身のことは思わない。それよりも、永遠の愛を誓ったあの人が神罰を受けて命を失うのが惜しい。",
      "wordMeanings": [
        {
          "word": "忘らるる",
          "meaning": "忘れられる"
        },
        {
          "word": "身をば思はず",
          "meaning": "我が身のことは思わない"
        },
        {
          "word": "誓ひてし",
          "meaning": "誓った"
        },
        {
          "word": "人の命の",
          "meaning": "あの人の命が"
        },
        {
          "word": "惜しくもあるかな",
          "meaning": "惜しいことだなあ"
        }
      ],
      "choices": [
        {
          "text": "吉野の里に 降れる白雪",
          "explanation": "これは31番・坂上是則の歌「朝ぼらけ 有明の月と 見るまでに 吉野の里に 降れる白雪」の下の句です。ほのぼのと夜が明ける頃、有明の月の光かと見まがうほどに、吉野の里に降り積もった白雪よ。"
        },
        {
          "text": "流れもあへぬ 紅葉なりけり",
          "explanation": "これは32番・春道列樹の歌「山川に 風のかけたる しがらみは 流れもあへぬ 紅葉なりけり」の下の句です。山の中の川に風がかけた柵は、流れきれずにたまった紅葉であったよ。"
        },
        {
          "text": "しづ心なく 花の散るらむ",
          "explanation": "これは33番・紀友則の歌「ひさかたの 光のどけき 春の日に しづ心なく 花の散るらむ」の下の句です。こんなにものどかな春の日の光なのに、どうして落ち着いた心もなく桜の花は散ってしまうのだろう。"
        },
        {
          "text": "松も昔の 友ならなくに",
          "explanation": "これは34番・藤原興風の歌「誰をかも 知る人にせむ 高砂の 松も昔の 友ならなくに」の下の句です。今さら誰を友人としよう。なじみの高砂の松も、昔からの友ではないのだから。"
        },
        {
          "text": "花ぞ昔の 香ににほひける",
          "explanation": "これは35番・紀貫之の歌「人はいさ 心も知らず ふるさとは 花ぞ昔の 香ににほひける」の下の句です。人の心はさあどうだかわからないが、なじみの里では梅の花が昔のままの香りで咲き匂っていることだ。"
        },
        {
          "text": "雲のいづこに 月宿るらむ",
          "explanation": "これは36番・清原深養父の歌「夏の夜は まだ宵ながら 明けぬるを 雲のいづこに 月宿るらむ」の下の句です。夏の夜はまだ宵のうちだと思っているのに明けてしまった。月は雲のどこに宿っているのだろう。"
        },
        {
          "text": "つらぬきとめぬ 玉ぞ散りける",
          "explanation": "これは37番・文屋朝康の歌「白露に 風の吹きしく 秋の野は つらぬきとめぬ 玉ぞ散りける」の下の句です。白露に風がしきりに吹きつける秋の野は、糸で貫き止めなかった真珠の玉が散り乱れているようだ。"
        },
        {
          "text": "人の命の 惜しくもあるかな",
          "explanation": ""
        },
        {
          "text": "あまりてなどか 人の恋しき",
          "explanation": "これは39番・参議等の歌「浅茅生の 小野の篠原 しのぶれど あまりてなどか 人の恋しき」の下の句です。浅茅が生える小野の篠原のように忍んではいるけれど、あまりにも抑えきれず、どうしてこんなにあの人が恋しいのか。"
        },
        {
          "text": "ものや思ふと 人の問ふまで",
          "explanation": "これは40番・平兼盛の歌「しのぶれど 色に出でにけり わが恋は ものや思ふと 人の問ふまで」の下の句です。忍んではいたけれど、恋心が顔色に出てしまった。物思いをしているのかと人が尋ねるほどまでに。"
        }
      ],
      "correctAnswer": "人の命の 惜しくもあるかな",
      "tags": null
    },
    {
      "question": "浅茅生の 小野の篠原 しのぶれど",
      "explanation": "「浅茅生の 小野の篠原 しのぶれど あまりてなどか 人の恋しき」39番・参議等の歌。浅茅が生える小野の篠原のように忍んではいるけれど、あまりにも抑えきれず、どうしてこんなにあの人が恋しいのか。",
      "wordMeanings": [
        {
          "word": "浅茅生の",
          "meaning": "浅茅の生えた"
        },
        {
          "word": "小野の篠原",
          "meaning": "小野の篠原（しのぶの序詞）"
        },
        {
          "word": "しのぶれど",
          "meaning": "忍んでいるけれど"
        },
        {
          "word": "あまりてなどか",
          "meaning": "抑えきれずどうして"
        },
        {
          "word": "人の恋しき",
          "meaning": "あの人が恋しいのか"
        }
      ],
      "choices": [
        {
          "text": "吉野の里に 降れる白雪",
          "explanation": "これは31番・坂上是則の歌「朝ぼらけ 有明の月と 見るまでに 吉野の里に 降れる白雪」の下の句です。ほのぼのと夜が明ける頃、有明の月の光かと見まがうほどに、吉野の里に降り積もった白雪よ。"
        },
        {
          "text": "流れもあへぬ 紅葉なりけり",
          "explanation": "これは32番・春道列樹の歌「山川に 風のかけたる しがらみは 流れもあへぬ 紅葉なりけり」の下の句です。山の中の川に風がかけた柵は、流れきれずにたまった紅葉であったよ。"
        },
        {
          "text": "しづ心なく 花の散るらむ",
          "explanation": "これは33番・紀友則の歌「ひさかたの 光のどけき 春の日に しづ心なく 花の散るらむ」の下の句です。こんなにものどかな春の日の光なのに、どうして落ち着いた心もなく桜の花は散ってしまうのだろう。"
        },
        {
          "text": "松も昔の 友ならなくに",
          "explanation": "これは34番・藤原興風の歌「誰をかも 知る人にせむ 高砂の 松も昔の 友ならなくに」の下の句です。今さら誰を友人としよう。なじみの高砂の松も、昔からの友ではないのだから。"
        },
        {
          "text": "花ぞ昔の 香ににほひける",
          "explanation": "これは35番・紀貫之の歌「人はいさ 心も知らず ふるさとは 花ぞ昔の 香ににほひける」の下の句です。人の心はさあどうだかわからないが、なじみの里では梅の花が昔のままの香りで咲き匂っていることだ。"
        },
        {
          "text": "雲のいづこに 月宿るらむ",
          "explanation": "これは36番・清原深養父の歌「夏の夜は まだ宵ながら 明けぬるを 雲のいづこに 月宿るらむ」の下の句です。夏の夜はまだ宵のうちだと思っているのに明けてしまった。月は雲のどこに宿っているのだろう。"
        },
        {
          "text": "つらぬきとめぬ 玉ぞ散りける",
          "explanation": "これは37番・文屋朝康の歌「白露に 風の吹きしく 秋の野は つらぬきとめぬ 玉ぞ散りける」の下の句です。白露に風がしきりに吹きつける秋の野は、糸で貫き止めなかった真珠の玉が散り乱れているようだ。"
        },
        {
          "text": "人の命の 惜しくもあるかな",
          "explanation": "これは38番・右近の歌「忘らるる 身をば思はず 誓ひてし 人の命の 惜しくもあるかな」の下の句です。あなたに忘れられる我が身のことは思わない。それよりも、永遠の愛を誓ったあの人が神罰を受けて命を失うのが惜しい。"
        },
        {
          "text": "あまりてなどか 人の恋しき",
          "explanation": ""
        },
        {
          "text": "ものや思ふと 人の問ふまで",
          "explanation": "これは40番・平兼盛の歌「しのぶれど 色に出でにけり わが恋は ものや思ふと 人の問ふまで」の下の句です。忍んではいたけれど、恋心が顔色に出てしまった。物思いをしているのかと人が尋ねるほどまでに。"
        }
      ],
      "correctAnswer": "あまりてなどか 人の恋しき",
      "tags": null
    },
    {
      "question": "しのぶれど 色に出でにけり わが恋は",
      "explanation": "「しのぶれど 色に出でにけり わが恋は ものや思ふと 人の問ふまで」40番・平兼盛の歌。忍んではいたけれど、恋心が顔色に出てしまった。物思いをしているのかと人が尋ねるほどまでに。",
      "wordMeanings": [
        {
          "word": "しのぶれど",
          "meaning": "忍んでいたけれど"
        },
        {
          "word": "色に出でにけり",
          "meaning": "顔色に出てしまった"
        },
        {
          "word": "わが恋は",
          "meaning": "私の恋は"
        },
        {
          "word": "ものや思ふと",
          "meaning": "物思いをしているのかと"
        },
        {
          "word": "人の問ふまで",
          "meaning": "人が尋ねるほどに"
        }
      ],
      "choices": [
        {
          "text": "吉野の里に 降れる白雪",
          "explanation": "これは31番・坂上是則の歌「朝ぼらけ 有明の月と 見るまでに 吉野の里に 降れる白雪」の下の句です。ほのぼのと夜が明ける頃、有明の月の光かと見まがうほどに、吉野の里に降り積もった白雪よ。"
        },
        {
          "text": "流れもあへぬ 紅葉なりけり",
          "explanation": "これは32番・春道列樹の歌「山川に 風のかけたる しがらみは 流れもあへぬ 紅葉なりけり」の下の句です。山の中の川に風がかけた柵は、流れきれずにたまった紅葉であったよ。"
        },
        {
          "text": "しづ心なく 花の散るらむ",
          "explanation": "これは33番・紀友則の歌「ひさかたの 光のどけき 春の日に しづ心なく 花の散るらむ」の下の句です。こんなにものどかな春の日の光なのに、どうして落ち着いた心もなく桜の花は散ってしまうのだろう。"
        },
        {
          "text": "松も昔の 友ならなくに",
          "explanation": "これは34番・藤原興風の歌「誰をかも 知る人にせむ 高砂の 松も昔の 友ならなくに」の下の句です。今さら誰を友人としよう。なじみの高砂の松も、昔からの友ではないのだから。"
        },
        {
          "text": "花ぞ昔の 香ににほひける",
          "explanation": "これは35番・紀貫之の歌「人はいさ 心も知らず ふるさとは 花ぞ昔の 香ににほひける」の下の句です。人の心はさあどうだかわからないが、なじみの里では梅の花が昔のままの香りで咲き匂っていることだ。"
        },
        {
          "text": "雲のいづこに 月宿るらむ",
          "explanation": "これは36番・清原深養父の歌「夏の夜は まだ宵ながら 明けぬるを 雲のいづこに 月宿るらむ」の下の句です。夏の夜はまだ宵のうちだと思っているのに明けてしまった。月は雲のどこに宿っているのだろう。"
        },
        {
          "text": "つらぬきとめぬ 玉ぞ散りける",
          "explanation": "これは37番・文屋朝康の歌「白露に 風の吹きしく 秋の野は つらぬきとめぬ 玉ぞ散りける」の下の句です。白露に風がしきりに吹きつける秋の野は、糸で貫き止めなかった真珠の玉が散り乱れているようだ。"
        },
        {
          "text": "人の命の 惜しくもあるかな",
          "explanation": "これは38番・右近の歌「忘らるる 身をば思はず 誓ひてし 人の命の 惜しくもあるかな」の下の句です。あなたに忘れられる我が身のことは思わない。それよりも、永遠の愛を誓ったあの人が神罰を受けて命を失うのが惜しい。"
        },
        {
          "text": "あまりてなどか 人の恋しき",
          "explanation": "これは39番・参議等の歌「浅茅生の 小野の篠原 しのぶれど あまりてなどか 人の恋しき」の下の句です。浅茅が生える小野の篠原のように忍んではいるけれど、あまりにも抑えきれず、どうしてこんなにあの人が恋しいのか。"
        },
        {
          "text": "ものや思ふと 人の問ふまで",
          "explanation": ""
        }
      ],
      "correctAnswer": "ものや思ふと 人の問ふまで",
      "tags": null
    }
  ]
}
