{
  "key": "hyakunin31to40",
  "displayName": "百人一首(31-40)",
  "questions": [
    {
      "question": "朝ぼらけ 有明の月と 見るまでに",
      "explanation": "「朝ぼらけ 有明の月と 見るまでに 吉野の里に 降れる白雪」31番・坂上是則の歌。ほのぼのと夜が明ける頃、有明の月の光かと見まがうほどに、吉野の里に降り積もった白雪よ。",
      "wordMeanings": {
        "朝ぼらけ": "夜がほのぼのと明ける頃",
        "有明の月と": "有明の月かと",
        "見るまでに": "見間違うほどに",
        "吉野の里に": "吉野の里に",
        "降れる白雪": "降り積もった白雪"
      },
      "choices": [
        {
          "text": "吉野の里に 降れる白雪",
          "explanation": ""
        },
        {
          "text": "流れもあへぬ 紅葉なりけり",
          "explanation": "これは32番・春道列樹の歌「山川に 風のかけたる しがらみは 流れもあへぬ 紅葉なりけり」の下の句です。山の中の川に風がかけた柵は、流れきれずにたまった紅葉であったよ。"
        },
        {
          "text": "しづ心なく 花の散るらむ",
          "explanation": "これは33番・紀友則の歌「ひさかたの 光のどけき 春の日に しづ心なく 花の散るらむ」の下の句です。こんなにものどかな春の日の光なのに、どうして落ち着いた心もなく桜の花は散ってしまうのだろう。"
        },
        {
          "text": "松も昔の 友ならなくに",
          "explanation": "これは34番・藤原興風の歌「誰をかも 知る人にせむ 高砂の 松も昔の 友ならなくに」の下の句です。今さら誰を友人としよう。なじみの高砂の松も、昔からの友ではないのだから。"
        },
        {
          "text": "花ぞ昔の 香ににほひける",
          "explanation": "これは35番・紀貫之の歌「人はいさ 心も知らず ふるさとは 花ぞ昔の 香ににほひける」の下の句です。人の心はさあどうだかわからないが、なじみの里では梅の花が昔のままの香りで咲き匂っていることだ。"
        },
        {
          "text": "雲のいづこに 月宿るらむ",
          "explanation": "これは36番・清原深養父の歌「夏の夜は まだ宵ながら 明けぬるを 雲のいづこに 月宿るらむ」の下の句です。夏の夜はまだ宵のうちだと思っているのに明けてしまった。月は雲のどこに宿っているのだろう。"
        },
        {
          "text": "つらぬきとめぬ 玉ぞ散りける",
          "explanation": "これは37番・文屋朝康の歌「白露に 風の吹きしく 秋の野は つらぬきとめぬ 玉ぞ散りける」の下の句です。白露に風がしきりに吹きつける秋の野は、糸で貫き止めなかった真珠の玉が散り乱れているようだ。"
        },
        {
          "text": "人の命の 惜しくもあるかな",
          "explanation": "これは38番・右近の歌「忘らるる 身をば思はず 誓ひてし 人の命の 惜しくもあるかな」の下の句です。あなたに忘れられる我が身のことは思わない。それよりも、永遠の愛を誓ったあの人が神罰を受けて命を失うのが惜しい。"
        },
        {
          "text": "あまりてなどか 人の恋しき",
          "explanation": "これは39番・参議等の歌「浅茅生の 小野の篠原 しのぶれど あまりてなどか 人の恋しき」の下の句です。浅茅が生える小野の篠原のように忍んではいるけれど、あまりにも抑えきれず、どうしてこんなにあの人が恋しいのか。"
        },
        {
          "text": "ものや思ふと 人の問ふまで",
          "explanation": "これは40番・平兼盛の歌「しのぶれど 色に出でにけり わが恋は ものや思ふと 人の問ふまで」の下の句です。忍んではいたけれど、恋心が顔色に出てしまった。物思いをしているのかと人が尋ねるほどまでに。"
        }
      ],
      "correctAnswer": "吉野の里に 降れる白雪",
      "tags": null
    },
    {
      "question": "山川に 風のかけたる しがらみは",
      "explanation": "「山川に 風のかけたる しがらみは 流れもあへぬ 紅葉なりけり」32番・春道列樹の歌。山の中の川に風がかけた柵は、流れきれずにたまった紅葉であったよ。",
      "wordMeanings": {
        "山川に": "山の中の川に",
        "風のかけたる": "風がかけた",
        "しがらみは": "柵は",
        "流れもあへぬ": "流れきれない",
        "紅葉なりけり": "紅葉であったよ"
      },
      "choices": [
        {
          "text": "吉野の里に 降れる白雪",
          "explanation": "これは31番・坂上是則の歌「朝ぼらけ 有明の月と 見るまでに 吉野の里に 降れる白雪」の下の句です。ほのぼのと夜が明ける頃、有明の月の光かと見まがうほどに、吉野の里に降り積もった白雪よ。"
        },
        {
          "text": "流れもあへぬ 紅葉なりけり",
          "explanation": ""
        },
        {
          "text": "しづ心なく 花の散るらむ",
          "explanation": "これは33番・紀友則の歌「ひさかたの 光のどけき 春の日に しづ心なく 花の散るらむ」の下の句です。こんなにものどかな春の日の光なのに、どうして落ち着いた心もなく桜の花は散ってしまうのだろう。"
        },
        {
          "text": "松も昔の 友ならなくに",
          "explanation": "これは34番・藤原興風の歌「誰をかも 知る人にせむ 高砂の 松も昔の 友ならなくに」の下の句です。今さら誰を友人としよう。なじみの高砂の松も、昔からの友ではないのだから。"
        },
        {
          "text": "花ぞ昔の 香ににほひける",
          "explanation": "これは35番・紀貫之の歌「人はいさ 心も知らず ふるさとは 花ぞ昔の 香ににほひける」の下の句です。人の心はさあどうだかわからないが、なじみの里では梅の花が昔のままの香りで咲き匂っていることだ。"
        },
        {
          "text": "雲のいづこに 月宿るらむ",
          "explanation": "これは36番・清原深養父の歌「夏の夜は まだ宵ながら 明けぬるを 雲のいづこに 月宿るらむ」の下の句です。夏の夜はまだ宵のうちだと思っているのに明けてしまった。月は雲のどこに宿っているのだろう。"
        },
        {
          "text": "つらぬきとめぬ 玉ぞ散りける",
          "explanation": "これは37番・文屋朝康の歌「白露に 風の吹きしく 秋の野は つらぬきとめぬ 玉ぞ散りける」の下の句です。白露に風がしきりに吹きつける秋の野は、糸で貫き止めなかった真珠の玉が散り乱れているようだ。"
        },
        {
          "text": "人の命の 惜しくもあるかな",
          "explanation": "これは38番・右近の歌「忘らるる 身をば思はず 誓ひてし 人の命の 惜しくもあるかな」の下の句です。あなたに忘れられる我が身のことは思わない。それよりも、永遠の愛を誓ったあの人が神罰を受けて命を失うのが惜しい。"
        },
        {
          "text": "あまりてなどか 人の恋しき",
          "explanation": "これは39番・参議等の歌「浅茅生の 小野の篠原 しのぶれど あまりてなどか 人の恋しき」の下の句です。浅茅が生える小野の篠原のように忍んではいるけれど、あまりにも抑えきれず、どうしてこんなにあの人が恋しいのか。"
        },
        {
          "text": "ものや思ふと 人の問ふまで",
          "explanation": "これは40番・平兼盛の歌「しのぶれど 色に出でにけり わが恋は ものや思ふと 人の問ふまで」の下の句です。忍んではいたけれど、恋心が顔色に出てしまった。物思いをしているのかと人が尋ねるほどまでに。"
        }
      ],
      "correctAnswer": "流れもあへぬ 紅葉なりけり",
      "tags": null
    },
    {
      "question": "ひさかたの 光のどけき 春の日に",
      "explanation": "「ひさかたの 光のどけき 春の日に しづ心なく 花の散るらむ」33番・紀友則の歌。こんなにものどかな春の日の光なのに、どうして落ち着いた心もなく桜の花は散ってしまうのだろう。",
      "wordMeanings": {
        "ひさかたの": "光にかかる枕詞",
        "光のどけき": "光がのどかな",
        "春の日に": "春の日に",
        "しづ心なく": "落ち着いた心もなく",
        "花の散るらむ": "花が散るのだろう"
      },
      "choices": [
        {
          "text": "吉野の里に 降れる白雪",
          "explanation": "これは31番・坂上是則の歌「朝ぼらけ 有明の月と 見るまでに 吉野の里に 降れる白雪」の下の句です。ほのぼのと夜が明ける頃、有明の月の光かと見まがうほどに、吉野の里に降り積もった白雪よ。"
        },
        {
          "text": "流れもあへぬ 紅葉なりけり",
          "explanation": "これは32番・春道列樹の歌「山川に 風のかけたる しがらみは 流れもあへぬ 紅葉なりけり」の下の句です。山の中の川に風がかけた柵は、流れきれずにたまった紅葉であったよ。"
        },
        {
          "text": "しづ心なく 花の散るらむ",
          "explanation": ""
        },
        {
          "text": "松も昔の 友ならなくに",
          "explanation": "これは34番・藤原興風の歌「誰をかも 知る人にせむ 高砂の 松も昔の 友ならなくに」の下の句です。今さら誰を友人としよう。なじみの高砂の松も、昔からの友ではないのだから。"
        },
        {
          "text": "花ぞ昔の 香ににほひける",
          "explanation": "これは35番・紀貫之の歌「人はいさ 心も知らず ふるさとは 花ぞ昔の 香ににほひける」の下の句です。人の心はさあどうだかわからないが、なじみの里では梅の花が昔のままの香りで咲き匂っていることだ。"
        },
        {
          "text": "雲のいづこに 月宿るらむ",
          "explanation": "これは36番・清原深養父の歌「夏の夜は まだ宵ながら 明けぬるを 雲のいづこに 月宿るらむ」の下の句です。夏の夜はまだ宵のうちだと思っているのに明けてしまった。月は雲のどこに宿っているのだろう。"
        },
        {
          "text": "つらぬきとめぬ 玉ぞ散りける",
          "explanation": "これは37番・文屋朝康の歌「白露に 風の吹きしく 秋の野は つらぬきとめぬ 玉ぞ散りける」の下の句です。白露に風がしきりに吹きつける秋の野は、糸で貫き止めなかった真珠の玉が散り乱れているようだ。"
        },
        {
          "text": "人の命の 惜しくもあるかな",
          "explanation": "これは38番・右近の歌「忘らるる 身をば思はず 誓ひてし 人の命の 惜しくもあるかな」の下の句です。あなたに忘れられる我が身のことは思わない。それよりも、永遠の愛を誓ったあの人が神罰を受けて命を失うのが惜しい。"
        },
        {
          "text": "あまりてなどか 人の恋しき",
          "explanation": "これは39番・参議等の歌「浅茅生の 小野の篠原 しのぶれど あまりてなどか 人の恋しき」の下の句です。浅茅が生える小野の篠原のように忍んではいるけれど、あまりにも抑えきれず、どうしてこんなにあの人が恋しいのか。"
        },
        {
          "text": "ものや思ふと 人の問ふまで",
          "explanation": "これは40番・平兼盛の歌「しのぶれど 色に出でにけり わが恋は ものや思ふと 人の問ふまで」の下の句です。忍んではいたけれど、恋心が顔色に出てしまった。物思いをしているのかと人が尋ねるほどまでに。"
        }
      ],
      "correctAnswer": "しづ心なく 花の散るらむ",
      "tags": null
    },
    {
      "question": "誰をかも 知る人にせむ 高砂の",
      "explanation": "「誰をかも 知る人にせむ 高砂の 松も昔の 友ならなくに」34番・藤原興風の歌。今さら誰を友人としよう。なじみの高砂の松も、昔からの友ではないのだから。",
      "wordMeanings": {
        "誰をかも": "誰を",
        "知る人にせむ": "親しい人にしよう",
        "高砂の": "高砂の",
        "松も昔の": "松も昔からの",
        "友ならなくに": "友ではないのに"
      },
      "choices": [
        {
          "text": "吉野の里に 降れる白雪",
          "explanation": "これは31番・坂上是則の歌「朝ぼらけ 有明の月と 見るまでに 吉野の里に 降れる白雪」の下の句です。ほのぼのと夜が明ける頃、有明の月の光かと見まがうほどに、吉野の里に降り積もった白雪よ。"
        },
        {
          "text": "流れもあへぬ 紅葉なりけり",
          "explanation": "これは32番・春道列樹の歌「山川に 風のかけたる しがらみは 流れもあへぬ 紅葉なりけり」の下の句です。山の中の川に風がかけた柵は、流れきれずにたまった紅葉であったよ。"
        },
        {
          "text": "しづ心なく 花の散るらむ",
          "explanation": "これは33番・紀友則の歌「ひさかたの 光のどけき 春の日に しづ心なく 花の散るらむ」の下の句です。こんなにものどかな春の日の光なのに、どうして落ち着いた心もなく桜の花は散ってしまうのだろう。"
        },
        {
          "text": "松も昔の 友ならなくに",
          "explanation": ""
        },
        {
          "text": "花ぞ昔の 香ににほひける",
          "explanation": "これは35番・紀貫之の歌「人はいさ 心も知らず ふるさとは 花ぞ昔の 香ににほひける」の下の句です。人の心はさあどうだかわからないが、なじみの里では梅の花が昔のままの香りで咲き匂っていることだ。"
        },
        {
          "text": "雲のいづこに 月宿るらむ",
          "explanation": "これは36番・清原深養父の歌「夏の夜は まだ宵ながら 明けぬるを 雲のいづこに 月宿るらむ」の下の句です。夏の夜はまだ宵のうちだと思っているのに明けてしまった。月は雲のどこに宿っているのだろう。"
        },
        {
          "text": "つらぬきとめぬ 玉ぞ散りける",
          "explanation": "これは37番・文屋朝康の歌「白露に 風の吹きしく 秋の野は つらぬきとめぬ 玉ぞ散りける」の下の句です。白露に風がしきりに吹きつける秋の野は、糸で貫き止めなかった真珠の玉が散り乱れているようだ。"
        },
        {
          "text": "人の命の 惜しくもあるかな",
          "explanation": "これは38番・右近の歌「忘らるる 身をば思はず 誓ひてし 人の命の 惜しくもあるかな」の下の句です。あなたに忘れられる我が身のことは思わない。それよりも、永遠の愛を誓ったあの人が神罰を受けて命を失うのが惜しい。"
        },
        {
          "text": "あまりてなどか 人の恋しき",
          "explanation": "これは39番・参議等の歌「浅茅生の 小野の篠原 しのぶれど あまりてなどか 人の恋しき」の下の句です。浅茅が生える小野の篠原のように忍んではいるけれど、あまりにも抑えきれず、どうしてこんなにあの人が恋しいのか。"
        },
        {
          "text": "ものや思ふと 人の問ふまで",
          "explanation": "これは40番・平兼盛の歌「しのぶれど 色に出でにけり わが恋は ものや思ふと 人の問ふまで」の下の句です。忍んではいたけれど、恋心が顔色に出てしまった。物思いをしているのかと人が尋ねるほどまでに。"
        }
      ],
      "correctAnswer": "松も昔の 友ならなくに",
      "tags": null
    },
    {
      "question": "人はいさ 心も知らず ふるさとは",
      "explanation": "「人はいさ 心も知らず ふるさとは 花ぞ昔の 香ににほひける」35番・紀貫之の歌。人の心はさあどうだかわからないが、なじみの里では梅の花が昔のままの香りで咲き匂っていることだ。",
      "wordMeanings": {
        "人はいさ": "人はさあどうだか",
        "心も知らず": "心もわからないが",
        "ふるさとは": "なじみの里は",
        "花ぞ昔の": "花こそ昔の",
        "香ににほひける": "香りに匂っていることだ"
      },
      "choices": [
        {
          "text": "吉野の里に 降れる白雪",
          "explanation": "これは31番・坂上是則の歌「朝ぼらけ 有明の月と 見るまでに 吉野の里に 降れる白雪」の下の句です。ほのぼのと夜が明ける頃、有明の月の光かと見まがうほどに、吉野の里に降り積もった白雪よ。"
        },
        {
          "text": "流れもあへぬ 紅葉なりけり",
          "explanation": "これは32番・春道列樹の歌「山川に 風のかけたる しがらみは 流れもあへぬ 紅葉なりけり」の下の句です。山の中の川に風がかけた柵は、流れきれずにたまった紅葉であったよ。"
        },
        {
          "text": "しづ心なく 花の散るらむ",
          "explanation": "これは33番・紀友則の歌「ひさかたの 光のどけき 春の日に しづ心なく 花の散るらむ」の下の句です。こんなにものどかな春の日の光なのに、どうして落ち着いた心もなく桜の花は散ってしまうのだろう。"
        },
        {
          "text": "松も昔の 友ならなくに",
          "explanation": "これは34番・藤原興風の歌「誰をかも 知る人にせむ 高砂の 松も昔の 友ならなくに」の下の句です。今さら誰を友人としよう。なじみの高砂の松も、昔からの友ではないのだから。"
        },
        {
          "text": "花ぞ昔の 香ににほひける",
          "explanation": ""
        },
        {
          "text": "雲のいづこに 月宿るらむ",
          "explanation": "これは36番・清原深養父の歌「夏の夜は まだ宵ながら 明けぬるを 雲のいづこに 月宿るらむ」の下の句です。夏の夜はまだ宵のうちだと思っているのに明けてしまった。月は雲のどこに宿っているのだろう。"
        },
        {
          "text": "つらぬきとめぬ 玉ぞ散りける",
          "explanation": "これは37番・文屋朝康の歌「白露に 風の吹きしく 秋の野は つらぬきとめぬ 玉ぞ散りける」の下の句です。白露に風がしきりに吹きつける秋の野は、糸で貫き止めなかった真珠の玉が散り乱れているようだ。"
        },
        {
          "text": "人の命の 惜しくもあるかな",
          "explanation": "これは38番・右近の歌「忘らるる 身をば思はず 誓ひてし 人の命の 惜しくもあるかな」の下の句です。あなたに忘れられる我が身のことは思わない。それよりも、永遠の愛を誓ったあの人が神罰を受けて命を失うのが惜しい。"
        },
        {
          "text": "あまりてなどか 人の恋しき",
          "explanation": "これは39番・参議等の歌「浅茅生の 小野の篠原 しのぶれど あまりてなどか 人の恋しき」の下の句です。浅茅が生える小野の篠原のように忍んではいるけれど、あまりにも抑えきれず、どうしてこんなにあの人が恋しいのか。"
        },
        {
          "text": "ものや思ふと 人の問ふまで",
          "explanation": "これは40番・平兼盛の歌「しのぶれど 色に出でにけり わが恋は ものや思ふと 人の問ふまで」の下の句です。忍んではいたけれど、恋心が顔色に出てしまった。物思いをしているのかと人が尋ねるほどまでに。"
        }
      ],
      "correctAnswer": "花ぞ昔の 香ににほひける",
      "tags": null
    },
    {
      "question": "夏の夜は まだ宵ながら 明けぬるを",
      "explanation": "「夏の夜は まだ宵ながら 明けぬるを 雲のいづこに 月宿るらむ」36番・清原深養父の歌。夏の夜はまだ宵のうちだと思っているのに明けてしまった。月は雲のどこに宿っているのだろう。",
      "wordMeanings": {
        "夏の夜は": "夏の夜は",
        "まだ宵ながら": "まだ宵のうちなのに",
        "明けぬるを": "明けてしまったが",
        "雲のいづこに": "雲のどこに",
        "月宿るらむ": "月は隠れているのだろう"
      },
      "choices": [
        {
          "text": "吉野の里に 降れる白雪",
          "explanation": "これは31番・坂上是則の歌「朝ぼらけ 有明の月と 見るまでに 吉野の里に 降れる白雪」の下の句です。ほのぼのと夜が明ける頃、有明の月の光かと見まがうほどに、吉野の里に降り積もった白雪よ。"
        },
        {
          "text": "流れもあへぬ 紅葉なりけり",
          "explanation": "これは32番・春道列樹の歌「山川に 風のかけたる しがらみは 流れもあへぬ 紅葉なりけり」の下の句です。山の中の川に風がかけた柵は、流れきれずにたまった紅葉であったよ。"
        },
        {
          "text": "しづ心なく 花の散るらむ",
          "explanation": "これは33番・紀友則の歌「ひさかたの 光のどけき 春の日に しづ心なく 花の散るらむ」の下の句です。こんなにものどかな春の日の光なのに、どうして落ち着いた心もなく桜の花は散ってしまうのだろう。"
        },
        {
          "text": "松も昔の 友ならなくに",
          "explanation": "これは34番・藤原興風の歌「誰をかも 知る人にせむ 高砂の 松も昔の 友ならなくに」の下の句です。今さら誰を友人としよう。なじみの高砂の松も、昔からの友ではないのだから。"
        },
        {
          "text": "花ぞ昔の 香ににほひける",
          "explanation": "これは35番・紀貫之の歌「人はいさ 心も知らず ふるさとは 花ぞ昔の 香ににほひける」の下の句です。人の心はさあどうだかわからないが、なじみの里では梅の花が昔のままの香りで咲き匂っていることだ。"
        },
        {
          "text": "雲のいづこに 月宿るらむ",
          "explanation": ""
        },
        {
          "text": "つらぬきとめぬ 玉ぞ散りける",
          "explanation": "これは37番・文屋朝康の歌「白露に 風の吹きしく 秋の野は つらぬきとめぬ 玉ぞ散りける」の下の句です。白露に風がしきりに吹きつける秋の野は、糸で貫き止めなかった真珠の玉が散り乱れているようだ。"
        },
        {
          "text": "人の命の 惜しくもあるかな",
          "explanation": "これは38番・右近の歌「忘らるる 身をば思はず 誓ひてし 人の命の 惜しくもあるかな」の下の句です。あなたに忘れられる我が身のことは思わない。それよりも、永遠の愛を誓ったあの人が神罰を受けて命を失うのが惜しい。"
        },
        {
          "text": "あまりてなどか 人の恋しき",
          "explanation": "これは39番・参議等の歌「浅茅生の 小野の篠原 しのぶれど あまりてなどか 人の恋しき」の下の句です。浅茅が生える小野の篠原のように忍んではいるけれど、あまりにも抑えきれず、どうしてこんなにあの人が恋しいのか。"
        },
        {
          "text": "ものや思ふと 人の問ふまで",
          "explanation": "これは40番・平兼盛の歌「しのぶれど 色に出でにけり わが恋は ものや思ふと 人の問ふまで」の下の句です。忍んではいたけれど、恋心が顔色に出てしまった。物思いをしているのかと人が尋ねるほどまでに。"
        }
      ],
      "correctAnswer": "雲のいづこに 月宿るらむ",
      "tags": null
    },
    {
      "question": "白露に 風の吹きしく 秋の野は",
      "explanation": "「白露に 風の吹きしく 秋の野は つらぬきとめぬ 玉ぞ散りける」37番・文屋朝康の歌。白露に風がしきりに吹きつける秋の野は、糸で貫き止めなかった真珠の玉が散り乱れているようだ。",
      "wordMeanings": {
        "白露に": "白露に",
        "風の吹きしく": "風がしきりに吹く",
        "秋の野は": "秋の野は",
        "つらぬきとめぬ": "糸で貫き止めていない",
        "玉ぞ散りける": "玉が散っているよ"
      },
      "choices": [
        {
          "text": "吉野の里に 降れる白雪",
          "explanation": "これは31番・坂上是則の歌「朝ぼらけ 有明の月と 見るまでに 吉野の里に 降れる白雪」の下の句です。ほのぼのと夜が明ける頃、有明の月の光かと見まがうほどに、吉野の里に降り積もった白雪よ。"
        },
        {
          "text": "流れもあへぬ 紅葉なりけり",
          "explanation": "これは32番・春道列樹の歌「山川に 風のかけたる しがらみは 流れもあへぬ 紅葉なりけり」の下の句です。山の中の川に風がかけた柵は、流れきれずにたまった紅葉であったよ。"
        },
        {
          "text": "しづ心なく 花の散るらむ",
          "explanation": "これは33番・紀友則の歌「ひさかたの 光のどけき 春の日に しづ心なく 花の散るらむ」の下の句です。こんなにものどかな春の日の光なのに、どうして落ち着いた心もなく桜の花は散ってしまうのだろう。"
        },
        {
          "text": "松も昔の 友ならなくに",
          "explanation": "これは34番・藤原興風の歌「誰をかも 知る人にせむ 高砂の 松も昔の 友ならなくに」の下の句です。今さら誰を友人としよう。なじみの高砂の松も、昔からの友ではないのだから。"
        },
        {
          "text": "花ぞ昔の 香ににほひける",
          "explanation": "これは35番・紀貫之の歌「人はいさ 心も知らず ふるさとは 花ぞ昔の 香ににほひける」の下の句です。人の心はさあどうだかわからないが、なじみの里では梅の花が昔のままの香りで咲き匂っていることだ。"
        },
        {
          "text": "雲のいづこに 月宿るらむ",
          "explanation": "これは36番・清原深養父の歌「夏の夜は まだ宵ながら 明けぬるを 雲のいづこに 月宿るらむ」の下の句です。夏の夜はまだ宵のうちだと思っているのに明けてしまった。月は雲のどこに宿っているのだろう。"
        },
        {
          "text": "つらぬきとめぬ 玉ぞ散りける",
          "explanation": ""
        },
        {
          "text": "人の命の 惜しくもあるかな",
          "explanation": "これは38番・右近の歌「忘らるる 身をば思はず 誓ひてし 人の命の 惜しくもあるかな」の下の句です。あなたに忘れられる我が身のことは思わない。それよりも、永遠の愛を誓ったあの人が神罰を受けて命を失うのが惜しい。"
        },
        {
          "text": "あまりてなどか 人の恋しき",
          "explanation": "これは39番・参議等の歌「浅茅生の 小野の篠原 しのぶれど あまりてなどか 人の恋しき」の下の句です。浅茅が生える小野の篠原のように忍んではいるけれど、あまりにも抑えきれず、どうしてこんなにあの人が恋しいのか。"
        },
        {
          "text": "ものや思ふと 人の問ふまで",
          "explanation": "これは40番・平兼盛の歌「しのぶれど 色に出でにけり わが恋は ものや思ふと 人の問ふまで」の下の句です。忍んではいたけれど、恋心が顔色に出てしまった。物思いをしているのかと人が尋ねるほどまでに。"
        }
      ],
      "correctAnswer": "つらぬきとめぬ 玉ぞ散りける",
      "tags": null
    },
    {
      "question": "忘らるる 身をば思はず 誓ひてし",
      "explanation": "「忘らるる 身をば思はず 誓ひてし 人の命の 惜しくもあるかな」38番・右近の歌。あなたに忘れられる我が身のことは思わない。それよりも、永遠の愛を誓ったあの人が神罰を受けて命を失うのが惜しい。",
      "wordMeanings": {
        "忘らるる": "忘れられる",
        "身をば思はず": "我が身のことは思わない",
        "誓ひてし": "誓った",
        "人の命の": "あの人の命が",
        "惜しくもあるかな": "惜しいことだなあ"
      },
      "choices": [
        {
          "text": "吉野の里に 降れる白雪",
          "explanation": "これは31番・坂上是則の歌「朝ぼらけ 有明の月と 見るまでに 吉野の里に 降れる白雪」の下の句です。ほのぼのと夜が明ける頃、有明の月の光かと見まがうほどに、吉野の里に降り積もった白雪よ。"
        },
        {
          "text": "流れもあへぬ 紅葉なりけり",
          "explanation": "これは32番・春道列樹の歌「山川に 風のかけたる しがらみは 流れもあへぬ 紅葉なりけり」の下の句です。山の中の川に風がかけた柵は、流れきれずにたまった紅葉であったよ。"
        },
        {
          "text": "しづ心なく 花の散るらむ",
          "explanation": "これは33番・紀友則の歌「ひさかたの 光のどけき 春の日に しづ心なく 花の散るらむ」の下の句です。こんなにものどかな春の日の光なのに、どうして落ち着いた心もなく桜の花は散ってしまうのだろう。"
        },
        {
          "text": "松も昔の 友ならなくに",
          "explanation": "これは34番・藤原興風の歌「誰をかも 知る人にせむ 高砂の 松も昔の 友ならなくに」の下の句です。今さら誰を友人としよう。なじみの高砂の松も、昔からの友ではないのだから。"
        },
        {
          "text": "花ぞ昔の 香ににほひける",
          "explanation": "これは35番・紀貫之の歌「人はいさ 心も知らず ふるさとは 花ぞ昔の 香ににほひける」の下の句です。人の心はさあどうだかわからないが、なじみの里では梅の花が昔のままの香りで咲き匂っていることだ。"
        },
        {
          "text": "雲のいづこに 月宿るらむ",
          "explanation": "これは36番・清原深養父の歌「夏の夜は まだ宵ながら 明けぬるを 雲のいづこに 月宿るらむ」の下の句です。夏の夜はまだ宵のうちだと思っているのに明けてしまった。月は雲のどこに宿っているのだろう。"
        },
        {
          "text": "つらぬきとめぬ 玉ぞ散りける",
          "explanation": "これは37番・文屋朝康の歌「白露に 風の吹きしく 秋の野は つらぬきとめぬ 玉ぞ散りける」の下の句です。白露に風がしきりに吹きつける秋の野は、糸で貫き止めなかった真珠の玉が散り乱れているようだ。"
        },
        {
          "text": "人の命の 惜しくもあるかな",
          "explanation": ""
        },
        {
          "text": "あまりてなどか 人の恋しき",
          "explanation": "これは39番・参議等の歌「浅茅生の 小野の篠原 しのぶれど あまりてなどか 人の恋しき」の下の句です。浅茅が生える小野の篠原のように忍んではいるけれど、あまりにも抑えきれず、どうしてこんなにあの人が恋しいのか。"
        },
        {
          "text": "ものや思ふと 人の問ふまで",
          "explanation": "これは40番・平兼盛の歌「しのぶれど 色に出でにけり わが恋は ものや思ふと 人の問ふまで」の下の句です。忍んではいたけれど、恋心が顔色に出てしまった。物思いをしているのかと人が尋ねるほどまでに。"
        }
      ],
      "correctAnswer": "人の命の 惜しくもあるかな",
      "tags": null
    },
    {
      "question": "浅茅生の 小野の篠原 しのぶれど",
      "explanation": "「浅茅生の 小野の篠原 しのぶれど あまりてなどか 人の恋しき」39番・参議等の歌。浅茅が生える小野の篠原のように忍んではいるけれど、あまりにも抑えきれず、どうしてこんなにあの人が恋しいのか。",
      "wordMeanings": {
        "浅茅生の": "浅茅の生えた",
        "小野の篠原": "小野の篠原（しのぶの序詞）",
        "しのぶれど": "忍んでいるけれど",
        "あまりてなどか": "抑えきれずどうして",
        "人の恋しき": "あの人が恋しいのか"
      },
      "choices": [
        {
          "text": "吉野の里に 降れる白雪",
          "explanation": "これは31番・坂上是則の歌「朝ぼらけ 有明の月と 見るまでに 吉野の里に 降れる白雪」の下の句です。ほのぼのと夜が明ける頃、有明の月の光かと見まがうほどに、吉野の里に降り積もった白雪よ。"
        },
        {
          "text": "流れもあへぬ 紅葉なりけり",
          "explanation": "これは32番・春道列樹の歌「山川に 風のかけたる しがらみは 流れもあへぬ 紅葉なりけり」の下の句です。山の中の川に風がかけた柵は、流れきれずにたまった紅葉であったよ。"
        },
        {
          "text": "しづ心なく 花の散るらむ",
          "explanation": "これは33番・紀友則の歌「ひさかたの 光のどけき 春の日に しづ心なく 花の散るらむ」の下の句です。こんなにものどかな春の日の光なのに、どうして落ち着いた心もなく桜の花は散ってしまうのだろう。"
        },
        {
          "text": "松も昔の 友ならなくに",
          "explanation": "これは34番・藤原興風の歌「誰をかも 知る人にせむ 高砂の 松も昔の 友ならなくに」の下の句です。今さら誰を友人としよう。なじみの高砂の松も、昔からの友ではないのだから。"
        },
        {
          "text": "花ぞ昔の 香ににほひける",
          "explanation": "これは35番・紀貫之の歌「人はいさ 心も知らず ふるさとは 花ぞ昔の 香ににほひける」の下の句です。人の心はさあどうだかわからないが、なじみの里では梅の花が昔のままの香りで咲き匂っていることだ。"
        },
        {
          "text": "雲のいづこに 月宿るらむ",
          "explanation": "これは36番・清原深養父の歌「夏の夜は まだ宵ながら 明けぬるを 雲のいづこに 月宿るらむ」の下の句です。夏の夜はまだ宵のうちだと思っているのに明けてしまった。月は雲のどこに宿っているのだろう。"
        },
        {
          "text": "つらぬきとめぬ 玉ぞ散りける",
          "explanation": "これは37番・文屋朝康の歌「白露に 風の吹きしく 秋の野は つらぬきとめぬ 玉ぞ散りける」の下の句です。白露に風がしきりに吹きつける秋の野は、糸で貫き止めなかった真珠の玉が散り乱れているようだ。"
        },
        {
          "text": "人の命の 惜しくもあるかな",
          "explanation": "これは38番・右近の歌「忘らるる 身をば思はず 誓ひてし 人の命の 惜しくもあるかな」の下の句です。あなたに忘れられる我が身のことは思わない。それよりも、永遠の愛を誓ったあの人が神罰を受けて命を失うのが惜しい。"
        },
        {
          "text": "あまりてなどか 人の恋しき",
          "explanation": ""
        },
        {
          "text": "ものや思ふと 人の問ふまで",
          "explanation": "これは40番・平兼盛の歌「しのぶれど 色に出でにけり わが恋は ものや思ふと 人の問ふまで」の下の句です。忍んではいたけれど、恋心が顔色に出てしまった。物思いをしているのかと人が尋ねるほどまでに。"
        }
      ],
      "correctAnswer": "あまりてなどか 人の恋しき",
      "tags": null
    },
    {
      "question": "しのぶれど 色に出でにけり わが恋は",
      "explanation": "「しのぶれど 色に出でにけり わが恋は ものや思ふと 人の問ふまで」40番・平兼盛の歌。忍んではいたけれど、恋心が顔色に出てしまった。物思いをしているのかと人が尋ねるほどまでに。",
      "wordMeanings": {
        "しのぶれど": "忍んでいたけれど",
        "色に出でにけり": "顔色に出てしまった",
        "わが恋は": "私の恋は",
        "ものや思ふと": "物思いをしているのかと",
        "人の問ふまで": "人が尋ねるほどに"
      },
      "choices": [
        {
          "text": "吉野の里に 降れる白雪",
          "explanation": "これは31番・坂上是則の歌「朝ぼらけ 有明の月と 見るまでに 吉野の里に 降れる白雪」の下の句です。ほのぼのと夜が明ける頃、有明の月の光かと見まがうほどに、吉野の里に降り積もった白雪よ。"
        },
        {
          "text": "流れもあへぬ 紅葉なりけり",
          "explanation": "これは32番・春道列樹の歌「山川に 風のかけたる しがらみは 流れもあへぬ 紅葉なりけり」の下の句です。山の中の川に風がかけた柵は、流れきれずにたまった紅葉であったよ。"
        },
        {
          "text": "しづ心なく 花の散るらむ",
          "explanation": "これは33番・紀友則の歌「ひさかたの 光のどけき 春の日に しづ心なく 花の散るらむ」の下の句です。こんなにものどかな春の日の光なのに、どうして落ち着いた心もなく桜の花は散ってしまうのだろう。"
        },
        {
          "text": "松も昔の 友ならなくに",
          "explanation": "これは34番・藤原興風の歌「誰をかも 知る人にせむ 高砂の 松も昔の 友ならなくに」の下の句です。今さら誰を友人としよう。なじみの高砂の松も、昔からの友ではないのだから。"
        },
        {
          "text": "花ぞ昔の 香ににほひける",
          "explanation": "これは35番・紀貫之の歌「人はいさ 心も知らず ふるさとは 花ぞ昔の 香ににほひける」の下の句です。人の心はさあどうだかわからないが、なじみの里では梅の花が昔のままの香りで咲き匂っていることだ。"
        },
        {
          "text": "雲のいづこに 月宿るらむ",
          "explanation": "これは36番・清原深養父の歌「夏の夜は まだ宵ながら 明けぬるを 雲のいづこに 月宿るらむ」の下の句です。夏の夜はまだ宵のうちだと思っているのに明けてしまった。月は雲のどこに宿っているのだろう。"
        },
        {
          "text": "つらぬきとめぬ 玉ぞ散りける",
          "explanation": "これは37番・文屋朝康の歌「白露に 風の吹きしく 秋の野は つらぬきとめぬ 玉ぞ散りける」の下の句です。白露に風がしきりに吹きつける秋の野は、糸で貫き止めなかった真珠の玉が散り乱れているようだ。"
        },
        {
          "text": "人の命の 惜しくもあるかな",
          "explanation": "これは38番・右近の歌「忘らるる 身をば思はず 誓ひてし 人の命の 惜しくもあるかな」の下の句です。あなたに忘れられる我が身のことは思わない。それよりも、永遠の愛を誓ったあの人が神罰を受けて命を失うのが惜しい。"
        },
        {
          "text": "あまりてなどか 人の恋しき",
          "explanation": "これは39番・参議等の歌「浅茅生の 小野の篠原 しのぶれど あまりてなどか 人の恋しき」の下の句です。浅茅が生える小野の篠原のように忍んではいるけれど、あまりにも抑えきれず、どうしてこんなにあの人が恋しいのか。"
        },
        {
          "text": "ものや思ふと 人の問ふまで",
          "explanation": ""
        }
      ],
      "correctAnswer": "ものや思ふと 人の問ふまで",
      "tags": null
    }
  ]
}
