{
  "key": "hyakunin81to90",
  "displayName": "百人一首(81-90)",
  "questions": [
    {
      "question": "ほととぎす 鳴きつる方を ながむれば",
      "explanation": "「ほととぎす 鳴きつる方を ながむれば ただ有り明けの 月ぞ残れる」81番・後徳大寺左大臣の歌。ほととぎすが鳴いた方を眺めると、鳥の姿はもう見えず、明け方の空に月だけが残っていた。",
      "wordMeanings": {
        "ほととぎす": "夏を告げる鳥",
        "鳴きつる": "鳴いた（つる＝完了の助動詞）",
        "方を": "方角を",
        "ながむれば": "眺めると",
        "ただ": "ただ〜だけ",
        "有り明けの": "夜明け前、月がまだ残っている頃の",
        "月ぞ残れる": "月だけが残っている（ぞ＝強調）"
      },
      "choices": [
        {
          "text": "ただ有り明けの 月ぞ残れる",
          "explanation": ""
        },
        {
          "text": "憂きに堪へぬは 涙なりけり",
          "explanation": "これは82番・道因法師の歌「思ひわび さても命は あるものを 憂きに堪へぬは 涙なりけり」の下の句です。恋に思い悩んでも命はなんとか続いているのに、つらさに耐えきれず止まらないのは涙であった。"
        },
        {
          "text": "山の奥にも 鹿ぞ鳴くなる",
          "explanation": "これは83番・皇太后宮大夫俊成の歌「世の中よ 道こそなけれ 思ひ入る 山の奥にも 鹿ぞ鳴くなる」の下の句です。この世には逃れる道がない。思いつめて分け入った山の奥でも、鹿が悲しげに鳴いている。"
        },
        {
          "text": "憂しと見し世ぞ 今は恋しき",
          "explanation": "これは84番・藤原清輔朝臣の歌「ながらへば またこのごろや しのばれむ 憂しと見し世ぞ 今は恋しき」の下の句です。生き長らえたら、今のつらい日々もいつか懐かしく思い出すのだろうか。つらかった過去も、今では恋しい。"
        },
        {
          "text": "閨のひまさへ つれなかりけり",
          "explanation": "これは85番・俊恵法師の歌「夜もすがら もの思ふ頃は 明けやらで 閨のひまさへ つれなかりけり」の下の句です。一晩中もの思いにふける頃は夜がなかなか明けず、寝室の隙間の光さえ冷たく感じられた。"
        },
        {
          "text": "かこち顔なる わが涙かな",
          "explanation": "これは86番・西行法師の歌「なげけとて 月やは物を 思はする かこち顔なる わが涙かな」の下の句です。月が「嘆け」と物思いをさせるわけではないのに、まるで月のせいだと言わんばかりに流れる私の涙よ。"
        },
        {
          "text": "霧立ちのぼる 秋の夕暮れ",
          "explanation": "これは87番・寂蓮法師の歌「村雨の 露もまだひぬ まきの葉に 霧立ちのぼる 秋の夕暮れ」の下の句です。にわか雨が過ぎて露もまだ乾かない真木の葉から、霧が静かに立ちのぼる秋の夕暮れよ。"
        },
        {
          "text": "みをつくしてや 恋ひわたるべき",
          "explanation": "これは88番・皇嘉門院別当の歌「難波江の 蘆のかりねの ひとよゆゑ みをつくしてや 恋ひわたるべき」の下の句です。難波の入り江の蘆を刈った根のような、たった一夜の出会いのために、身を尽くして恋い続けるのだろうか。"
        },
        {
          "text": "忍ぶることの 弱りもぞする",
          "explanation": "これは89番・式子内親王の歌「玉の緒よ 絶えなば絶えね ながらへば 忍ぶることの 弱りもぞする」の下の句です。私の命よ、絶えるなら絶えてしまえ。生き長らえると、秘めた恋心を抑える力が弱ってしまいそうだから。"
        },
        {
          "text": "濡れにぞ濡れし 色は変はらず",
          "explanation": "これは90番・殷富門院大輔の歌「見せばやな 雄島のあまの 袖だにも 濡れにぞ濡れし 色は変はらず」の下の句です。お見せしたいものだ。雄島の漁師の袖は波で濡れても色は変わらないが、私の袖は涙で色まで変わってしまった。"
        }
      ],
      "correctAnswer": "ただ有り明けの 月ぞ残れる",
      "tags": null
    },
    {
      "question": "思ひわび さても命は あるものを",
      "explanation": "「思ひわび さても命は あるものを 憂きに堪へぬは 涙なりけり」82番・道因法師の歌。恋に思い悩んでも命はなんとか続いているのに、つらさに耐えきれず止まらないのは涙であった。",
      "wordMeanings": {
        "思ひわび": "思い悩んで",
        "さても": "それでも",
        "命は": "命は",
        "あるものを": "あるのに",
        "憂きに": "つらさに",
        "堪へぬは": "耐えられないのは",
        "涙なりけり": "涙であったよ"
      },
      "choices": [
        {
          "text": "ただ有り明けの 月ぞ残れる",
          "explanation": "これは81番・後徳大寺左大臣の歌「ほととぎす 鳴きつる方を ながむれば ただ有り明けの 月ぞ残れる」の下の句です。ほととぎすが鳴いた方を眺めると、鳥の姿はもう見えず、明け方の空に月だけが残っていた。"
        },
        {
          "text": "憂きに堪へぬは 涙なりけり",
          "explanation": ""
        },
        {
          "text": "山の奥にも 鹿ぞ鳴くなる",
          "explanation": "これは83番・皇太后宮大夫俊成の歌「世の中よ 道こそなけれ 思ひ入る 山の奥にも 鹿ぞ鳴くなる」の下の句です。この世には逃れる道がない。思いつめて分け入った山の奥でも、鹿が悲しげに鳴いている。"
        },
        {
          "text": "憂しと見し世ぞ 今は恋しき",
          "explanation": "これは84番・藤原清輔朝臣の歌「ながらへば またこのごろや しのばれむ 憂しと見し世ぞ 今は恋しき」の下の句です。生き長らえたら、今のつらい日々もいつか懐かしく思い出すのだろうか。つらかった過去も、今では恋しい。"
        },
        {
          "text": "閨のひまさへ つれなかりけり",
          "explanation": "これは85番・俊恵法師の歌「夜もすがら もの思ふ頃は 明けやらで 閨のひまさへ つれなかりけり」の下の句です。一晩中もの思いにふける頃は夜がなかなか明けず、寝室の隙間の光さえ冷たく感じられた。"
        },
        {
          "text": "かこち顔なる わが涙かな",
          "explanation": "これは86番・西行法師の歌「なげけとて 月やは物を 思はする かこち顔なる わが涙かな」の下の句です。月が「嘆け」と物思いをさせるわけではないのに、まるで月のせいだと言わんばかりに流れる私の涙よ。"
        },
        {
          "text": "霧立ちのぼる 秋の夕暮れ",
          "explanation": "これは87番・寂蓮法師の歌「村雨の 露もまだひぬ まきの葉に 霧立ちのぼる 秋の夕暮れ」の下の句です。にわか雨が過ぎて露もまだ乾かない真木の葉から、霧が静かに立ちのぼる秋の夕暮れよ。"
        },
        {
          "text": "みをつくしてや 恋ひわたるべき",
          "explanation": "これは88番・皇嘉門院別当の歌「難波江の 蘆のかりねの ひとよゆゑ みをつくしてや 恋ひわたるべき」の下の句です。難波の入り江の蘆を刈った根のような、たった一夜の出会いのために、身を尽くして恋い続けるのだろうか。"
        },
        {
          "text": "忍ぶることの 弱りもぞする",
          "explanation": "これは89番・式子内親王の歌「玉の緒よ 絶えなば絶えね ながらへば 忍ぶることの 弱りもぞする」の下の句です。私の命よ、絶えるなら絶えてしまえ。生き長らえると、秘めた恋心を抑える力が弱ってしまいそうだから。"
        },
        {
          "text": "濡れにぞ濡れし 色は変はらず",
          "explanation": "これは90番・殷富門院大輔の歌「見せばやな 雄島のあまの 袖だにも 濡れにぞ濡れし 色は変はらず」の下の句です。お見せしたいものだ。雄島の漁師の袖は波で濡れても色は変わらないが、私の袖は涙で色まで変わってしまった。"
        }
      ],
      "correctAnswer": "憂きに堪へぬは 涙なりけり",
      "tags": null
    },
    {
      "question": "世の中よ 道こそなけれ 思ひ入る",
      "explanation": "「世の中よ 道こそなけれ 思ひ入る 山の奥にも 鹿ぞ鳴くなる」83番・皇太后宮大夫俊成の歌。この世には逃れる道がない。思いつめて分け入った山の奥でも、鹿が悲しげに鳴いている。",
      "wordMeanings": {
        "世の中よ": "この世の中よ",
        "道こそなけれ": "逃れる道はないのだ（こそ〜已然形＝逆接強調）",
        "思ひ入る": "深く思い込んで分け入る",
        "山の奥にも": "山の奥にも",
        "鹿ぞ鳴くなる": "鹿が鳴いているようだ（ぞ＝強調、なる＝推定）"
      },
      "choices": [
        {
          "text": "ただ有り明けの 月ぞ残れる",
          "explanation": "これは81番・後徳大寺左大臣の歌「ほととぎす 鳴きつる方を ながむれば ただ有り明けの 月ぞ残れる」の下の句です。ほととぎすが鳴いた方を眺めると、鳥の姿はもう見えず、明け方の空に月だけが残っていた。"
        },
        {
          "text": "憂きに堪へぬは 涙なりけり",
          "explanation": "これは82番・道因法師の歌「思ひわび さても命は あるものを 憂きに堪へぬは 涙なりけり」の下の句です。恋に思い悩んでも命はなんとか続いているのに、つらさに耐えきれず止まらないのは涙であった。"
        },
        {
          "text": "山の奥にも 鹿ぞ鳴くなる",
          "explanation": ""
        },
        {
          "text": "憂しと見し世ぞ 今は恋しき",
          "explanation": "これは84番・藤原清輔朝臣の歌「ながらへば またこのごろや しのばれむ 憂しと見し世ぞ 今は恋しき」の下の句です。生き長らえたら、今のつらい日々もいつか懐かしく思い出すのだろうか。つらかった過去も、今では恋しい。"
        },
        {
          "text": "閨のひまさへ つれなかりけり",
          "explanation": "これは85番・俊恵法師の歌「夜もすがら もの思ふ頃は 明けやらで 閨のひまさへ つれなかりけり」の下の句です。一晩中もの思いにふける頃は夜がなかなか明けず、寝室の隙間の光さえ冷たく感じられた。"
        },
        {
          "text": "かこち顔なる わが涙かな",
          "explanation": "これは86番・西行法師の歌「なげけとて 月やは物を 思はする かこち顔なる わが涙かな」の下の句です。月が「嘆け」と物思いをさせるわけではないのに、まるで月のせいだと言わんばかりに流れる私の涙よ。"
        },
        {
          "text": "霧立ちのぼる 秋の夕暮れ",
          "explanation": "これは87番・寂蓮法師の歌「村雨の 露もまだひぬ まきの葉に 霧立ちのぼる 秋の夕暮れ」の下の句です。にわか雨が過ぎて露もまだ乾かない真木の葉から、霧が静かに立ちのぼる秋の夕暮れよ。"
        },
        {
          "text": "みをつくしてや 恋ひわたるべき",
          "explanation": "これは88番・皇嘉門院別当の歌「難波江の 蘆のかりねの ひとよゆゑ みをつくしてや 恋ひわたるべき」の下の句です。難波の入り江の蘆を刈った根のような、たった一夜の出会いのために、身を尽くして恋い続けるのだろうか。"
        },
        {
          "text": "忍ぶることの 弱りもぞする",
          "explanation": "これは89番・式子内親王の歌「玉の緒よ 絶えなば絶えね ながらへば 忍ぶることの 弱りもぞする」の下の句です。私の命よ、絶えるなら絶えてしまえ。生き長らえると、秘めた恋心を抑える力が弱ってしまいそうだから。"
        },
        {
          "text": "濡れにぞ濡れし 色は変はらず",
          "explanation": "これは90番・殷富門院大輔の歌「見せばやな 雄島のあまの 袖だにも 濡れにぞ濡れし 色は変はらず」の下の句です。お見せしたいものだ。雄島の漁師の袖は波で濡れても色は変わらないが、私の袖は涙で色まで変わってしまった。"
        }
      ],
      "correctAnswer": "山の奥にも 鹿ぞ鳴くなる",
      "tags": null
    },
    {
      "question": "ながらへば またこのごろや しのばれむ",
      "explanation": "「ながらへば またこのごろや しのばれむ 憂しと見し世ぞ 今は恋しき」84番・藤原清輔朝臣の歌。生き長らえたら、今のつらい日々もいつか懐かしく思い出すのだろうか。つらかった過去も、今では恋しい。",
      "wordMeanings": {
        "ながらへば": "生き長らえたならば",
        "またこのごろや": "またこの頃も",
        "しのばれむ": "懐かしく思い出されるだろう",
        "憂しと": "つらいと",
        "見し世ぞ": "思っていた世の中が",
        "今は恋しき": "今は恋しい"
      },
      "choices": [
        {
          "text": "ただ有り明けの 月ぞ残れる",
          "explanation": "これは81番・後徳大寺左大臣の歌「ほととぎす 鳴きつる方を ながむれば ただ有り明けの 月ぞ残れる」の下の句です。ほととぎすが鳴いた方を眺めると、鳥の姿はもう見えず、明け方の空に月だけが残っていた。"
        },
        {
          "text": "憂きに堪へぬは 涙なりけり",
          "explanation": "これは82番・道因法師の歌「思ひわび さても命は あるものを 憂きに堪へぬは 涙なりけり」の下の句です。恋に思い悩んでも命はなんとか続いているのに、つらさに耐えきれず止まらないのは涙であった。"
        },
        {
          "text": "山の奥にも 鹿ぞ鳴くなる",
          "explanation": "これは83番・皇太后宮大夫俊成の歌「世の中よ 道こそなけれ 思ひ入る 山の奥にも 鹿ぞ鳴くなる」の下の句です。この世には逃れる道がない。思いつめて分け入った山の奥でも、鹿が悲しげに鳴いている。"
        },
        {
          "text": "憂しと見し世ぞ 今は恋しき",
          "explanation": ""
        },
        {
          "text": "閨のひまさへ つれなかりけり",
          "explanation": "これは85番・俊恵法師の歌「夜もすがら もの思ふ頃は 明けやらで 閨のひまさへ つれなかりけり」の下の句です。一晩中もの思いにふける頃は夜がなかなか明けず、寝室の隙間の光さえ冷たく感じられた。"
        },
        {
          "text": "かこち顔なる わが涙かな",
          "explanation": "これは86番・西行法師の歌「なげけとて 月やは物を 思はする かこち顔なる わが涙かな」の下の句です。月が「嘆け」と物思いをさせるわけではないのに、まるで月のせいだと言わんばかりに流れる私の涙よ。"
        },
        {
          "text": "霧立ちのぼる 秋の夕暮れ",
          "explanation": "これは87番・寂蓮法師の歌「村雨の 露もまだひぬ まきの葉に 霧立ちのぼる 秋の夕暮れ」の下の句です。にわか雨が過ぎて露もまだ乾かない真木の葉から、霧が静かに立ちのぼる秋の夕暮れよ。"
        },
        {
          "text": "みをつくしてや 恋ひわたるべき",
          "explanation": "これは88番・皇嘉門院別当の歌「難波江の 蘆のかりねの ひとよゆゑ みをつくしてや 恋ひわたるべき」の下の句です。難波の入り江の蘆を刈った根のような、たった一夜の出会いのために、身を尽くして恋い続けるのだろうか。"
        },
        {
          "text": "忍ぶることの 弱りもぞする",
          "explanation": "これは89番・式子内親王の歌「玉の緒よ 絶えなば絶えね ながらへば 忍ぶることの 弱りもぞする」の下の句です。私の命よ、絶えるなら絶えてしまえ。生き長らえると、秘めた恋心を抑える力が弱ってしまいそうだから。"
        },
        {
          "text": "濡れにぞ濡れし 色は変はらず",
          "explanation": "これは90番・殷富門院大輔の歌「見せばやな 雄島のあまの 袖だにも 濡れにぞ濡れし 色は変はらず」の下の句です。お見せしたいものだ。雄島の漁師の袖は波で濡れても色は変わらないが、私の袖は涙で色まで変わってしまった。"
        }
      ],
      "correctAnswer": "憂しと見し世ぞ 今は恋しき",
      "tags": null
    },
    {
      "question": "夜もすがら もの思ふ頃は 明けやらで",
      "explanation": "「夜もすがら もの思ふ頃は 明けやらで 閨のひまさへ つれなかりけり」85番・俊恵法師の歌。一晩中もの思いにふける頃は夜がなかなか明けず、寝室の隙間の光さえ冷たく感じられた。",
      "wordMeanings": {
        "夜もすがら": "一晩中",
        "もの思ふ": "物思いにふける",
        "頃は": "頃は",
        "明けやらで": "夜が明けきらないで",
        "閨の": "寝室の",
        "ひまさへ": "隙間さえも",
        "つれなかりけり": "冷淡であったよ・無情であった"
      },
      "choices": [
        {
          "text": "ただ有り明けの 月ぞ残れる",
          "explanation": "これは81番・後徳大寺左大臣の歌「ほととぎす 鳴きつる方を ながむれば ただ有り明けの 月ぞ残れる」の下の句です。ほととぎすが鳴いた方を眺めると、鳥の姿はもう見えず、明け方の空に月だけが残っていた。"
        },
        {
          "text": "憂きに堪へぬは 涙なりけり",
          "explanation": "これは82番・道因法師の歌「思ひわび さても命は あるものを 憂きに堪へぬは 涙なりけり」の下の句です。恋に思い悩んでも命はなんとか続いているのに、つらさに耐えきれず止まらないのは涙であった。"
        },
        {
          "text": "山の奥にも 鹿ぞ鳴くなる",
          "explanation": "これは83番・皇太后宮大夫俊成の歌「世の中よ 道こそなけれ 思ひ入る 山の奥にも 鹿ぞ鳴くなる」の下の句です。この世には逃れる道がない。思いつめて分け入った山の奥でも、鹿が悲しげに鳴いている。"
        },
        {
          "text": "憂しと見し世ぞ 今は恋しき",
          "explanation": "これは84番・藤原清輔朝臣の歌「ながらへば またこのごろや しのばれむ 憂しと見し世ぞ 今は恋しき」の下の句です。生き長らえたら、今のつらい日々もいつか懐かしく思い出すのだろうか。つらかった過去も、今では恋しい。"
        },
        {
          "text": "閨のひまさへ つれなかりけり",
          "explanation": ""
        },
        {
          "text": "かこち顔なる わが涙かな",
          "explanation": "これは86番・西行法師の歌「なげけとて 月やは物を 思はする かこち顔なる わが涙かな」の下の句です。月が「嘆け」と物思いをさせるわけではないのに、まるで月のせいだと言わんばかりに流れる私の涙よ。"
        },
        {
          "text": "霧立ちのぼる 秋の夕暮れ",
          "explanation": "これは87番・寂蓮法師の歌「村雨の 露もまだひぬ まきの葉に 霧立ちのぼる 秋の夕暮れ」の下の句です。にわか雨が過ぎて露もまだ乾かない真木の葉から、霧が静かに立ちのぼる秋の夕暮れよ。"
        },
        {
          "text": "みをつくしてや 恋ひわたるべき",
          "explanation": "これは88番・皇嘉門院別当の歌「難波江の 蘆のかりねの ひとよゆゑ みをつくしてや 恋ひわたるべき」の下の句です。難波の入り江の蘆を刈った根のような、たった一夜の出会いのために、身を尽くして恋い続けるのだろうか。"
        },
        {
          "text": "忍ぶることの 弱りもぞする",
          "explanation": "これは89番・式子内親王の歌「玉の緒よ 絶えなば絶えね ながらへば 忍ぶることの 弱りもぞする」の下の句です。私の命よ、絶えるなら絶えてしまえ。生き長らえると、秘めた恋心を抑える力が弱ってしまいそうだから。"
        },
        {
          "text": "濡れにぞ濡れし 色は変はらず",
          "explanation": "これは90番・殷富門院大輔の歌「見せばやな 雄島のあまの 袖だにも 濡れにぞ濡れし 色は変はらず」の下の句です。お見せしたいものだ。雄島の漁師の袖は波で濡れても色は変わらないが、私の袖は涙で色まで変わってしまった。"
        }
      ],
      "correctAnswer": "閨のひまさへ つれなかりけり",
      "tags": null
    },
    {
      "question": "なげけとて 月やは物を 思はする",
      "explanation": "「なげけとて 月やは物を 思はする かこち顔なる わが涙かな」86番・西行法師の歌。月が「嘆け」と物思いをさせるわけではないのに、まるで月のせいだと言わんばかりに流れる私の涙よ。",
      "wordMeanings": {
        "なげけとて": "嘆けといって",
        "月やは": "月が〜するだろうか（反語）",
        "物を思はする": "物思いをさせるのか",
        "かこち顔なる": "恨めしそうな顔の",
        "わが涙かな": "私の涙であることよ"
      },
      "choices": [
        {
          "text": "ただ有り明けの 月ぞ残れる",
          "explanation": "これは81番・後徳大寺左大臣の歌「ほととぎす 鳴きつる方を ながむれば ただ有り明けの 月ぞ残れる」の下の句です。ほととぎすが鳴いた方を眺めると、鳥の姿はもう見えず、明け方の空に月だけが残っていた。"
        },
        {
          "text": "憂きに堪へぬは 涙なりけり",
          "explanation": "これは82番・道因法師の歌「思ひわび さても命は あるものを 憂きに堪へぬは 涙なりけり」の下の句です。恋に思い悩んでも命はなんとか続いているのに、つらさに耐えきれず止まらないのは涙であった。"
        },
        {
          "text": "山の奥にも 鹿ぞ鳴くなる",
          "explanation": "これは83番・皇太后宮大夫俊成の歌「世の中よ 道こそなけれ 思ひ入る 山の奥にも 鹿ぞ鳴くなる」の下の句です。この世には逃れる道がない。思いつめて分け入った山の奥でも、鹿が悲しげに鳴いている。"
        },
        {
          "text": "憂しと見し世ぞ 今は恋しき",
          "explanation": "これは84番・藤原清輔朝臣の歌「ながらへば またこのごろや しのばれむ 憂しと見し世ぞ 今は恋しき」の下の句です。生き長らえたら、今のつらい日々もいつか懐かしく思い出すのだろうか。つらかった過去も、今では恋しい。"
        },
        {
          "text": "閨のひまさへ つれなかりけり",
          "explanation": "これは85番・俊恵法師の歌「夜もすがら もの思ふ頃は 明けやらで 閨のひまさへ つれなかりけり」の下の句です。一晩中もの思いにふける頃は夜がなかなか明けず、寝室の隙間の光さえ冷たく感じられた。"
        },
        {
          "text": "かこち顔なる わが涙かな",
          "explanation": ""
        },
        {
          "text": "霧立ちのぼる 秋の夕暮れ",
          "explanation": "これは87番・寂蓮法師の歌「村雨の 露もまだひぬ まきの葉に 霧立ちのぼる 秋の夕暮れ」の下の句です。にわか雨が過ぎて露もまだ乾かない真木の葉から、霧が静かに立ちのぼる秋の夕暮れよ。"
        },
        {
          "text": "みをつくしてや 恋ひわたるべき",
          "explanation": "これは88番・皇嘉門院別当の歌「難波江の 蘆のかりねの ひとよゆゑ みをつくしてや 恋ひわたるべき」の下の句です。難波の入り江の蘆を刈った根のような、たった一夜の出会いのために、身を尽くして恋い続けるのだろうか。"
        },
        {
          "text": "忍ぶることの 弱りもぞする",
          "explanation": "これは89番・式子内親王の歌「玉の緒よ 絶えなば絶えね ながらへば 忍ぶることの 弱りもぞする」の下の句です。私の命よ、絶えるなら絶えてしまえ。生き長らえると、秘めた恋心を抑える力が弱ってしまいそうだから。"
        },
        {
          "text": "濡れにぞ濡れし 色は変はらず",
          "explanation": "これは90番・殷富門院大輔の歌「見せばやな 雄島のあまの 袖だにも 濡れにぞ濡れし 色は変はらず」の下の句です。お見せしたいものだ。雄島の漁師の袖は波で濡れても色は変わらないが、私の袖は涙で色まで変わってしまった。"
        }
      ],
      "correctAnswer": "かこち顔なる わが涙かな",
      "tags": null
    },
    {
      "question": "村雨の 露もまだひぬ まきの葉に",
      "explanation": "「村雨の 露もまだひぬ まきの葉に 霧立ちのぼる 秋の夕暮れ」87番・寂蓮法師の歌。にわか雨が過ぎて露もまだ乾かない真木の葉から、霧が静かに立ちのぼる秋の夕暮れよ。",
      "wordMeanings": {
        "村雨の": "にわか雨の",
        "露もまだひぬ": "露もまだ乾かない（ひぬ＝干ぬ）",
        "まきの葉に": "真木（杉や檜）の葉に",
        "霧": "きり",
        "立ちのぼる": "立ち上る",
        "秋の夕暮れ": "秋の夕暮れ"
      },
      "choices": [
        {
          "text": "ただ有り明けの 月ぞ残れる",
          "explanation": "これは81番・後徳大寺左大臣の歌「ほととぎす 鳴きつる方を ながむれば ただ有り明けの 月ぞ残れる」の下の句です。ほととぎすが鳴いた方を眺めると、鳥の姿はもう見えず、明け方の空に月だけが残っていた。"
        },
        {
          "text": "憂きに堪へぬは 涙なりけり",
          "explanation": "これは82番・道因法師の歌「思ひわび さても命は あるものを 憂きに堪へぬは 涙なりけり」の下の句です。恋に思い悩んでも命はなんとか続いているのに、つらさに耐えきれず止まらないのは涙であった。"
        },
        {
          "text": "山の奥にも 鹿ぞ鳴くなる",
          "explanation": "これは83番・皇太后宮大夫俊成の歌「世の中よ 道こそなけれ 思ひ入る 山の奥にも 鹿ぞ鳴くなる」の下の句です。この世には逃れる道がない。思いつめて分け入った山の奥でも、鹿が悲しげに鳴いている。"
        },
        {
          "text": "憂しと見し世ぞ 今は恋しき",
          "explanation": "これは84番・藤原清輔朝臣の歌「ながらへば またこのごろや しのばれむ 憂しと見し世ぞ 今は恋しき」の下の句です。生き長らえたら、今のつらい日々もいつか懐かしく思い出すのだろうか。つらかった過去も、今では恋しい。"
        },
        {
          "text": "閨のひまさへ つれなかりけり",
          "explanation": "これは85番・俊恵法師の歌「夜もすがら もの思ふ頃は 明けやらで 閨のひまさへ つれなかりけり」の下の句です。一晩中もの思いにふける頃は夜がなかなか明けず、寝室の隙間の光さえ冷たく感じられた。"
        },
        {
          "text": "かこち顔なる わが涙かな",
          "explanation": "これは86番・西行法師の歌「なげけとて 月やは物を 思はする かこち顔なる わが涙かな」の下の句です。月が「嘆け」と物思いをさせるわけではないのに、まるで月のせいだと言わんばかりに流れる私の涙よ。"
        },
        {
          "text": "霧立ちのぼる 秋の夕暮れ",
          "explanation": ""
        },
        {
          "text": "みをつくしてや 恋ひわたるべき",
          "explanation": "これは88番・皇嘉門院別当の歌「難波江の 蘆のかりねの ひとよゆゑ みをつくしてや 恋ひわたるべき」の下の句です。難波の入り江の蘆を刈った根のような、たった一夜の出会いのために、身を尽くして恋い続けるのだろうか。"
        },
        {
          "text": "忍ぶることの 弱りもぞする",
          "explanation": "これは89番・式子内親王の歌「玉の緒よ 絶えなば絶えね ながらへば 忍ぶることの 弱りもぞする」の下の句です。私の命よ、絶えるなら絶えてしまえ。生き長らえると、秘めた恋心を抑える力が弱ってしまいそうだから。"
        },
        {
          "text": "濡れにぞ濡れし 色は変はらず",
          "explanation": "これは90番・殷富門院大輔の歌「見せばやな 雄島のあまの 袖だにも 濡れにぞ濡れし 色は変はらず」の下の句です。お見せしたいものだ。雄島の漁師の袖は波で濡れても色は変わらないが、私の袖は涙で色まで変わってしまった。"
        }
      ],
      "correctAnswer": "霧立ちのぼる 秋の夕暮れ",
      "tags": null
    },
    {
      "question": "難波江の 蘆のかりねの ひとよゆゑ",
      "explanation": "「難波江の 蘆のかりねの ひとよゆゑ みをつくしてや 恋ひわたるべき」88番・皇嘉門院別当の歌。難波の入り江の蘆を刈った根のような、たった一夜の出会いのために、身を尽くして恋い続けるのだろうか。",
      "wordMeanings": {
        "難波江の": "難波の入江の",
        "蘆の": "あし（植物）の",
        "かりねの": "仮寝の（刈り根の掛詞）",
        "ひとよゆゑ": "一夜ゆえに（一節の掛詞）",
        "みをつくしてや": "身を尽くして（澪標の掛詞）",
        "恋ひわたるべき": "恋い続けるのだろうか"
      },
      "choices": [
        {
          "text": "ただ有り明けの 月ぞ残れる",
          "explanation": "これは81番・後徳大寺左大臣の歌「ほととぎす 鳴きつる方を ながむれば ただ有り明けの 月ぞ残れる」の下の句です。ほととぎすが鳴いた方を眺めると、鳥の姿はもう見えず、明け方の空に月だけが残っていた。"
        },
        {
          "text": "憂きに堪へぬは 涙なりけり",
          "explanation": "これは82番・道因法師の歌「思ひわび さても命は あるものを 憂きに堪へぬは 涙なりけり」の下の句です。恋に思い悩んでも命はなんとか続いているのに、つらさに耐えきれず止まらないのは涙であった。"
        },
        {
          "text": "山の奥にも 鹿ぞ鳴くなる",
          "explanation": "これは83番・皇太后宮大夫俊成の歌「世の中よ 道こそなけれ 思ひ入る 山の奥にも 鹿ぞ鳴くなる」の下の句です。この世には逃れる道がない。思いつめて分け入った山の奥でも、鹿が悲しげに鳴いている。"
        },
        {
          "text": "憂しと見し世ぞ 今は恋しき",
          "explanation": "これは84番・藤原清輔朝臣の歌「ながらへば またこのごろや しのばれむ 憂しと見し世ぞ 今は恋しき」の下の句です。生き長らえたら、今のつらい日々もいつか懐かしく思い出すのだろうか。つらかった過去も、今では恋しい。"
        },
        {
          "text": "閨のひまさへ つれなかりけり",
          "explanation": "これは85番・俊恵法師の歌「夜もすがら もの思ふ頃は 明けやらで 閨のひまさへ つれなかりけり」の下の句です。一晩中もの思いにふける頃は夜がなかなか明けず、寝室の隙間の光さえ冷たく感じられた。"
        },
        {
          "text": "かこち顔なる わが涙かな",
          "explanation": "これは86番・西行法師の歌「なげけとて 月やは物を 思はする かこち顔なる わが涙かな」の下の句です。月が「嘆け」と物思いをさせるわけではないのに、まるで月のせいだと言わんばかりに流れる私の涙よ。"
        },
        {
          "text": "霧立ちのぼる 秋の夕暮れ",
          "explanation": "これは87番・寂蓮法師の歌「村雨の 露もまだひぬ まきの葉に 霧立ちのぼる 秋の夕暮れ」の下の句です。にわか雨が過ぎて露もまだ乾かない真木の葉から、霧が静かに立ちのぼる秋の夕暮れよ。"
        },
        {
          "text": "みをつくしてや 恋ひわたるべき",
          "explanation": ""
        },
        {
          "text": "忍ぶることの 弱りもぞする",
          "explanation": "これは89番・式子内親王の歌「玉の緒よ 絶えなば絶えね ながらへば 忍ぶることの 弱りもぞする」の下の句です。私の命よ、絶えるなら絶えてしまえ。生き長らえると、秘めた恋心を抑える力が弱ってしまいそうだから。"
        },
        {
          "text": "濡れにぞ濡れし 色は変はらず",
          "explanation": "これは90番・殷富門院大輔の歌「見せばやな 雄島のあまの 袖だにも 濡れにぞ濡れし 色は変はらず」の下の句です。お見せしたいものだ。雄島の漁師の袖は波で濡れても色は変わらないが、私の袖は涙で色まで変わってしまった。"
        }
      ],
      "correctAnswer": "みをつくしてや 恋ひわたるべき",
      "tags": null
    },
    {
      "question": "玉の緒よ 絶えなば絶えね ながらへば",
      "explanation": "「玉の緒よ 絶えなば絶えね ながらへば 忍ぶることの 弱りもぞする」89番・式子内親王の歌。私の命よ、絶えるなら絶えてしまえ。生き長らえると、秘めた恋心を抑える力が弱ってしまいそうだから。",
      "wordMeanings": {
        "玉の緒よ": "命よ",
        "絶えなば絶えね": "絶えるなら絶えてしまえ",
        "ながらへば": "生き長らえれば",
        "忍ぶること": "秘めている恋心を堪えること",
        "弱りもぞする": "弱ってしまうことが心配だ（もぞ＝懸念）"
      },
      "choices": [
        {
          "text": "ただ有り明けの 月ぞ残れる",
          "explanation": "これは81番・後徳大寺左大臣の歌「ほととぎす 鳴きつる方を ながむれば ただ有り明けの 月ぞ残れる」の下の句です。ほととぎすが鳴いた方を眺めると、鳥の姿はもう見えず、明け方の空に月だけが残っていた。"
        },
        {
          "text": "憂きに堪へぬは 涙なりけり",
          "explanation": "これは82番・道因法師の歌「思ひわび さても命は あるものを 憂きに堪へぬは 涙なりけり」の下の句です。恋に思い悩んでも命はなんとか続いているのに、つらさに耐えきれず止まらないのは涙であった。"
        },
        {
          "text": "山の奥にも 鹿ぞ鳴くなる",
          "explanation": "これは83番・皇太后宮大夫俊成の歌「世の中よ 道こそなけれ 思ひ入る 山の奥にも 鹿ぞ鳴くなる」の下の句です。この世には逃れる道がない。思いつめて分け入った山の奥でも、鹿が悲しげに鳴いている。"
        },
        {
          "text": "憂しと見し世ぞ 今は恋しき",
          "explanation": "これは84番・藤原清輔朝臣の歌「ながらへば またこのごろや しのばれむ 憂しと見し世ぞ 今は恋しき」の下の句です。生き長らえたら、今のつらい日々もいつか懐かしく思い出すのだろうか。つらかった過去も、今では恋しい。"
        },
        {
          "text": "閨のひまさへ つれなかりけり",
          "explanation": "これは85番・俊恵法師の歌「夜もすがら もの思ふ頃は 明けやらで 閨のひまさへ つれなかりけり」の下の句です。一晩中もの思いにふける頃は夜がなかなか明けず、寝室の隙間の光さえ冷たく感じられた。"
        },
        {
          "text": "かこち顔なる わが涙かな",
          "explanation": "これは86番・西行法師の歌「なげけとて 月やは物を 思はする かこち顔なる わが涙かな」の下の句です。月が「嘆け」と物思いをさせるわけではないのに、まるで月のせいだと言わんばかりに流れる私の涙よ。"
        },
        {
          "text": "霧立ちのぼる 秋の夕暮れ",
          "explanation": "これは87番・寂蓮法師の歌「村雨の 露もまだひぬ まきの葉に 霧立ちのぼる 秋の夕暮れ」の下の句です。にわか雨が過ぎて露もまだ乾かない真木の葉から、霧が静かに立ちのぼる秋の夕暮れよ。"
        },
        {
          "text": "みをつくしてや 恋ひわたるべき",
          "explanation": "これは88番・皇嘉門院別当の歌「難波江の 蘆のかりねの ひとよゆゑ みをつくしてや 恋ひわたるべき」の下の句です。難波の入り江の蘆を刈った根のような、たった一夜の出会いのために、身を尽くして恋い続けるのだろうか。"
        },
        {
          "text": "忍ぶることの 弱りもぞする",
          "explanation": ""
        },
        {
          "text": "濡れにぞ濡れし 色は変はらず",
          "explanation": "これは90番・殷富門院大輔の歌「見せばやな 雄島のあまの 袖だにも 濡れにぞ濡れし 色は変はらず」の下の句です。お見せしたいものだ。雄島の漁師の袖は波で濡れても色は変わらないが、私の袖は涙で色まで変わってしまった。"
        }
      ],
      "correctAnswer": "忍ぶることの 弱りもぞする",
      "tags": null
    },
    {
      "question": "見せばやな 雄島のあまの 袖だにも",
      "explanation": "「見せばやな 雄島のあまの 袖だにも 濡れにぞ濡れし 色は変はらず」90番・殷富門院大輔の歌。お見せしたいものだ。雄島の漁師の袖は波で濡れても色は変わらないが、私の袖は涙で色まで変わってしまった。",
      "wordMeanings": {
        "見せばやな": "お見せしたいものだ",
        "雄島のあまの": "雄島の海人（漁師）の",
        "袖だにも": "袖でさえも",
        "濡れにぞ濡れし": "ぬれにぬれたが",
        "色は変はらず": "色は変わらない"
      },
      "choices": [
        {
          "text": "ただ有り明けの 月ぞ残れる",
          "explanation": "これは81番・後徳大寺左大臣の歌「ほととぎす 鳴きつる方を ながむれば ただ有り明けの 月ぞ残れる」の下の句です。ほととぎすが鳴いた方を眺めると、鳥の姿はもう見えず、明け方の空に月だけが残っていた。"
        },
        {
          "text": "憂きに堪へぬは 涙なりけり",
          "explanation": "これは82番・道因法師の歌「思ひわび さても命は あるものを 憂きに堪へぬは 涙なりけり」の下の句です。恋に思い悩んでも命はなんとか続いているのに、つらさに耐えきれず止まらないのは涙であった。"
        },
        {
          "text": "山の奥にも 鹿ぞ鳴くなる",
          "explanation": "これは83番・皇太后宮大夫俊成の歌「世の中よ 道こそなけれ 思ひ入る 山の奥にも 鹿ぞ鳴くなる」の下の句です。この世には逃れる道がない。思いつめて分け入った山の奥でも、鹿が悲しげに鳴いている。"
        },
        {
          "text": "憂しと見し世ぞ 今は恋しき",
          "explanation": "これは84番・藤原清輔朝臣の歌「ながらへば またこのごろや しのばれむ 憂しと見し世ぞ 今は恋しき」の下の句です。生き長らえたら、今のつらい日々もいつか懐かしく思い出すのだろうか。つらかった過去も、今では恋しい。"
        },
        {
          "text": "閨のひまさへ つれなかりけり",
          "explanation": "これは85番・俊恵法師の歌「夜もすがら もの思ふ頃は 明けやらで 閨のひまさへ つれなかりけり」の下の句です。一晩中もの思いにふける頃は夜がなかなか明けず、寝室の隙間の光さえ冷たく感じられた。"
        },
        {
          "text": "かこち顔なる わが涙かな",
          "explanation": "これは86番・西行法師の歌「なげけとて 月やは物を 思はする かこち顔なる わが涙かな」の下の句です。月が「嘆け」と物思いをさせるわけではないのに、まるで月のせいだと言わんばかりに流れる私の涙よ。"
        },
        {
          "text": "霧立ちのぼる 秋の夕暮れ",
          "explanation": "これは87番・寂蓮法師の歌「村雨の 露もまだひぬ まきの葉に 霧立ちのぼる 秋の夕暮れ」の下の句です。にわか雨が過ぎて露もまだ乾かない真木の葉から、霧が静かに立ちのぼる秋の夕暮れよ。"
        },
        {
          "text": "みをつくしてや 恋ひわたるべき",
          "explanation": "これは88番・皇嘉門院別当の歌「難波江の 蘆のかりねの ひとよゆゑ みをつくしてや 恋ひわたるべき」の下の句です。難波の入り江の蘆を刈った根のような、たった一夜の出会いのために、身を尽くして恋い続けるのだろうか。"
        },
        {
          "text": "忍ぶることの 弱りもぞする",
          "explanation": "これは89番・式子内親王の歌「玉の緒よ 絶えなば絶えね ながらへば 忍ぶることの 弱りもぞする」の下の句です。私の命よ、絶えるなら絶えてしまえ。生き長らえると、秘めた恋心を抑える力が弱ってしまいそうだから。"
        },
        {
          "text": "濡れにぞ濡れし 色は変はらず",
          "explanation": ""
        }
      ],
      "correctAnswer": "濡れにぞ濡れし 色は変はらず",
      "tags": null
    }
  ]
}
