{
  "key": "hyakunin41to50",
  "displayName": "百人一首(41-50)",
  "questions": [
    {
      "question": "恋すてふ わが名はまだき 立ちにけり",
      "explanation": "「恋すてふ わが名はまだき 立ちにけり 人知れずこそ 思ひそめしか」41番・壬生忠見の歌。恋をしているという私の噂はもう早くも立ってしまった。人に知られないようにひそかに思い始めたのに。",
      "wordMeanings": {
        "恋すてふ": "恋をしているという",
        "わが名はまだき": "私の評判は早くも",
        "立ちにけり": "立ってしまった",
        "人知れずこそ": "人に知られずに",
        "思ひそめしか": "思い始めたのに"
      },
      "choices": [
        {
          "text": "人知れずこそ 思ひそめしか",
          "explanation": ""
        },
        {
          "text": "末の松山 波こさじとは",
          "explanation": "これは42番・清原元輔の歌「契りきな かたみに袖を しぼりつつ 末の松山 波こさじとは」の下の句です。約束しましたよね、お互いに袖を絞るほど泣きながら、末の松山を波が越すことがないように、二人の仲は絶対に変わるまいと。"
        },
        {
          "text": "昔はものを 思はざりけり",
          "explanation": "これは43番・権中納言敦忠の歌「逢ひ見ての のちの心に くらぶれば 昔はものを 思はざりけり」の下の句です。逢ってからの後のこの切ない気持ちに比べれば、逢う前は何も物思いなどしなかったのと同じだ。"
        },
        {
          "text": "人をも身をも 恨みざらまし",
          "explanation": "これは44番・中納言朝忠の歌「逢ふことの 絶えてしなくは なかなかに 人をも身をも 恨みざらまし」の下の句です。もし逢うことが絶対にないのならば、かえってあの人のことも自分のことも恨むまいに。中途半端に逢えるから恨みが生まれるのだ。"
        },
        {
          "text": "身のいたづらに なりぬべきかな",
          "explanation": "これは45番・謙徳公の歌「あはれとも いふべき人は 思ほえで 身のいたづらに なりぬべきかな」の下の句です。かわいそうだと言ってくれる人も思い浮かばず、このままむなしく死んでしまいそうだ。"
        },
        {
          "text": "ゆくへも知らぬ 恋の道かな",
          "explanation": "これは46番・曾禰好忠の歌「由良のとを 渡る舟人 かぢを絶え ゆくへも知らぬ 恋の道かな」の下の句です。由良の海峡を渡る舟人が楫をなくして漂うように、行方もわからないこの恋の道であるよ。"
        },
        {
          "text": "人こそ見えね 秋は来にけり",
          "explanation": "これは47番・恵慶法師の歌「八重むぐら しげれる宿の さびしきに 人こそ見えね 秋は来にけり」の下の句です。幾重にも雑草が茂った荒れ果てた家のさびしさの中に、人は誰も訪ねて来ないが、秋はやって来たことだ。"
        },
        {
          "text": "砕けてものを 思ふころかな",
          "explanation": "これは48番・源重之の歌「風をいたみ 岩うつ波の おのれのみ 砕けてものを 思ふころかな」の下の句です。風が激しいので岩に打ちつける波が自分だけ砕けるように、私だけが心砕けて物思いをするこの頃だ。"
        },
        {
          "text": "昼は消えつつ ものをこそ思へ",
          "explanation": "これは49番・大中臣能宣朝臣の歌「みかきもり 衛士のたく火の 夜は燃え 昼は消えつつ ものをこそ思へ」の下の句です。宮中の門を守る衛士のたく篝火のように、夜は恋の炎に燃え、昼は消え入るように物思いにふけっている。"
        },
        {
          "text": "ながくもがなと 思ひけるかな",
          "explanation": "これは50番・藤原義孝の歌「君がため 惜しからざりし 命さへ ながくもがなと 思ひけるかな」の下の句です。あなたのためなら惜しくないと思っていた命でさえ、逢ってみると長くあってほしいと思うようになったことだ。"
        }
      ],
      "correctAnswer": "人知れずこそ 思ひそめしか",
      "tags": null
    },
    {
      "question": "契りきな かたみに袖を しぼりつつ",
      "explanation": "「契りきな かたみに袖を しぼりつつ 末の松山 波こさじとは」42番・清原元輔の歌。約束しましたよね、お互いに袖を絞るほど泣きながら、末の松山を波が越すことがないように、二人の仲は絶対に変わるまいと。",
      "wordMeanings": {
        "契りきな": "約束しましたよね",
        "かたみに袖を": "お互いに袖を",
        "しぼりつつ": "絞りながら（泣きながら）",
        "末の松山": "末の松山（歌枕）",
        "波こさじとは": "波が越すまいとは"
      },
      "choices": [
        {
          "text": "人知れずこそ 思ひそめしか",
          "explanation": "これは41番・壬生忠見の歌「恋すてふ わが名はまだき 立ちにけり 人知れずこそ 思ひそめしか」の下の句です。恋をしているという私の噂はもう早くも立ってしまった。人に知られないようにひそかに思い始めたのに。"
        },
        {
          "text": "末の松山 波こさじとは",
          "explanation": ""
        },
        {
          "text": "昔はものを 思はざりけり",
          "explanation": "これは43番・権中納言敦忠の歌「逢ひ見ての のちの心に くらぶれば 昔はものを 思はざりけり」の下の句です。逢ってからの後のこの切ない気持ちに比べれば、逢う前は何も物思いなどしなかったのと同じだ。"
        },
        {
          "text": "人をも身をも 恨みざらまし",
          "explanation": "これは44番・中納言朝忠の歌「逢ふことの 絶えてしなくは なかなかに 人をも身をも 恨みざらまし」の下の句です。もし逢うことが絶対にないのならば、かえってあの人のことも自分のことも恨むまいに。中途半端に逢えるから恨みが生まれるのだ。"
        },
        {
          "text": "身のいたづらに なりぬべきかな",
          "explanation": "これは45番・謙徳公の歌「あはれとも いふべき人は 思ほえで 身のいたづらに なりぬべきかな」の下の句です。かわいそうだと言ってくれる人も思い浮かばず、このままむなしく死んでしまいそうだ。"
        },
        {
          "text": "ゆくへも知らぬ 恋の道かな",
          "explanation": "これは46番・曾禰好忠の歌「由良のとを 渡る舟人 かぢを絶え ゆくへも知らぬ 恋の道かな」の下の句です。由良の海峡を渡る舟人が楫をなくして漂うように、行方もわからないこの恋の道であるよ。"
        },
        {
          "text": "人こそ見えね 秋は来にけり",
          "explanation": "これは47番・恵慶法師の歌「八重むぐら しげれる宿の さびしきに 人こそ見えね 秋は来にけり」の下の句です。幾重にも雑草が茂った荒れ果てた家のさびしさの中に、人は誰も訪ねて来ないが、秋はやって来たことだ。"
        },
        {
          "text": "砕けてものを 思ふころかな",
          "explanation": "これは48番・源重之の歌「風をいたみ 岩うつ波の おのれのみ 砕けてものを 思ふころかな」の下の句です。風が激しいので岩に打ちつける波が自分だけ砕けるように、私だけが心砕けて物思いをするこの頃だ。"
        },
        {
          "text": "昼は消えつつ ものをこそ思へ",
          "explanation": "これは49番・大中臣能宣朝臣の歌「みかきもり 衛士のたく火の 夜は燃え 昼は消えつつ ものをこそ思へ」の下の句です。宮中の門を守る衛士のたく篝火のように、夜は恋の炎に燃え、昼は消え入るように物思いにふけっている。"
        },
        {
          "text": "ながくもがなと 思ひけるかな",
          "explanation": "これは50番・藤原義孝の歌「君がため 惜しからざりし 命さへ ながくもがなと 思ひけるかな」の下の句です。あなたのためなら惜しくないと思っていた命でさえ、逢ってみると長くあってほしいと思うようになったことだ。"
        }
      ],
      "correctAnswer": "末の松山 波こさじとは",
      "tags": null
    },
    {
      "question": "逢ひ見ての のちの心に くらぶれば",
      "explanation": "「逢ひ見ての のちの心に くらぶれば 昔はものを 思はざりけり」43番・権中納言敦忠の歌。逢ってからの後のこの切ない気持ちに比べれば、逢う前は何も物思いなどしなかったのと同じだ。",
      "wordMeanings": {
        "逢ひ見ての": "逢ってからの",
        "のちの心に": "後の心に",
        "くらぶれば": "比べると",
        "昔はものを": "以前は物事を",
        "思はざりけり": "思わなかったなあ"
      },
      "choices": [
        {
          "text": "人知れずこそ 思ひそめしか",
          "explanation": "これは41番・壬生忠見の歌「恋すてふ わが名はまだき 立ちにけり 人知れずこそ 思ひそめしか」の下の句です。恋をしているという私の噂はもう早くも立ってしまった。人に知られないようにひそかに思い始めたのに。"
        },
        {
          "text": "末の松山 波こさじとは",
          "explanation": "これは42番・清原元輔の歌「契りきな かたみに袖を しぼりつつ 末の松山 波こさじとは」の下の句です。約束しましたよね、お互いに袖を絞るほど泣きながら、末の松山を波が越すことがないように、二人の仲は絶対に変わるまいと。"
        },
        {
          "text": "昔はものを 思はざりけり",
          "explanation": ""
        },
        {
          "text": "人をも身をも 恨みざらまし",
          "explanation": "これは44番・中納言朝忠の歌「逢ふことの 絶えてしなくは なかなかに 人をも身をも 恨みざらまし」の下の句です。もし逢うことが絶対にないのならば、かえってあの人のことも自分のことも恨むまいに。中途半端に逢えるから恨みが生まれるのだ。"
        },
        {
          "text": "身のいたづらに なりぬべきかな",
          "explanation": "これは45番・謙徳公の歌「あはれとも いふべき人は 思ほえで 身のいたづらに なりぬべきかな」の下の句です。かわいそうだと言ってくれる人も思い浮かばず、このままむなしく死んでしまいそうだ。"
        },
        {
          "text": "ゆくへも知らぬ 恋の道かな",
          "explanation": "これは46番・曾禰好忠の歌「由良のとを 渡る舟人 かぢを絶え ゆくへも知らぬ 恋の道かな」の下の句です。由良の海峡を渡る舟人が楫をなくして漂うように、行方もわからないこの恋の道であるよ。"
        },
        {
          "text": "人こそ見えね 秋は来にけり",
          "explanation": "これは47番・恵慶法師の歌「八重むぐら しげれる宿の さびしきに 人こそ見えね 秋は来にけり」の下の句です。幾重にも雑草が茂った荒れ果てた家のさびしさの中に、人は誰も訪ねて来ないが、秋はやって来たことだ。"
        },
        {
          "text": "砕けてものを 思ふころかな",
          "explanation": "これは48番・源重之の歌「風をいたみ 岩うつ波の おのれのみ 砕けてものを 思ふころかな」の下の句です。風が激しいので岩に打ちつける波が自分だけ砕けるように、私だけが心砕けて物思いをするこの頃だ。"
        },
        {
          "text": "昼は消えつつ ものをこそ思へ",
          "explanation": "これは49番・大中臣能宣朝臣の歌「みかきもり 衛士のたく火の 夜は燃え 昼は消えつつ ものをこそ思へ」の下の句です。宮中の門を守る衛士のたく篝火のように、夜は恋の炎に燃え、昼は消え入るように物思いにふけっている。"
        },
        {
          "text": "ながくもがなと 思ひけるかな",
          "explanation": "これは50番・藤原義孝の歌「君がため 惜しからざりし 命さへ ながくもがなと 思ひけるかな」の下の句です。あなたのためなら惜しくないと思っていた命でさえ、逢ってみると長くあってほしいと思うようになったことだ。"
        }
      ],
      "correctAnswer": "昔はものを 思はざりけり",
      "tags": null
    },
    {
      "question": "逢ふことの 絶えてしなくは なかなかに",
      "explanation": "「逢ふことの 絶えてしなくは なかなかに 人をも身をも 恨みざらまし」44番・中納言朝忠の歌。もし逢うことが絶対にないのならば、かえってあの人のことも自分のことも恨むまいに。中途半端に逢えるから恨みが生まれるのだ。",
      "wordMeanings": {
        "逢ふことの": "逢うことが",
        "絶えてしなくは": "まったくないのなら",
        "なかなかに": "かえって",
        "人をも身をも": "あの人も自分自身も",
        "恨みざらまし": "恨みはしないだろうに"
      },
      "choices": [
        {
          "text": "人知れずこそ 思ひそめしか",
          "explanation": "これは41番・壬生忠見の歌「恋すてふ わが名はまだき 立ちにけり 人知れずこそ 思ひそめしか」の下の句です。恋をしているという私の噂はもう早くも立ってしまった。人に知られないようにひそかに思い始めたのに。"
        },
        {
          "text": "末の松山 波こさじとは",
          "explanation": "これは42番・清原元輔の歌「契りきな かたみに袖を しぼりつつ 末の松山 波こさじとは」の下の句です。約束しましたよね、お互いに袖を絞るほど泣きながら、末の松山を波が越すことがないように、二人の仲は絶対に変わるまいと。"
        },
        {
          "text": "昔はものを 思はざりけり",
          "explanation": "これは43番・権中納言敦忠の歌「逢ひ見ての のちの心に くらぶれば 昔はものを 思はざりけり」の下の句です。逢ってからの後のこの切ない気持ちに比べれば、逢う前は何も物思いなどしなかったのと同じだ。"
        },
        {
          "text": "人をも身をも 恨みざらまし",
          "explanation": ""
        },
        {
          "text": "身のいたづらに なりぬべきかな",
          "explanation": "これは45番・謙徳公の歌「あはれとも いふべき人は 思ほえで 身のいたづらに なりぬべきかな」の下の句です。かわいそうだと言ってくれる人も思い浮かばず、このままむなしく死んでしまいそうだ。"
        },
        {
          "text": "ゆくへも知らぬ 恋の道かな",
          "explanation": "これは46番・曾禰好忠の歌「由良のとを 渡る舟人 かぢを絶え ゆくへも知らぬ 恋の道かな」の下の句です。由良の海峡を渡る舟人が楫をなくして漂うように、行方もわからないこの恋の道であるよ。"
        },
        {
          "text": "人こそ見えね 秋は来にけり",
          "explanation": "これは47番・恵慶法師の歌「八重むぐら しげれる宿の さびしきに 人こそ見えね 秋は来にけり」の下の句です。幾重にも雑草が茂った荒れ果てた家のさびしさの中に、人は誰も訪ねて来ないが、秋はやって来たことだ。"
        },
        {
          "text": "砕けてものを 思ふころかな",
          "explanation": "これは48番・源重之の歌「風をいたみ 岩うつ波の おのれのみ 砕けてものを 思ふころかな」の下の句です。風が激しいので岩に打ちつける波が自分だけ砕けるように、私だけが心砕けて物思いをするこの頃だ。"
        },
        {
          "text": "昼は消えつつ ものをこそ思へ",
          "explanation": "これは49番・大中臣能宣朝臣の歌「みかきもり 衛士のたく火の 夜は燃え 昼は消えつつ ものをこそ思へ」の下の句です。宮中の門を守る衛士のたく篝火のように、夜は恋の炎に燃え、昼は消え入るように物思いにふけっている。"
        },
        {
          "text": "ながくもがなと 思ひけるかな",
          "explanation": "これは50番・藤原義孝の歌「君がため 惜しからざりし 命さへ ながくもがなと 思ひけるかな」の下の句です。あなたのためなら惜しくないと思っていた命でさえ、逢ってみると長くあってほしいと思うようになったことだ。"
        }
      ],
      "correctAnswer": "人をも身をも 恨みざらまし",
      "tags": null
    },
    {
      "question": "あはれとも いふべき人は 思ほえで",
      "explanation": "「あはれとも いふべき人は 思ほえで 身のいたづらに なりぬべきかな」45番・謙徳公の歌。かわいそうだと言ってくれる人も思い浮かばず、このままむなしく死んでしまいそうだ。",
      "wordMeanings": {
        "あはれとも": "かわいそうとも",
        "いふべき人は": "言ってくれる人は",
        "思ほえで": "思い浮かばず",
        "身のいたづらに": "身がむなしく",
        "なりぬべきかな": "なってしまいそうだ"
      },
      "choices": [
        {
          "text": "人知れずこそ 思ひそめしか",
          "explanation": "これは41番・壬生忠見の歌「恋すてふ わが名はまだき 立ちにけり 人知れずこそ 思ひそめしか」の下の句です。恋をしているという私の噂はもう早くも立ってしまった。人に知られないようにひそかに思い始めたのに。"
        },
        {
          "text": "末の松山 波こさじとは",
          "explanation": "これは42番・清原元輔の歌「契りきな かたみに袖を しぼりつつ 末の松山 波こさじとは」の下の句です。約束しましたよね、お互いに袖を絞るほど泣きながら、末の松山を波が越すことがないように、二人の仲は絶対に変わるまいと。"
        },
        {
          "text": "昔はものを 思はざりけり",
          "explanation": "これは43番・権中納言敦忠の歌「逢ひ見ての のちの心に くらぶれば 昔はものを 思はざりけり」の下の句です。逢ってからの後のこの切ない気持ちに比べれば、逢う前は何も物思いなどしなかったのと同じだ。"
        },
        {
          "text": "人をも身をも 恨みざらまし",
          "explanation": "これは44番・中納言朝忠の歌「逢ふことの 絶えてしなくは なかなかに 人をも身をも 恨みざらまし」の下の句です。もし逢うことが絶対にないのならば、かえってあの人のことも自分のことも恨むまいに。中途半端に逢えるから恨みが生まれるのだ。"
        },
        {
          "text": "身のいたづらに なりぬべきかな",
          "explanation": ""
        },
        {
          "text": "ゆくへも知らぬ 恋の道かな",
          "explanation": "これは46番・曾禰好忠の歌「由良のとを 渡る舟人 かぢを絶え ゆくへも知らぬ 恋の道かな」の下の句です。由良の海峡を渡る舟人が楫をなくして漂うように、行方もわからないこの恋の道であるよ。"
        },
        {
          "text": "人こそ見えね 秋は来にけり",
          "explanation": "これは47番・恵慶法師の歌「八重むぐら しげれる宿の さびしきに 人こそ見えね 秋は来にけり」の下の句です。幾重にも雑草が茂った荒れ果てた家のさびしさの中に、人は誰も訪ねて来ないが、秋はやって来たことだ。"
        },
        {
          "text": "砕けてものを 思ふころかな",
          "explanation": "これは48番・源重之の歌「風をいたみ 岩うつ波の おのれのみ 砕けてものを 思ふころかな」の下の句です。風が激しいので岩に打ちつける波が自分だけ砕けるように、私だけが心砕けて物思いをするこの頃だ。"
        },
        {
          "text": "昼は消えつつ ものをこそ思へ",
          "explanation": "これは49番・大中臣能宣朝臣の歌「みかきもり 衛士のたく火の 夜は燃え 昼は消えつつ ものをこそ思へ」の下の句です。宮中の門を守る衛士のたく篝火のように、夜は恋の炎に燃え、昼は消え入るように物思いにふけっている。"
        },
        {
          "text": "ながくもがなと 思ひけるかな",
          "explanation": "これは50番・藤原義孝の歌「君がため 惜しからざりし 命さへ ながくもがなと 思ひけるかな」の下の句です。あなたのためなら惜しくないと思っていた命でさえ、逢ってみると長くあってほしいと思うようになったことだ。"
        }
      ],
      "correctAnswer": "身のいたづらに なりぬべきかな",
      "tags": null
    },
    {
      "question": "由良のとを 渡る舟人 かぢを絶え",
      "explanation": "「由良のとを 渡る舟人 かぢを絶え ゆくへも知らぬ 恋の道かな」46番・曾禰好忠の歌。由良の海峡を渡る舟人が楫をなくして漂うように、行方もわからないこの恋の道であるよ。",
      "wordMeanings": {
        "由良のとを": "由良の海峡を",
        "渡る舟人": "渡る舟人が",
        "かぢを絶え": "楫をなくして",
        "ゆくへも知らぬ": "行方もわからない",
        "恋の道かな": "恋の道であるよ"
      },
      "choices": [
        {
          "text": "人知れずこそ 思ひそめしか",
          "explanation": "これは41番・壬生忠見の歌「恋すてふ わが名はまだき 立ちにけり 人知れずこそ 思ひそめしか」の下の句です。恋をしているという私の噂はもう早くも立ってしまった。人に知られないようにひそかに思い始めたのに。"
        },
        {
          "text": "末の松山 波こさじとは",
          "explanation": "これは42番・清原元輔の歌「契りきな かたみに袖を しぼりつつ 末の松山 波こさじとは」の下の句です。約束しましたよね、お互いに袖を絞るほど泣きながら、末の松山を波が越すことがないように、二人の仲は絶対に変わるまいと。"
        },
        {
          "text": "昔はものを 思はざりけり",
          "explanation": "これは43番・権中納言敦忠の歌「逢ひ見ての のちの心に くらぶれば 昔はものを 思はざりけり」の下の句です。逢ってからの後のこの切ない気持ちに比べれば、逢う前は何も物思いなどしなかったのと同じだ。"
        },
        {
          "text": "人をも身をも 恨みざらまし",
          "explanation": "これは44番・中納言朝忠の歌「逢ふことの 絶えてしなくは なかなかに 人をも身をも 恨みざらまし」の下の句です。もし逢うことが絶対にないのならば、かえってあの人のことも自分のことも恨むまいに。中途半端に逢えるから恨みが生まれるのだ。"
        },
        {
          "text": "身のいたづらに なりぬべきかな",
          "explanation": "これは45番・謙徳公の歌「あはれとも いふべき人は 思ほえで 身のいたづらに なりぬべきかな」の下の句です。かわいそうだと言ってくれる人も思い浮かばず、このままむなしく死んでしまいそうだ。"
        },
        {
          "text": "ゆくへも知らぬ 恋の道かな",
          "explanation": ""
        },
        {
          "text": "人こそ見えね 秋は来にけり",
          "explanation": "これは47番・恵慶法師の歌「八重むぐら しげれる宿の さびしきに 人こそ見えね 秋は来にけり」の下の句です。幾重にも雑草が茂った荒れ果てた家のさびしさの中に、人は誰も訪ねて来ないが、秋はやって来たことだ。"
        },
        {
          "text": "砕けてものを 思ふころかな",
          "explanation": "これは48番・源重之の歌「風をいたみ 岩うつ波の おのれのみ 砕けてものを 思ふころかな」の下の句です。風が激しいので岩に打ちつける波が自分だけ砕けるように、私だけが心砕けて物思いをするこの頃だ。"
        },
        {
          "text": "昼は消えつつ ものをこそ思へ",
          "explanation": "これは49番・大中臣能宣朝臣の歌「みかきもり 衛士のたく火の 夜は燃え 昼は消えつつ ものをこそ思へ」の下の句です。宮中の門を守る衛士のたく篝火のように、夜は恋の炎に燃え、昼は消え入るように物思いにふけっている。"
        },
        {
          "text": "ながくもがなと 思ひけるかな",
          "explanation": "これは50番・藤原義孝の歌「君がため 惜しからざりし 命さへ ながくもがなと 思ひけるかな」の下の句です。あなたのためなら惜しくないと思っていた命でさえ、逢ってみると長くあってほしいと思うようになったことだ。"
        }
      ],
      "correctAnswer": "ゆくへも知らぬ 恋の道かな",
      "tags": null
    },
    {
      "question": "八重むぐら しげれる宿の さびしきに",
      "explanation": "「八重むぐら しげれる宿の さびしきに 人こそ見えね 秋は来にけり」47番・恵慶法師の歌。幾重にも雑草が茂った荒れ果てた家のさびしさの中に、人は誰も訪ねて来ないが、秋はやって来たことだ。",
      "wordMeanings": {
        "八重むぐら": "幾重にも茂った雑草",
        "しげれる宿の": "生い茂った家の",
        "さびしきに": "さびしいところに",
        "人こそ見えね": "人は見えないが",
        "秋は来にけり": "秋は来たのだなあ"
      },
      "choices": [
        {
          "text": "人知れずこそ 思ひそめしか",
          "explanation": "これは41番・壬生忠見の歌「恋すてふ わが名はまだき 立ちにけり 人知れずこそ 思ひそめしか」の下の句です。恋をしているという私の噂はもう早くも立ってしまった。人に知られないようにひそかに思い始めたのに。"
        },
        {
          "text": "末の松山 波こさじとは",
          "explanation": "これは42番・清原元輔の歌「契りきな かたみに袖を しぼりつつ 末の松山 波こさじとは」の下の句です。約束しましたよね、お互いに袖を絞るほど泣きながら、末の松山を波が越すことがないように、二人の仲は絶対に変わるまいと。"
        },
        {
          "text": "昔はものを 思はざりけり",
          "explanation": "これは43番・権中納言敦忠の歌「逢ひ見ての のちの心に くらぶれば 昔はものを 思はざりけり」の下の句です。逢ってからの後のこの切ない気持ちに比べれば、逢う前は何も物思いなどしなかったのと同じだ。"
        },
        {
          "text": "人をも身をも 恨みざらまし",
          "explanation": "これは44番・中納言朝忠の歌「逢ふことの 絶えてしなくは なかなかに 人をも身をも 恨みざらまし」の下の句です。もし逢うことが絶対にないのならば、かえってあの人のことも自分のことも恨むまいに。中途半端に逢えるから恨みが生まれるのだ。"
        },
        {
          "text": "身のいたづらに なりぬべきかな",
          "explanation": "これは45番・謙徳公の歌「あはれとも いふべき人は 思ほえで 身のいたづらに なりぬべきかな」の下の句です。かわいそうだと言ってくれる人も思い浮かばず、このままむなしく死んでしまいそうだ。"
        },
        {
          "text": "ゆくへも知らぬ 恋の道かな",
          "explanation": "これは46番・曾禰好忠の歌「由良のとを 渡る舟人 かぢを絶え ゆくへも知らぬ 恋の道かな」の下の句です。由良の海峡を渡る舟人が楫をなくして漂うように、行方もわからないこの恋の道であるよ。"
        },
        {
          "text": "人こそ見えね 秋は来にけり",
          "explanation": ""
        },
        {
          "text": "砕けてものを 思ふころかな",
          "explanation": "これは48番・源重之の歌「風をいたみ 岩うつ波の おのれのみ 砕けてものを 思ふころかな」の下の句です。風が激しいので岩に打ちつける波が自分だけ砕けるように、私だけが心砕けて物思いをするこの頃だ。"
        },
        {
          "text": "昼は消えつつ ものをこそ思へ",
          "explanation": "これは49番・大中臣能宣朝臣の歌「みかきもり 衛士のたく火の 夜は燃え 昼は消えつつ ものをこそ思へ」の下の句です。宮中の門を守る衛士のたく篝火のように、夜は恋の炎に燃え、昼は消え入るように物思いにふけっている。"
        },
        {
          "text": "ながくもがなと 思ひけるかな",
          "explanation": "これは50番・藤原義孝の歌「君がため 惜しからざりし 命さへ ながくもがなと 思ひけるかな」の下の句です。あなたのためなら惜しくないと思っていた命でさえ、逢ってみると長くあってほしいと思うようになったことだ。"
        }
      ],
      "correctAnswer": "人こそ見えね 秋は来にけり",
      "tags": null
    },
    {
      "question": "風をいたみ 岩うつ波の おのれのみ",
      "explanation": "「風をいたみ 岩うつ波の おのれのみ 砕けてものを 思ふころかな」48番・源重之の歌。風が激しいので岩に打ちつける波が自分だけ砕けるように、私だけが心砕けて物思いをするこの頃だ。",
      "wordMeanings": {
        "風をいたみ": "風が激しいので",
        "岩うつ波の": "岩に打つ波の",
        "おのれのみ": "自分だけが",
        "砕けてものを": "砕けて物事を",
        "思ふころかな": "思うこの頃だなあ"
      },
      "choices": [
        {
          "text": "人知れずこそ 思ひそめしか",
          "explanation": "これは41番・壬生忠見の歌「恋すてふ わが名はまだき 立ちにけり 人知れずこそ 思ひそめしか」の下の句です。恋をしているという私の噂はもう早くも立ってしまった。人に知られないようにひそかに思い始めたのに。"
        },
        {
          "text": "末の松山 波こさじとは",
          "explanation": "これは42番・清原元輔の歌「契りきな かたみに袖を しぼりつつ 末の松山 波こさじとは」の下の句です。約束しましたよね、お互いに袖を絞るほど泣きながら、末の松山を波が越すことがないように、二人の仲は絶対に変わるまいと。"
        },
        {
          "text": "昔はものを 思はざりけり",
          "explanation": "これは43番・権中納言敦忠の歌「逢ひ見ての のちの心に くらぶれば 昔はものを 思はざりけり」の下の句です。逢ってからの後のこの切ない気持ちに比べれば、逢う前は何も物思いなどしなかったのと同じだ。"
        },
        {
          "text": "人をも身をも 恨みざらまし",
          "explanation": "これは44番・中納言朝忠の歌「逢ふことの 絶えてしなくは なかなかに 人をも身をも 恨みざらまし」の下の句です。もし逢うことが絶対にないのならば、かえってあの人のことも自分のことも恨むまいに。中途半端に逢えるから恨みが生まれるのだ。"
        },
        {
          "text": "身のいたづらに なりぬべきかな",
          "explanation": "これは45番・謙徳公の歌「あはれとも いふべき人は 思ほえで 身のいたづらに なりぬべきかな」の下の句です。かわいそうだと言ってくれる人も思い浮かばず、このままむなしく死んでしまいそうだ。"
        },
        {
          "text": "ゆくへも知らぬ 恋の道かな",
          "explanation": "これは46番・曾禰好忠の歌「由良のとを 渡る舟人 かぢを絶え ゆくへも知らぬ 恋の道かな」の下の句です。由良の海峡を渡る舟人が楫をなくして漂うように、行方もわからないこの恋の道であるよ。"
        },
        {
          "text": "人こそ見えね 秋は来にけり",
          "explanation": "これは47番・恵慶法師の歌「八重むぐら しげれる宿の さびしきに 人こそ見えね 秋は来にけり」の下の句です。幾重にも雑草が茂った荒れ果てた家のさびしさの中に、人は誰も訪ねて来ないが、秋はやって来たことだ。"
        },
        {
          "text": "砕けてものを 思ふころかな",
          "explanation": ""
        },
        {
          "text": "昼は消えつつ ものをこそ思へ",
          "explanation": "これは49番・大中臣能宣朝臣の歌「みかきもり 衛士のたく火の 夜は燃え 昼は消えつつ ものをこそ思へ」の下の句です。宮中の門を守る衛士のたく篝火のように、夜は恋の炎に燃え、昼は消え入るように物思いにふけっている。"
        },
        {
          "text": "ながくもがなと 思ひけるかな",
          "explanation": "これは50番・藤原義孝の歌「君がため 惜しからざりし 命さへ ながくもがなと 思ひけるかな」の下の句です。あなたのためなら惜しくないと思っていた命でさえ、逢ってみると長くあってほしいと思うようになったことだ。"
        }
      ],
      "correctAnswer": "砕けてものを 思ふころかな",
      "tags": null
    },
    {
      "question": "みかきもり 衛士のたく火の 夜は燃え",
      "explanation": "「みかきもり 衛士のたく火の 夜は燃え 昼は消えつつ ものをこそ思へ」49番・大中臣能宣朝臣の歌。宮中の門を守る衛士のたく篝火のように、夜は恋の炎に燃え、昼は消え入るように物思いにふけっている。",
      "wordMeanings": {
        "みかきもり": "御垣守（宮中の門番）",
        "衛士のたく火の": "衛士のたく篝火の",
        "夜は燃え": "夜は（恋に）燃え",
        "昼は消えつつ": "昼は消え入りながら",
        "ものをこそ思へ": "物思いにふけることだ"
      },
      "choices": [
        {
          "text": "人知れずこそ 思ひそめしか",
          "explanation": "これは41番・壬生忠見の歌「恋すてふ わが名はまだき 立ちにけり 人知れずこそ 思ひそめしか」の下の句です。恋をしているという私の噂はもう早くも立ってしまった。人に知られないようにひそかに思い始めたのに。"
        },
        {
          "text": "末の松山 波こさじとは",
          "explanation": "これは42番・清原元輔の歌「契りきな かたみに袖を しぼりつつ 末の松山 波こさじとは」の下の句です。約束しましたよね、お互いに袖を絞るほど泣きながら、末の松山を波が越すことがないように、二人の仲は絶対に変わるまいと。"
        },
        {
          "text": "昔はものを 思はざりけり",
          "explanation": "これは43番・権中納言敦忠の歌「逢ひ見ての のちの心に くらぶれば 昔はものを 思はざりけり」の下の句です。逢ってからの後のこの切ない気持ちに比べれば、逢う前は何も物思いなどしなかったのと同じだ。"
        },
        {
          "text": "人をも身をも 恨みざらまし",
          "explanation": "これは44番・中納言朝忠の歌「逢ふことの 絶えてしなくは なかなかに 人をも身をも 恨みざらまし」の下の句です。もし逢うことが絶対にないのならば、かえってあの人のことも自分のことも恨むまいに。中途半端に逢えるから恨みが生まれるのだ。"
        },
        {
          "text": "身のいたづらに なりぬべきかな",
          "explanation": "これは45番・謙徳公の歌「あはれとも いふべき人は 思ほえで 身のいたづらに なりぬべきかな」の下の句です。かわいそうだと言ってくれる人も思い浮かばず、このままむなしく死んでしまいそうだ。"
        },
        {
          "text": "ゆくへも知らぬ 恋の道かな",
          "explanation": "これは46番・曾禰好忠の歌「由良のとを 渡る舟人 かぢを絶え ゆくへも知らぬ 恋の道かな」の下の句です。由良の海峡を渡る舟人が楫をなくして漂うように、行方もわからないこの恋の道であるよ。"
        },
        {
          "text": "人こそ見えね 秋は来にけり",
          "explanation": "これは47番・恵慶法師の歌「八重むぐら しげれる宿の さびしきに 人こそ見えね 秋は来にけり」の下の句です。幾重にも雑草が茂った荒れ果てた家のさびしさの中に、人は誰も訪ねて来ないが、秋はやって来たことだ。"
        },
        {
          "text": "砕けてものを 思ふころかな",
          "explanation": "これは48番・源重之の歌「風をいたみ 岩うつ波の おのれのみ 砕けてものを 思ふころかな」の下の句です。風が激しいので岩に打ちつける波が自分だけ砕けるように、私だけが心砕けて物思いをするこの頃だ。"
        },
        {
          "text": "昼は消えつつ ものをこそ思へ",
          "explanation": ""
        },
        {
          "text": "ながくもがなと 思ひけるかな",
          "explanation": "これは50番・藤原義孝の歌「君がため 惜しからざりし 命さへ ながくもがなと 思ひけるかな」の下の句です。あなたのためなら惜しくないと思っていた命でさえ、逢ってみると長くあってほしいと思うようになったことだ。"
        }
      ],
      "correctAnswer": "昼は消えつつ ものをこそ思へ",
      "tags": null
    },
    {
      "question": "君がため 惜しからざりし 命さへ",
      "explanation": "「君がため 惜しからざりし 命さへ ながくもがなと 思ひけるかな」50番・藤原義孝の歌。あなたのためなら惜しくないと思っていた命でさえ、逢ってみると長くあってほしいと思うようになったことだ。",
      "wordMeanings": {
        "君がため": "あなたのために",
        "惜しからざりし": "惜しくなかった",
        "命さへ": "命さえも",
        "ながくもがなと": "長くあってほしいと",
        "思ひけるかな": "思うようになったなあ"
      },
      "choices": [
        {
          "text": "人知れずこそ 思ひそめしか",
          "explanation": "これは41番・壬生忠見の歌「恋すてふ わが名はまだき 立ちにけり 人知れずこそ 思ひそめしか」の下の句です。恋をしているという私の噂はもう早くも立ってしまった。人に知られないようにひそかに思い始めたのに。"
        },
        {
          "text": "末の松山 波こさじとは",
          "explanation": "これは42番・清原元輔の歌「契りきな かたみに袖を しぼりつつ 末の松山 波こさじとは」の下の句です。約束しましたよね、お互いに袖を絞るほど泣きながら、末の松山を波が越すことがないように、二人の仲は絶対に変わるまいと。"
        },
        {
          "text": "昔はものを 思はざりけり",
          "explanation": "これは43番・権中納言敦忠の歌「逢ひ見ての のちの心に くらぶれば 昔はものを 思はざりけり」の下の句です。逢ってからの後のこの切ない気持ちに比べれば、逢う前は何も物思いなどしなかったのと同じだ。"
        },
        {
          "text": "人をも身をも 恨みざらまし",
          "explanation": "これは44番・中納言朝忠の歌「逢ふことの 絶えてしなくは なかなかに 人をも身をも 恨みざらまし」の下の句です。もし逢うことが絶対にないのならば、かえってあの人のことも自分のことも恨むまいに。中途半端に逢えるから恨みが生まれるのだ。"
        },
        {
          "text": "身のいたづらに なりぬべきかな",
          "explanation": "これは45番・謙徳公の歌「あはれとも いふべき人は 思ほえで 身のいたづらに なりぬべきかな」の下の句です。かわいそうだと言ってくれる人も思い浮かばず、このままむなしく死んでしまいそうだ。"
        },
        {
          "text": "ゆくへも知らぬ 恋の道かな",
          "explanation": "これは46番・曾禰好忠の歌「由良のとを 渡る舟人 かぢを絶え ゆくへも知らぬ 恋の道かな」の下の句です。由良の海峡を渡る舟人が楫をなくして漂うように、行方もわからないこの恋の道であるよ。"
        },
        {
          "text": "人こそ見えね 秋は来にけり",
          "explanation": "これは47番・恵慶法師の歌「八重むぐら しげれる宿の さびしきに 人こそ見えね 秋は来にけり」の下の句です。幾重にも雑草が茂った荒れ果てた家のさびしさの中に、人は誰も訪ねて来ないが、秋はやって来たことだ。"
        },
        {
          "text": "砕けてものを 思ふころかな",
          "explanation": "これは48番・源重之の歌「風をいたみ 岩うつ波の おのれのみ 砕けてものを 思ふころかな」の下の句です。風が激しいので岩に打ちつける波が自分だけ砕けるように、私だけが心砕けて物思いをするこの頃だ。"
        },
        {
          "text": "昼は消えつつ ものをこそ思へ",
          "explanation": "これは49番・大中臣能宣朝臣の歌「みかきもり 衛士のたく火の 夜は燃え 昼は消えつつ ものをこそ思へ」の下の句です。宮中の門を守る衛士のたく篝火のように、夜は恋の炎に燃え、昼は消え入るように物思いにふけっている。"
        },
        {
          "text": "ながくもがなと 思ひけるかな",
          "explanation": ""
        }
      ],
      "correctAnswer": "ながくもがなと 思ひけるかな",
      "tags": null
    }
  ]
}
