{
  "key": "hyakunin21to30",
  "displayName": "百人一首(21-30)",
  "questions": [
    {
      "question": "今来むと 言ひしばかりに 長月の",
      "explanation": "「今来むと 言ひしばかりに 長月の 有明の月を 待ち出でつるかな」21番・素性法師の歌。「今すぐ来よう」と言ったばかりに、九月の長い夜を待ち続けて、とうとう有明の月が出るまで待ってしまった。",
      "wordMeanings": {
        "今来むと": "今すぐ来ようと",
        "言ひしばかりに": "言ったばかりに",
        "長月の": "九月（長い月夜）の",
        "有明の月を": "有明の月を",
        "待ち出でつるかな": "待っているうちに出てしまったなあ"
      },
      "choices": [
        {
          "text": "有明の月を 待ち出でつるかな",
          "explanation": ""
        },
        {
          "text": "むべ山風を 嵐といふらむ",
          "explanation": "これは22番・文屋康秀の歌「吹くからに 秋の草木の しをるれば むべ山風を 嵐といふらむ」の下の句です。風が吹くとすぐに秋の草木がしおれるので、なるほど山から吹く風を嵐というのだろう。"
        },
        {
          "text": "わが身ひとつの 秋にはあらねど",
          "explanation": "これは23番・大江千里の歌「月見れば ちぢに物こそ 悲しけれ わが身ひとつの 秋にはあらねど」の下の句です。月を見ると様々に物事が悲しく思われる。私ひとりだけの秋ではないのだけれど。"
        },
        {
          "text": "紅葉のにしき 神のまにまに",
          "explanation": "これは24番・菅家の歌「このたびは ぬさもとりあへず 手向山 紅葉のにしき 神のまにまに」の下の句です。今度の旅は急なことで幣も用意できません。手向山の紅葉の錦を捧げますので、神よ御心のままにお受けください。"
        },
        {
          "text": "人に知られで くるよしもがな",
          "explanation": "これは25番・三条右大臣の歌「名にし負はば 逢坂山の さねかづら 人に知られで くるよしもがな」の下の句です。逢坂山のさねかずらが、その名のとおり「さ寝」の意味ならば、人に知られずにあなたのもとへ行く方法があればよいのに。"
        },
        {
          "text": "今ひとたびの みゆき待たなむ",
          "explanation": "これは26番・貞信公の歌「小倉山 峰のもみぢ葉 心あらば 今ひとたびの みゆき待たなむ」の下の句です。小倉山の峰の紅葉よ、もし心があるならば、もう一度の行幸があるまで散らずに待っていてほしい。"
        },
        {
          "text": "いつ見きとてか 恋しかるらむ",
          "explanation": "これは27番・中納言兼輔の歌「みかの原 わきて流るる いづみ川 いつ見きとてか 恋しかるらむ」の下の句です。みかの原を分けて流れる泉川のように、いつ見たというのだろうか、逢ったこともないのにどうしてこんなに恋しいのだろう。"
        },
        {
          "text": "人目も草も かれぬと思へば",
          "explanation": "これは28番・源宗于朝臣の歌「山里は 冬ぞさびしさ まさりける 人目も草も かれぬと思へば」の下の句です。山里は冬がいっそうさびしさがまさるものだ。人の訪れも絶え、草も枯れてしまうと思うと。"
        },
        {
          "text": "おきまどはせる 白菊の花",
          "explanation": "これは29番・凡河内躬恒の歌「心あてに 折らばや折らむ 初霜の おきまどはせる 白菊の花」の下の句です。あて推量に折るなら折ってみようか。初霜が降りて見分けがつかなくなっている白菊の花を。"
        },
        {
          "text": "暁ばかり 憂きものはなし",
          "explanation": "これは30番・壬生忠岑の歌「有明のつれなく見えし 別れより 暁ばかり 憂きものはなし」の下の句です。有明の月がつれなく見えたあの夜明けの別れ以来、暁ほどつらいものはない。"
        }
      ],
      "correctAnswer": "有明の月を 待ち出でつるかな",
      "tags": null
    },
    {
      "question": "吹くからに 秋の草木の しをるれば",
      "explanation": "「吹くからに 秋の草木の しをるれば むべ山風を 嵐といふらむ」22番・文屋康秀の歌。風が吹くとすぐに秋の草木がしおれるので、なるほど山から吹く風を嵐というのだろう。",
      "wordMeanings": {
        "吹くからに": "風が吹くとすぐに",
        "秋の草木の": "秋の草木が",
        "しをるれば": "しおれるので",
        "むべ山風を": "なるほど山風を",
        "嵐といふらむ": "嵐というのだろう"
      },
      "choices": [
        {
          "text": "有明の月を 待ち出でつるかな",
          "explanation": "これは21番・素性法師の歌「今来むと 言ひしばかりに 長月の 有明の月を 待ち出でつるかな」の下の句です。「今すぐ来よう」と言ったばかりに、九月の長い夜を待ち続けて、とうとう有明の月が出るまで待ってしまった。"
        },
        {
          "text": "むべ山風を 嵐といふらむ",
          "explanation": ""
        },
        {
          "text": "わが身ひとつの 秋にはあらねど",
          "explanation": "これは23番・大江千里の歌「月見れば ちぢに物こそ 悲しけれ わが身ひとつの 秋にはあらねど」の下の句です。月を見ると様々に物事が悲しく思われる。私ひとりだけの秋ではないのだけれど。"
        },
        {
          "text": "紅葉のにしき 神のまにまに",
          "explanation": "これは24番・菅家の歌「このたびは ぬさもとりあへず 手向山 紅葉のにしき 神のまにまに」の下の句です。今度の旅は急なことで幣も用意できません。手向山の紅葉の錦を捧げますので、神よ御心のままにお受けください。"
        },
        {
          "text": "人に知られで くるよしもがな",
          "explanation": "これは25番・三条右大臣の歌「名にし負はば 逢坂山の さねかづら 人に知られで くるよしもがな」の下の句です。逢坂山のさねかずらが、その名のとおり「さ寝」の意味ならば、人に知られずにあなたのもとへ行く方法があればよいのに。"
        },
        {
          "text": "今ひとたびの みゆき待たなむ",
          "explanation": "これは26番・貞信公の歌「小倉山 峰のもみぢ葉 心あらば 今ひとたびの みゆき待たなむ」の下の句です。小倉山の峰の紅葉よ、もし心があるならば、もう一度の行幸があるまで散らずに待っていてほしい。"
        },
        {
          "text": "いつ見きとてか 恋しかるらむ",
          "explanation": "これは27番・中納言兼輔の歌「みかの原 わきて流るる いづみ川 いつ見きとてか 恋しかるらむ」の下の句です。みかの原を分けて流れる泉川のように、いつ見たというのだろうか、逢ったこともないのにどうしてこんなに恋しいのだろう。"
        },
        {
          "text": "人目も草も かれぬと思へば",
          "explanation": "これは28番・源宗于朝臣の歌「山里は 冬ぞさびしさ まさりける 人目も草も かれぬと思へば」の下の句です。山里は冬がいっそうさびしさがまさるものだ。人の訪れも絶え、草も枯れてしまうと思うと。"
        },
        {
          "text": "おきまどはせる 白菊の花",
          "explanation": "これは29番・凡河内躬恒の歌「心あてに 折らばや折らむ 初霜の おきまどはせる 白菊の花」の下の句です。あて推量に折るなら折ってみようか。初霜が降りて見分けがつかなくなっている白菊の花を。"
        },
        {
          "text": "暁ばかり 憂きものはなし",
          "explanation": "これは30番・壬生忠岑の歌「有明のつれなく見えし 別れより 暁ばかり 憂きものはなし」の下の句です。有明の月がつれなく見えたあの夜明けの別れ以来、暁ほどつらいものはない。"
        }
      ],
      "correctAnswer": "むべ山風を 嵐といふらむ",
      "tags": null
    },
    {
      "question": "月見れば ちぢに物こそ 悲しけれ",
      "explanation": "「月見れば ちぢに物こそ 悲しけれ わが身ひとつの 秋にはあらねど」23番・大江千里の歌。月を見ると様々に物事が悲しく思われる。私ひとりだけの秋ではないのだけれど。",
      "wordMeanings": {
        "月見れば": "月を見ると",
        "ちぢに物こそ": "さまざまに物事が",
        "悲しけれ": "悲しいことだ",
        "わが身ひとつの": "私ひとりだけの",
        "秋にはあらねど": "秋ではないけれど"
      },
      "choices": [
        {
          "text": "有明の月を 待ち出でつるかな",
          "explanation": "これは21番・素性法師の歌「今来むと 言ひしばかりに 長月の 有明の月を 待ち出でつるかな」の下の句です。「今すぐ来よう」と言ったばかりに、九月の長い夜を待ち続けて、とうとう有明の月が出るまで待ってしまった。"
        },
        {
          "text": "むべ山風を 嵐といふらむ",
          "explanation": "これは22番・文屋康秀の歌「吹くからに 秋の草木の しをるれば むべ山風を 嵐といふらむ」の下の句です。風が吹くとすぐに秋の草木がしおれるので、なるほど山から吹く風を嵐というのだろう。"
        },
        {
          "text": "わが身ひとつの 秋にはあらねど",
          "explanation": ""
        },
        {
          "text": "紅葉のにしき 神のまにまに",
          "explanation": "これは24番・菅家の歌「このたびは ぬさもとりあへず 手向山 紅葉のにしき 神のまにまに」の下の句です。今度の旅は急なことで幣も用意できません。手向山の紅葉の錦を捧げますので、神よ御心のままにお受けください。"
        },
        {
          "text": "人に知られで くるよしもがな",
          "explanation": "これは25番・三条右大臣の歌「名にし負はば 逢坂山の さねかづら 人に知られで くるよしもがな」の下の句です。逢坂山のさねかずらが、その名のとおり「さ寝」の意味ならば、人に知られずにあなたのもとへ行く方法があればよいのに。"
        },
        {
          "text": "今ひとたびの みゆき待たなむ",
          "explanation": "これは26番・貞信公の歌「小倉山 峰のもみぢ葉 心あらば 今ひとたびの みゆき待たなむ」の下の句です。小倉山の峰の紅葉よ、もし心があるならば、もう一度の行幸があるまで散らずに待っていてほしい。"
        },
        {
          "text": "いつ見きとてか 恋しかるらむ",
          "explanation": "これは27番・中納言兼輔の歌「みかの原 わきて流るる いづみ川 いつ見きとてか 恋しかるらむ」の下の句です。みかの原を分けて流れる泉川のように、いつ見たというのだろうか、逢ったこともないのにどうしてこんなに恋しいのだろう。"
        },
        {
          "text": "人目も草も かれぬと思へば",
          "explanation": "これは28番・源宗于朝臣の歌「山里は 冬ぞさびしさ まさりける 人目も草も かれぬと思へば」の下の句です。山里は冬がいっそうさびしさがまさるものだ。人の訪れも絶え、草も枯れてしまうと思うと。"
        },
        {
          "text": "おきまどはせる 白菊の花",
          "explanation": "これは29番・凡河内躬恒の歌「心あてに 折らばや折らむ 初霜の おきまどはせる 白菊の花」の下の句です。あて推量に折るなら折ってみようか。初霜が降りて見分けがつかなくなっている白菊の花を。"
        },
        {
          "text": "暁ばかり 憂きものはなし",
          "explanation": "これは30番・壬生忠岑の歌「有明のつれなく見えし 別れより 暁ばかり 憂きものはなし」の下の句です。有明の月がつれなく見えたあの夜明けの別れ以来、暁ほどつらいものはない。"
        }
      ],
      "correctAnswer": "わが身ひとつの 秋にはあらねど",
      "tags": null
    },
    {
      "question": "このたびは ぬさもとりあへず 手向山",
      "explanation": "「このたびは ぬさもとりあへず 手向山 紅葉のにしき 神のまにまに」24番・菅家の歌。今度の旅は急なことで幣も用意できません。手向山の紅葉の錦を捧げますので、神よ御心のままにお受けください。",
      "wordMeanings": {
        "このたびは": "今度の旅は",
        "ぬさもとりあへず": "幣も用意できず",
        "手向山": "手向山（神に祈る場所）",
        "紅葉のにしき": "紅葉の錦を",
        "神のまにまに": "神の御心のままに"
      },
      "choices": [
        {
          "text": "有明の月を 待ち出でつるかな",
          "explanation": "これは21番・素性法師の歌「今来むと 言ひしばかりに 長月の 有明の月を 待ち出でつるかな」の下の句です。「今すぐ来よう」と言ったばかりに、九月の長い夜を待ち続けて、とうとう有明の月が出るまで待ってしまった。"
        },
        {
          "text": "むべ山風を 嵐といふらむ",
          "explanation": "これは22番・文屋康秀の歌「吹くからに 秋の草木の しをるれば むべ山風を 嵐といふらむ」の下の句です。風が吹くとすぐに秋の草木がしおれるので、なるほど山から吹く風を嵐というのだろう。"
        },
        {
          "text": "わが身ひとつの 秋にはあらねど",
          "explanation": "これは23番・大江千里の歌「月見れば ちぢに物こそ 悲しけれ わが身ひとつの 秋にはあらねど」の下の句です。月を見ると様々に物事が悲しく思われる。私ひとりだけの秋ではないのだけれど。"
        },
        {
          "text": "紅葉のにしき 神のまにまに",
          "explanation": ""
        },
        {
          "text": "人に知られで くるよしもがな",
          "explanation": "これは25番・三条右大臣の歌「名にし負はば 逢坂山の さねかづら 人に知られで くるよしもがな」の下の句です。逢坂山のさねかずらが、その名のとおり「さ寝」の意味ならば、人に知られずにあなたのもとへ行く方法があればよいのに。"
        },
        {
          "text": "今ひとたびの みゆき待たなむ",
          "explanation": "これは26番・貞信公の歌「小倉山 峰のもみぢ葉 心あらば 今ひとたびの みゆき待たなむ」の下の句です。小倉山の峰の紅葉よ、もし心があるならば、もう一度の行幸があるまで散らずに待っていてほしい。"
        },
        {
          "text": "いつ見きとてか 恋しかるらむ",
          "explanation": "これは27番・中納言兼輔の歌「みかの原 わきて流るる いづみ川 いつ見きとてか 恋しかるらむ」の下の句です。みかの原を分けて流れる泉川のように、いつ見たというのだろうか、逢ったこともないのにどうしてこんなに恋しいのだろう。"
        },
        {
          "text": "人目も草も かれぬと思へば",
          "explanation": "これは28番・源宗于朝臣の歌「山里は 冬ぞさびしさ まさりける 人目も草も かれぬと思へば」の下の句です。山里は冬がいっそうさびしさがまさるものだ。人の訪れも絶え、草も枯れてしまうと思うと。"
        },
        {
          "text": "おきまどはせる 白菊の花",
          "explanation": "これは29番・凡河内躬恒の歌「心あてに 折らばや折らむ 初霜の おきまどはせる 白菊の花」の下の句です。あて推量に折るなら折ってみようか。初霜が降りて見分けがつかなくなっている白菊の花を。"
        },
        {
          "text": "暁ばかり 憂きものはなし",
          "explanation": "これは30番・壬生忠岑の歌「有明のつれなく見えし 別れより 暁ばかり 憂きものはなし」の下の句です。有明の月がつれなく見えたあの夜明けの別れ以来、暁ほどつらいものはない。"
        }
      ],
      "correctAnswer": "紅葉のにしき 神のまにまに",
      "tags": null
    },
    {
      "question": "名にし負はば 逢坂山の さねかづら",
      "explanation": "「名にし負はば 逢坂山の さねかづら 人に知られで くるよしもがな」25番・三条右大臣の歌。逢坂山のさねかずらが、その名のとおり「さ寝」の意味ならば、人に知られずにあなたのもとへ行く方法があればよいのに。",
      "wordMeanings": {
        "名にし負はば": "名前のとおりならば",
        "逢坂山の": "逢坂山の（逢うの掛詞）",
        "さねかづら": "さねかずら（さ寝の掛詞）",
        "人に知られで": "人に知られずに",
        "くるよしもがな": "来る方法があればなあ（来る・繰るの掛詞）"
      },
      "choices": [
        {
          "text": "有明の月を 待ち出でつるかな",
          "explanation": "これは21番・素性法師の歌「今来むと 言ひしばかりに 長月の 有明の月を 待ち出でつるかな」の下の句です。「今すぐ来よう」と言ったばかりに、九月の長い夜を待ち続けて、とうとう有明の月が出るまで待ってしまった。"
        },
        {
          "text": "むべ山風を 嵐といふらむ",
          "explanation": "これは22番・文屋康秀の歌「吹くからに 秋の草木の しをるれば むべ山風を 嵐といふらむ」の下の句です。風が吹くとすぐに秋の草木がしおれるので、なるほど山から吹く風を嵐というのだろう。"
        },
        {
          "text": "わが身ひとつの 秋にはあらねど",
          "explanation": "これは23番・大江千里の歌「月見れば ちぢに物こそ 悲しけれ わが身ひとつの 秋にはあらねど」の下の句です。月を見ると様々に物事が悲しく思われる。私ひとりだけの秋ではないのだけれど。"
        },
        {
          "text": "紅葉のにしき 神のまにまに",
          "explanation": "これは24番・菅家の歌「このたびは ぬさもとりあへず 手向山 紅葉のにしき 神のまにまに」の下の句です。今度の旅は急なことで幣も用意できません。手向山の紅葉の錦を捧げますので、神よ御心のままにお受けください。"
        },
        {
          "text": "人に知られで くるよしもがな",
          "explanation": ""
        },
        {
          "text": "今ひとたびの みゆき待たなむ",
          "explanation": "これは26番・貞信公の歌「小倉山 峰のもみぢ葉 心あらば 今ひとたびの みゆき待たなむ」の下の句です。小倉山の峰の紅葉よ、もし心があるならば、もう一度の行幸があるまで散らずに待っていてほしい。"
        },
        {
          "text": "いつ見きとてか 恋しかるらむ",
          "explanation": "これは27番・中納言兼輔の歌「みかの原 わきて流るる いづみ川 いつ見きとてか 恋しかるらむ」の下の句です。みかの原を分けて流れる泉川のように、いつ見たというのだろうか、逢ったこともないのにどうしてこんなに恋しいのだろう。"
        },
        {
          "text": "人目も草も かれぬと思へば",
          "explanation": "これは28番・源宗于朝臣の歌「山里は 冬ぞさびしさ まさりける 人目も草も かれぬと思へば」の下の句です。山里は冬がいっそうさびしさがまさるものだ。人の訪れも絶え、草も枯れてしまうと思うと。"
        },
        {
          "text": "おきまどはせる 白菊の花",
          "explanation": "これは29番・凡河内躬恒の歌「心あてに 折らばや折らむ 初霜の おきまどはせる 白菊の花」の下の句です。あて推量に折るなら折ってみようか。初霜が降りて見分けがつかなくなっている白菊の花を。"
        },
        {
          "text": "暁ばかり 憂きものはなし",
          "explanation": "これは30番・壬生忠岑の歌「有明のつれなく見えし 別れより 暁ばかり 憂きものはなし」の下の句です。有明の月がつれなく見えたあの夜明けの別れ以来、暁ほどつらいものはない。"
        }
      ],
      "correctAnswer": "人に知られで くるよしもがな",
      "tags": null
    },
    {
      "question": "小倉山 峰のもみぢ葉 心あらば",
      "explanation": "「小倉山 峰のもみぢ葉 心あらば 今ひとたびの みゆき待たなむ」26番・貞信公の歌。小倉山の峰の紅葉よ、もし心があるならば、もう一度の行幸があるまで散らずに待っていてほしい。",
      "wordMeanings": {
        "小倉山": "小倉山（京都嵐山付近）",
        "峰のもみぢ葉": "峰の紅葉よ",
        "心あらば": "心があるならば",
        "今ひとたびの": "もう一度の",
        "みゆき待たなむ": "行幸を待っていてほしい"
      },
      "choices": [
        {
          "text": "有明の月を 待ち出でつるかな",
          "explanation": "これは21番・素性法師の歌「今来むと 言ひしばかりに 長月の 有明の月を 待ち出でつるかな」の下の句です。「今すぐ来よう」と言ったばかりに、九月の長い夜を待ち続けて、とうとう有明の月が出るまで待ってしまった。"
        },
        {
          "text": "むべ山風を 嵐といふらむ",
          "explanation": "これは22番・文屋康秀の歌「吹くからに 秋の草木の しをるれば むべ山風を 嵐といふらむ」の下の句です。風が吹くとすぐに秋の草木がしおれるので、なるほど山から吹く風を嵐というのだろう。"
        },
        {
          "text": "わが身ひとつの 秋にはあらねど",
          "explanation": "これは23番・大江千里の歌「月見れば ちぢに物こそ 悲しけれ わが身ひとつの 秋にはあらねど」の下の句です。月を見ると様々に物事が悲しく思われる。私ひとりだけの秋ではないのだけれど。"
        },
        {
          "text": "紅葉のにしき 神のまにまに",
          "explanation": "これは24番・菅家の歌「このたびは ぬさもとりあへず 手向山 紅葉のにしき 神のまにまに」の下の句です。今度の旅は急なことで幣も用意できません。手向山の紅葉の錦を捧げますので、神よ御心のままにお受けください。"
        },
        {
          "text": "人に知られで くるよしもがな",
          "explanation": "これは25番・三条右大臣の歌「名にし負はば 逢坂山の さねかづら 人に知られで くるよしもがな」の下の句です。逢坂山のさねかずらが、その名のとおり「さ寝」の意味ならば、人に知られずにあなたのもとへ行く方法があればよいのに。"
        },
        {
          "text": "今ひとたびの みゆき待たなむ",
          "explanation": ""
        },
        {
          "text": "いつ見きとてか 恋しかるらむ",
          "explanation": "これは27番・中納言兼輔の歌「みかの原 わきて流るる いづみ川 いつ見きとてか 恋しかるらむ」の下の句です。みかの原を分けて流れる泉川のように、いつ見たというのだろうか、逢ったこともないのにどうしてこんなに恋しいのだろう。"
        },
        {
          "text": "人目も草も かれぬと思へば",
          "explanation": "これは28番・源宗于朝臣の歌「山里は 冬ぞさびしさ まさりける 人目も草も かれぬと思へば」の下の句です。山里は冬がいっそうさびしさがまさるものだ。人の訪れも絶え、草も枯れてしまうと思うと。"
        },
        {
          "text": "おきまどはせる 白菊の花",
          "explanation": "これは29番・凡河内躬恒の歌「心あてに 折らばや折らむ 初霜の おきまどはせる 白菊の花」の下の句です。あて推量に折るなら折ってみようか。初霜が降りて見分けがつかなくなっている白菊の花を。"
        },
        {
          "text": "暁ばかり 憂きものはなし",
          "explanation": "これは30番・壬生忠岑の歌「有明のつれなく見えし 別れより 暁ばかり 憂きものはなし」の下の句です。有明の月がつれなく見えたあの夜明けの別れ以来、暁ほどつらいものはない。"
        }
      ],
      "correctAnswer": "今ひとたびの みゆき待たなむ",
      "tags": null
    },
    {
      "question": "みかの原 わきて流るる いづみ川",
      "explanation": "「みかの原 わきて流るる いづみ川 いつ見きとてか 恋しかるらむ」27番・中納言兼輔の歌。みかの原を分けて流れる泉川のように、いつ見たというのだろうか、逢ったこともないのにどうしてこんなに恋しいのだろう。",
      "wordMeanings": {
        "みかの原": "みかの原（京都南部の地名）",
        "わきて流るる": "分けて流れる（湧きての掛詞）",
        "いづみ川": "泉川",
        "いつ見きとてか": "いつ見たといって（いつ見の掛詞）",
        "恋しかるらむ": "恋しいのだろう"
      },
      "choices": [
        {
          "text": "有明の月を 待ち出でつるかな",
          "explanation": "これは21番・素性法師の歌「今来むと 言ひしばかりに 長月の 有明の月を 待ち出でつるかな」の下の句です。「今すぐ来よう」と言ったばかりに、九月の長い夜を待ち続けて、とうとう有明の月が出るまで待ってしまった。"
        },
        {
          "text": "むべ山風を 嵐といふらむ",
          "explanation": "これは22番・文屋康秀の歌「吹くからに 秋の草木の しをるれば むべ山風を 嵐といふらむ」の下の句です。風が吹くとすぐに秋の草木がしおれるので、なるほど山から吹く風を嵐というのだろう。"
        },
        {
          "text": "わが身ひとつの 秋にはあらねど",
          "explanation": "これは23番・大江千里の歌「月見れば ちぢに物こそ 悲しけれ わが身ひとつの 秋にはあらねど」の下の句です。月を見ると様々に物事が悲しく思われる。私ひとりだけの秋ではないのだけれど。"
        },
        {
          "text": "紅葉のにしき 神のまにまに",
          "explanation": "これは24番・菅家の歌「このたびは ぬさもとりあへず 手向山 紅葉のにしき 神のまにまに」の下の句です。今度の旅は急なことで幣も用意できません。手向山の紅葉の錦を捧げますので、神よ御心のままにお受けください。"
        },
        {
          "text": "人に知られで くるよしもがな",
          "explanation": "これは25番・三条右大臣の歌「名にし負はば 逢坂山の さねかづら 人に知られで くるよしもがな」の下の句です。逢坂山のさねかずらが、その名のとおり「さ寝」の意味ならば、人に知られずにあなたのもとへ行く方法があればよいのに。"
        },
        {
          "text": "今ひとたびの みゆき待たなむ",
          "explanation": "これは26番・貞信公の歌「小倉山 峰のもみぢ葉 心あらば 今ひとたびの みゆき待たなむ」の下の句です。小倉山の峰の紅葉よ、もし心があるならば、もう一度の行幸があるまで散らずに待っていてほしい。"
        },
        {
          "text": "いつ見きとてか 恋しかるらむ",
          "explanation": ""
        },
        {
          "text": "人目も草も かれぬと思へば",
          "explanation": "これは28番・源宗于朝臣の歌「山里は 冬ぞさびしさ まさりける 人目も草も かれぬと思へば」の下の句です。山里は冬がいっそうさびしさがまさるものだ。人の訪れも絶え、草も枯れてしまうと思うと。"
        },
        {
          "text": "おきまどはせる 白菊の花",
          "explanation": "これは29番・凡河内躬恒の歌「心あてに 折らばや折らむ 初霜の おきまどはせる 白菊の花」の下の句です。あて推量に折るなら折ってみようか。初霜が降りて見分けがつかなくなっている白菊の花を。"
        },
        {
          "text": "暁ばかり 憂きものはなし",
          "explanation": "これは30番・壬生忠岑の歌「有明のつれなく見えし 別れより 暁ばかり 憂きものはなし」の下の句です。有明の月がつれなく見えたあの夜明けの別れ以来、暁ほどつらいものはない。"
        }
      ],
      "correctAnswer": "いつ見きとてか 恋しかるらむ",
      "tags": null
    },
    {
      "question": "山里は 冬ぞさびしさ まさりける",
      "explanation": "「山里は 冬ぞさびしさ まさりける 人目も草も かれぬと思へば」28番・源宗于朝臣の歌。山里は冬がいっそうさびしさがまさるものだ。人の訪れも絶え、草も枯れてしまうと思うと。",
      "wordMeanings": {
        "山里は": "山里は",
        "冬ぞさびしさ": "冬こそさびしさが",
        "まさりける": "まさるものだ",
        "人目も草も": "人の訪れも草も",
        "かれぬと思へば": "枯れる（離れるの掛詞）と思うと"
      },
      "choices": [
        {
          "text": "有明の月を 待ち出でつるかな",
          "explanation": "これは21番・素性法師の歌「今来むと 言ひしばかりに 長月の 有明の月を 待ち出でつるかな」の下の句です。「今すぐ来よう」と言ったばかりに、九月の長い夜を待ち続けて、とうとう有明の月が出るまで待ってしまった。"
        },
        {
          "text": "むべ山風を 嵐といふらむ",
          "explanation": "これは22番・文屋康秀の歌「吹くからに 秋の草木の しをるれば むべ山風を 嵐といふらむ」の下の句です。風が吹くとすぐに秋の草木がしおれるので、なるほど山から吹く風を嵐というのだろう。"
        },
        {
          "text": "わが身ひとつの 秋にはあらねど",
          "explanation": "これは23番・大江千里の歌「月見れば ちぢに物こそ 悲しけれ わが身ひとつの 秋にはあらねど」の下の句です。月を見ると様々に物事が悲しく思われる。私ひとりだけの秋ではないのだけれど。"
        },
        {
          "text": "紅葉のにしき 神のまにまに",
          "explanation": "これは24番・菅家の歌「このたびは ぬさもとりあへず 手向山 紅葉のにしき 神のまにまに」の下の句です。今度の旅は急なことで幣も用意できません。手向山の紅葉の錦を捧げますので、神よ御心のままにお受けください。"
        },
        {
          "text": "人に知られで くるよしもがな",
          "explanation": "これは25番・三条右大臣の歌「名にし負はば 逢坂山の さねかづら 人に知られで くるよしもがな」の下の句です。逢坂山のさねかずらが、その名のとおり「さ寝」の意味ならば、人に知られずにあなたのもとへ行く方法があればよいのに。"
        },
        {
          "text": "今ひとたびの みゆき待たなむ",
          "explanation": "これは26番・貞信公の歌「小倉山 峰のもみぢ葉 心あらば 今ひとたびの みゆき待たなむ」の下の句です。小倉山の峰の紅葉よ、もし心があるならば、もう一度の行幸があるまで散らずに待っていてほしい。"
        },
        {
          "text": "いつ見きとてか 恋しかるらむ",
          "explanation": "これは27番・中納言兼輔の歌「みかの原 わきて流るる いづみ川 いつ見きとてか 恋しかるらむ」の下の句です。みかの原を分けて流れる泉川のように、いつ見たというのだろうか、逢ったこともないのにどうしてこんなに恋しいのだろう。"
        },
        {
          "text": "人目も草も かれぬと思へば",
          "explanation": ""
        },
        {
          "text": "おきまどはせる 白菊の花",
          "explanation": "これは29番・凡河内躬恒の歌「心あてに 折らばや折らむ 初霜の おきまどはせる 白菊の花」の下の句です。あて推量に折るなら折ってみようか。初霜が降りて見分けがつかなくなっている白菊の花を。"
        },
        {
          "text": "暁ばかり 憂きものはなし",
          "explanation": "これは30番・壬生忠岑の歌「有明のつれなく見えし 別れより 暁ばかり 憂きものはなし」の下の句です。有明の月がつれなく見えたあの夜明けの別れ以来、暁ほどつらいものはない。"
        }
      ],
      "correctAnswer": "人目も草も かれぬと思へば",
      "tags": null
    },
    {
      "question": "心あてに 折らばや折らむ 初霜の",
      "explanation": "「心あてに 折らばや折らむ 初霜の おきまどはせる 白菊の花」29番・凡河内躬恒の歌。あて推量に折るなら折ってみようか。初霜が降りて見分けがつかなくなっている白菊の花を。",
      "wordMeanings": {
        "心あてに": "あて推量に",
        "折らばや折らむ": "折るなら折ってみよう",
        "初霜の": "初霜が",
        "おきまどはせる": "降りて見分けがつかなくさせている",
        "白菊の花": "白菊の花"
      },
      "choices": [
        {
          "text": "有明の月を 待ち出でつるかな",
          "explanation": "これは21番・素性法師の歌「今来むと 言ひしばかりに 長月の 有明の月を 待ち出でつるかな」の下の句です。「今すぐ来よう」と言ったばかりに、九月の長い夜を待ち続けて、とうとう有明の月が出るまで待ってしまった。"
        },
        {
          "text": "むべ山風を 嵐といふらむ",
          "explanation": "これは22番・文屋康秀の歌「吹くからに 秋の草木の しをるれば むべ山風を 嵐といふらむ」の下の句です。風が吹くとすぐに秋の草木がしおれるので、なるほど山から吹く風を嵐というのだろう。"
        },
        {
          "text": "わが身ひとつの 秋にはあらねど",
          "explanation": "これは23番・大江千里の歌「月見れば ちぢに物こそ 悲しけれ わが身ひとつの 秋にはあらねど」の下の句です。月を見ると様々に物事が悲しく思われる。私ひとりだけの秋ではないのだけれど。"
        },
        {
          "text": "紅葉のにしき 神のまにまに",
          "explanation": "これは24番・菅家の歌「このたびは ぬさもとりあへず 手向山 紅葉のにしき 神のまにまに」の下の句です。今度の旅は急なことで幣も用意できません。手向山の紅葉の錦を捧げますので、神よ御心のままにお受けください。"
        },
        {
          "text": "人に知られで くるよしもがな",
          "explanation": "これは25番・三条右大臣の歌「名にし負はば 逢坂山の さねかづら 人に知られで くるよしもがな」の下の句です。逢坂山のさねかずらが、その名のとおり「さ寝」の意味ならば、人に知られずにあなたのもとへ行く方法があればよいのに。"
        },
        {
          "text": "今ひとたびの みゆき待たなむ",
          "explanation": "これは26番・貞信公の歌「小倉山 峰のもみぢ葉 心あらば 今ひとたびの みゆき待たなむ」の下の句です。小倉山の峰の紅葉よ、もし心があるならば、もう一度の行幸があるまで散らずに待っていてほしい。"
        },
        {
          "text": "いつ見きとてか 恋しかるらむ",
          "explanation": "これは27番・中納言兼輔の歌「みかの原 わきて流るる いづみ川 いつ見きとてか 恋しかるらむ」の下の句です。みかの原を分けて流れる泉川のように、いつ見たというのだろうか、逢ったこともないのにどうしてこんなに恋しいのだろう。"
        },
        {
          "text": "人目も草も かれぬと思へば",
          "explanation": "これは28番・源宗于朝臣の歌「山里は 冬ぞさびしさ まさりける 人目も草も かれぬと思へば」の下の句です。山里は冬がいっそうさびしさがまさるものだ。人の訪れも絶え、草も枯れてしまうと思うと。"
        },
        {
          "text": "おきまどはせる 白菊の花",
          "explanation": ""
        },
        {
          "text": "暁ばかり 憂きものはなし",
          "explanation": "これは30番・壬生忠岑の歌「有明のつれなく見えし 別れより 暁ばかり 憂きものはなし」の下の句です。有明の月がつれなく見えたあの夜明けの別れ以来、暁ほどつらいものはない。"
        }
      ],
      "correctAnswer": "おきまどはせる 白菊の花",
      "tags": null
    },
    {
      "question": "有明のつれなく見えし 別れより",
      "explanation": "「有明のつれなく見えし 別れより 暁ばかり 憂きものはなし」30番・壬生忠岑の歌。有明の月がつれなく見えたあの夜明けの別れ以来、暁ほどつらいものはない。",
      "wordMeanings": {
        "有明の": "有明の月の",
        "つれなく見えし": "つれなく見えた",
        "別れより": "別れの時から",
        "暁ばかり": "暁ほど",
        "憂きものはなし": "つらいものはない"
      },
      "choices": [
        {
          "text": "有明の月を 待ち出でつるかな",
          "explanation": "これは21番・素性法師の歌「今来むと 言ひしばかりに 長月の 有明の月を 待ち出でつるかな」の下の句です。「今すぐ来よう」と言ったばかりに、九月の長い夜を待ち続けて、とうとう有明の月が出るまで待ってしまった。"
        },
        {
          "text": "むべ山風を 嵐といふらむ",
          "explanation": "これは22番・文屋康秀の歌「吹くからに 秋の草木の しをるれば むべ山風を 嵐といふらむ」の下の句です。風が吹くとすぐに秋の草木がしおれるので、なるほど山から吹く風を嵐というのだろう。"
        },
        {
          "text": "わが身ひとつの 秋にはあらねど",
          "explanation": "これは23番・大江千里の歌「月見れば ちぢに物こそ 悲しけれ わが身ひとつの 秋にはあらねど」の下の句です。月を見ると様々に物事が悲しく思われる。私ひとりだけの秋ではないのだけれど。"
        },
        {
          "text": "紅葉のにしき 神のまにまに",
          "explanation": "これは24番・菅家の歌「このたびは ぬさもとりあへず 手向山 紅葉のにしき 神のまにまに」の下の句です。今度の旅は急なことで幣も用意できません。手向山の紅葉の錦を捧げますので、神よ御心のままにお受けください。"
        },
        {
          "text": "人に知られで くるよしもがな",
          "explanation": "これは25番・三条右大臣の歌「名にし負はば 逢坂山の さねかづら 人に知られで くるよしもがな」の下の句です。逢坂山のさねかずらが、その名のとおり「さ寝」の意味ならば、人に知られずにあなたのもとへ行く方法があればよいのに。"
        },
        {
          "text": "今ひとたびの みゆき待たなむ",
          "explanation": "これは26番・貞信公の歌「小倉山 峰のもみぢ葉 心あらば 今ひとたびの みゆき待たなむ」の下の句です。小倉山の峰の紅葉よ、もし心があるならば、もう一度の行幸があるまで散らずに待っていてほしい。"
        },
        {
          "text": "いつ見きとてか 恋しかるらむ",
          "explanation": "これは27番・中納言兼輔の歌「みかの原 わきて流るる いづみ川 いつ見きとてか 恋しかるらむ」の下の句です。みかの原を分けて流れる泉川のように、いつ見たというのだろうか、逢ったこともないのにどうしてこんなに恋しいのだろう。"
        },
        {
          "text": "人目も草も かれぬと思へば",
          "explanation": "これは28番・源宗于朝臣の歌「山里は 冬ぞさびしさ まさりける 人目も草も かれぬと思へば」の下の句です。山里は冬がいっそうさびしさがまさるものだ。人の訪れも絶え、草も枯れてしまうと思うと。"
        },
        {
          "text": "おきまどはせる 白菊の花",
          "explanation": "これは29番・凡河内躬恒の歌「心あてに 折らばや折らむ 初霜の おきまどはせる 白菊の花」の下の句です。あて推量に折るなら折ってみようか。初霜が降りて見分けがつかなくなっている白菊の花を。"
        },
        {
          "text": "暁ばかり 憂きものはなし",
          "explanation": ""
        }
      ],
      "correctAnswer": "暁ばかり 憂きものはなし",
      "tags": null
    }
  ]
}
