{
  "key": "hyakunin51to60",
  "displayName": "百人一首(51-60)",
  "questions": [
    {
      "question": "かくとだに えやはいぶきの さしも草",
      "explanation": "「かくとだに えやはいぶきの さしも草 さしも知らじな 燃ゆる思ひを」51番・藤原実方朝臣の歌。こんなにもあなたを慕っているとさえ打ち明けられないのに、伊吹山のさしも草のように燃える私の思いをあなたはご存じないでしょう。",
      "wordMeanings": [
        {
          "word": "かくとだに",
          "meaning": "こうとさえ"
        },
        {
          "word": "えやはいぶきの",
          "meaning": "言えないのに（伊吹の掛詞）"
        },
        {
          "word": "さしも草",
          "meaning": "さしも草（もぐさ）"
        },
        {
          "word": "さしも知らじな",
          "meaning": "それほどとはご存じないでしょう"
        },
        {
          "word": "燃ゆる思ひを",
          "meaning": "燃える思いを"
        }
      ],
      "choices": [
        {
          "text": "さしも知らじな 燃ゆる思ひを",
          "explanation": ""
        },
        {
          "text": "なほ恨めしき 朝ぼらけかな",
          "explanation": "これは52番・藤原道信朝臣の歌「明けぬれば 暮るるものとは 知りながら なほ恨めしき 朝ぼらけかな」の下の句です。夜が明ければまた暮れて逢えるとは知りながら、やはり恨めしいのは夜明けであるなあ。"
        },
        {
          "text": "いかに久しき ものとかは知る",
          "explanation": "これは53番・右大将道綱母の歌「なげきつつ ひとり寝る夜の 明くる間は いかに久しき ものとかは知る」の下の句です。嘆きながらひとりで寝る夜の明けるまでの時間が、どんなに長いものか、あなたはご存じだろうか。"
        },
        {
          "text": "今日を限りの 命ともがな",
          "explanation": "これは54番・儀同三司母の歌「忘れじの 行く末までは かたければ 今日を限りの 命ともがな」の下の句です。忘れないと言ったあの言葉が、将来まで変わらないとは信じがたいので、いっそ今日を最後の命であってほしい。"
        },
        {
          "text": "名こそ流れて なほ聞こえけれ",
          "explanation": "これは55番・大納言公任の歌「滝の音は 絶えて久しく なりぬれど 名こそ流れて なほ聞こえけれ」の下の句です。滝の音は絶えて久しくなったけれど、その名声だけは流れ伝わって、今なお聞こえていることだ。"
        },
        {
          "text": "いまひとたびの 逢ふこともがな",
          "explanation": "これは56番・和泉式部の歌「あらざらむ この世のほかの 思ひ出に いまひとたびの 逢ふこともがな」の下の句です。もうすぐ私はこの世からいなくなるだろう。あの世への思い出に、もう一度あなたにお逢いしたいものだ。"
        },
        {
          "text": "雲がくれにし 夜半の月かな",
          "explanation": "これは57番・紫式部の歌「めぐり逢ひて 見しやそれとも わかぬ間に 雲がくれにし 夜半の月かな」の下の句です。めぐり逢って、見たのがあの人かどうかもわからないうちに、雲に隠れた夜半の月のように、あの人はもう姿を消してしまった。"
        },
        {
          "text": "いでそよ人を 忘れやはする",
          "explanation": "これは58番・大弐三位の歌「有馬山 猪名の笹原 風吹けば いでそよ人を 忘れやはする」の下の句です。有馬山に近い猪名の笹原に風が吹くと、そよそよと音がするように、さあそうですよ、あなたのことを忘れなどしましょうか。"
        },
        {
          "text": "かたぶくまでの 月を見しかな",
          "explanation": "これは59番・赤染衛門の歌「やすらはで 寝なましものを さ夜更けて かたぶくまでの 月を見しかな」の下の句です。ためらわないで寝てしまえばよかったのに、あなたを待っているうちに夜が更けて、西に傾くまでの月を見てしまったことだ。"
        },
        {
          "text": "まだふみもみず 天の橋立",
          "explanation": "これは60番・小式部内侍の歌「大江山 いく野の道の 遠ければ まだふみもみず 天の橋立」の下の句です。大江山を越えて生野を通る丹後への道は遠いので、まだ天の橋立の地を踏んだこともなく、母からの手紙も見ていません。"
        }
      ],
      "correctAnswer": "さしも知らじな 燃ゆる思ひを",
      "tags": null
    },
    {
      "question": "明けぬれば 暮るるものとは 知りながら",
      "explanation": "「明けぬれば 暮るるものとは 知りながら なほ恨めしき 朝ぼらけかな」52番・藤原道信朝臣の歌。夜が明ければまた暮れて逢えるとは知りながら、やはり恨めしいのは夜明けであるなあ。",
      "wordMeanings": [
        {
          "word": "明けぬれば",
          "meaning": "夜が明けると"
        },
        {
          "word": "暮るるものとは",
          "meaning": "日が暮れるものだとは"
        },
        {
          "word": "知りながら",
          "meaning": "知りながらも"
        },
        {
          "word": "なほ恨めしき",
          "meaning": "やはり恨めしい"
        },
        {
          "word": "朝ぼらけかな",
          "meaning": "夜明けであるなあ"
        }
      ],
      "choices": [
        {
          "text": "さしも知らじな 燃ゆる思ひを",
          "explanation": "これは51番・藤原実方朝臣の歌「かくとだに えやはいぶきの さしも草 さしも知らじな 燃ゆる思ひを」の下の句です。こんなにもあなたを慕っているとさえ打ち明けられないのに、伊吹山のさしも草のように燃える私の思いをあなたはご存じないでしょう。"
        },
        {
          "text": "なほ恨めしき 朝ぼらけかな",
          "explanation": ""
        },
        {
          "text": "いかに久しき ものとかは知る",
          "explanation": "これは53番・右大将道綱母の歌「なげきつつ ひとり寝る夜の 明くる間は いかに久しき ものとかは知る」の下の句です。嘆きながらひとりで寝る夜の明けるまでの時間が、どんなに長いものか、あなたはご存じだろうか。"
        },
        {
          "text": "今日を限りの 命ともがな",
          "explanation": "これは54番・儀同三司母の歌「忘れじの 行く末までは かたければ 今日を限りの 命ともがな」の下の句です。忘れないと言ったあの言葉が、将来まで変わらないとは信じがたいので、いっそ今日を最後の命であってほしい。"
        },
        {
          "text": "名こそ流れて なほ聞こえけれ",
          "explanation": "これは55番・大納言公任の歌「滝の音は 絶えて久しく なりぬれど 名こそ流れて なほ聞こえけれ」の下の句です。滝の音は絶えて久しくなったけれど、その名声だけは流れ伝わって、今なお聞こえていることだ。"
        },
        {
          "text": "いまひとたびの 逢ふこともがな",
          "explanation": "これは56番・和泉式部の歌「あらざらむ この世のほかの 思ひ出に いまひとたびの 逢ふこともがな」の下の句です。もうすぐ私はこの世からいなくなるだろう。あの世への思い出に、もう一度あなたにお逢いしたいものだ。"
        },
        {
          "text": "雲がくれにし 夜半の月かな",
          "explanation": "これは57番・紫式部の歌「めぐり逢ひて 見しやそれとも わかぬ間に 雲がくれにし 夜半の月かな」の下の句です。めぐり逢って、見たのがあの人かどうかもわからないうちに、雲に隠れた夜半の月のように、あの人はもう姿を消してしまった。"
        },
        {
          "text": "いでそよ人を 忘れやはする",
          "explanation": "これは58番・大弐三位の歌「有馬山 猪名の笹原 風吹けば いでそよ人を 忘れやはする」の下の句です。有馬山に近い猪名の笹原に風が吹くと、そよそよと音がするように、さあそうですよ、あなたのことを忘れなどしましょうか。"
        },
        {
          "text": "かたぶくまでの 月を見しかな",
          "explanation": "これは59番・赤染衛門の歌「やすらはで 寝なましものを さ夜更けて かたぶくまでの 月を見しかな」の下の句です。ためらわないで寝てしまえばよかったのに、あなたを待っているうちに夜が更けて、西に傾くまでの月を見てしまったことだ。"
        },
        {
          "text": "まだふみもみず 天の橋立",
          "explanation": "これは60番・小式部内侍の歌「大江山 いく野の道の 遠ければ まだふみもみず 天の橋立」の下の句です。大江山を越えて生野を通る丹後への道は遠いので、まだ天の橋立の地を踏んだこともなく、母からの手紙も見ていません。"
        }
      ],
      "correctAnswer": "なほ恨めしき 朝ぼらけかな",
      "tags": null
    },
    {
      "question": "なげきつつ ひとり寝る夜の 明くる間は",
      "explanation": "「なげきつつ ひとり寝る夜の 明くる間は いかに久しき ものとかは知る」53番・右大将道綱母の歌。嘆きながらひとりで寝る夜の明けるまでの時間が、どんなに長いものか、あなたはご存じだろうか。",
      "wordMeanings": [
        {
          "word": "なげきつつ",
          "meaning": "嘆きながら"
        },
        {
          "word": "ひとり寝る夜の",
          "meaning": "ひとりで寝る夜の"
        },
        {
          "word": "明くる間は",
          "meaning": "明けるまでの時間は"
        },
        {
          "word": "いかに久しき",
          "meaning": "どれほど長い"
        },
        {
          "word": "ものとかは知る",
          "meaning": "ものかご存じだろうか"
        }
      ],
      "choices": [
        {
          "text": "さしも知らじな 燃ゆる思ひを",
          "explanation": "これは51番・藤原実方朝臣の歌「かくとだに えやはいぶきの さしも草 さしも知らじな 燃ゆる思ひを」の下の句です。こんなにもあなたを慕っているとさえ打ち明けられないのに、伊吹山のさしも草のように燃える私の思いをあなたはご存じないでしょう。"
        },
        {
          "text": "なほ恨めしき 朝ぼらけかな",
          "explanation": "これは52番・藤原道信朝臣の歌「明けぬれば 暮るるものとは 知りながら なほ恨めしき 朝ぼらけかな」の下の句です。夜が明ければまた暮れて逢えるとは知りながら、やはり恨めしいのは夜明けであるなあ。"
        },
        {
          "text": "いかに久しき ものとかは知る",
          "explanation": ""
        },
        {
          "text": "今日を限りの 命ともがな",
          "explanation": "これは54番・儀同三司母の歌「忘れじの 行く末までは かたければ 今日を限りの 命ともがな」の下の句です。忘れないと言ったあの言葉が、将来まで変わらないとは信じがたいので、いっそ今日を最後の命であってほしい。"
        },
        {
          "text": "名こそ流れて なほ聞こえけれ",
          "explanation": "これは55番・大納言公任の歌「滝の音は 絶えて久しく なりぬれど 名こそ流れて なほ聞こえけれ」の下の句です。滝の音は絶えて久しくなったけれど、その名声だけは流れ伝わって、今なお聞こえていることだ。"
        },
        {
          "text": "いまひとたびの 逢ふこともがな",
          "explanation": "これは56番・和泉式部の歌「あらざらむ この世のほかの 思ひ出に いまひとたびの 逢ふこともがな」の下の句です。もうすぐ私はこの世からいなくなるだろう。あの世への思い出に、もう一度あなたにお逢いしたいものだ。"
        },
        {
          "text": "雲がくれにし 夜半の月かな",
          "explanation": "これは57番・紫式部の歌「めぐり逢ひて 見しやそれとも わかぬ間に 雲がくれにし 夜半の月かな」の下の句です。めぐり逢って、見たのがあの人かどうかもわからないうちに、雲に隠れた夜半の月のように、あの人はもう姿を消してしまった。"
        },
        {
          "text": "いでそよ人を 忘れやはする",
          "explanation": "これは58番・大弐三位の歌「有馬山 猪名の笹原 風吹けば いでそよ人を 忘れやはする」の下の句です。有馬山に近い猪名の笹原に風が吹くと、そよそよと音がするように、さあそうですよ、あなたのことを忘れなどしましょうか。"
        },
        {
          "text": "かたぶくまでの 月を見しかな",
          "explanation": "これは59番・赤染衛門の歌「やすらはで 寝なましものを さ夜更けて かたぶくまでの 月を見しかな」の下の句です。ためらわないで寝てしまえばよかったのに、あなたを待っているうちに夜が更けて、西に傾くまでの月を見てしまったことだ。"
        },
        {
          "text": "まだふみもみず 天の橋立",
          "explanation": "これは60番・小式部内侍の歌「大江山 いく野の道の 遠ければ まだふみもみず 天の橋立」の下の句です。大江山を越えて生野を通る丹後への道は遠いので、まだ天の橋立の地を踏んだこともなく、母からの手紙も見ていません。"
        }
      ],
      "correctAnswer": "いかに久しき ものとかは知る",
      "tags": null
    },
    {
      "question": "忘れじの 行く末までは かたければ",
      "explanation": "「忘れじの 行く末までは かたければ 今日を限りの 命ともがな」54番・儀同三司母の歌。忘れないと言ったあの言葉が、将来まで変わらないとは信じがたいので、いっそ今日を最後の命であってほしい。",
      "wordMeanings": [
        {
          "word": "忘れじの",
          "meaning": "忘れまいという"
        },
        {
          "word": "行く末までは",
          "meaning": "将来までは"
        },
        {
          "word": "かたければ",
          "meaning": "信じがたいので"
        },
        {
          "word": "今日を限りの",
          "meaning": "今日を最後の"
        },
        {
          "word": "命ともがな",
          "meaning": "命であってほしい"
        }
      ],
      "choices": [
        {
          "text": "さしも知らじな 燃ゆる思ひを",
          "explanation": "これは51番・藤原実方朝臣の歌「かくとだに えやはいぶきの さしも草 さしも知らじな 燃ゆる思ひを」の下の句です。こんなにもあなたを慕っているとさえ打ち明けられないのに、伊吹山のさしも草のように燃える私の思いをあなたはご存じないでしょう。"
        },
        {
          "text": "なほ恨めしき 朝ぼらけかな",
          "explanation": "これは52番・藤原道信朝臣の歌「明けぬれば 暮るるものとは 知りながら なほ恨めしき 朝ぼらけかな」の下の句です。夜が明ければまた暮れて逢えるとは知りながら、やはり恨めしいのは夜明けであるなあ。"
        },
        {
          "text": "いかに久しき ものとかは知る",
          "explanation": "これは53番・右大将道綱母の歌「なげきつつ ひとり寝る夜の 明くる間は いかに久しき ものとかは知る」の下の句です。嘆きながらひとりで寝る夜の明けるまでの時間が、どんなに長いものか、あなたはご存じだろうか。"
        },
        {
          "text": "今日を限りの 命ともがな",
          "explanation": ""
        },
        {
          "text": "名こそ流れて なほ聞こえけれ",
          "explanation": "これは55番・大納言公任の歌「滝の音は 絶えて久しく なりぬれど 名こそ流れて なほ聞こえけれ」の下の句です。滝の音は絶えて久しくなったけれど、その名声だけは流れ伝わって、今なお聞こえていることだ。"
        },
        {
          "text": "いまひとたびの 逢ふこともがな",
          "explanation": "これは56番・和泉式部の歌「あらざらむ この世のほかの 思ひ出に いまひとたびの 逢ふこともがな」の下の句です。もうすぐ私はこの世からいなくなるだろう。あの世への思い出に、もう一度あなたにお逢いしたいものだ。"
        },
        {
          "text": "雲がくれにし 夜半の月かな",
          "explanation": "これは57番・紫式部の歌「めぐり逢ひて 見しやそれとも わかぬ間に 雲がくれにし 夜半の月かな」の下の句です。めぐり逢って、見たのがあの人かどうかもわからないうちに、雲に隠れた夜半の月のように、あの人はもう姿を消してしまった。"
        },
        {
          "text": "いでそよ人を 忘れやはする",
          "explanation": "これは58番・大弐三位の歌「有馬山 猪名の笹原 風吹けば いでそよ人を 忘れやはする」の下の句です。有馬山に近い猪名の笹原に風が吹くと、そよそよと音がするように、さあそうですよ、あなたのことを忘れなどしましょうか。"
        },
        {
          "text": "かたぶくまでの 月を見しかな",
          "explanation": "これは59番・赤染衛門の歌「やすらはで 寝なましものを さ夜更けて かたぶくまでの 月を見しかな」の下の句です。ためらわないで寝てしまえばよかったのに、あなたを待っているうちに夜が更けて、西に傾くまでの月を見てしまったことだ。"
        },
        {
          "text": "まだふみもみず 天の橋立",
          "explanation": "これは60番・小式部内侍の歌「大江山 いく野の道の 遠ければ まだふみもみず 天の橋立」の下の句です。大江山を越えて生野を通る丹後への道は遠いので、まだ天の橋立の地を踏んだこともなく、母からの手紙も見ていません。"
        }
      ],
      "correctAnswer": "今日を限りの 命ともがな",
      "tags": null
    },
    {
      "question": "滝の音は 絶えて久しく なりぬれど",
      "explanation": "「滝の音は 絶えて久しく なりぬれど 名こそ流れて なほ聞こえけれ」55番・大納言公任の歌。滝の音は絶えて久しくなったけれど、その名声だけは流れ伝わって、今なお聞こえていることだ。",
      "wordMeanings": [
        {
          "word": "滝の音は",
          "meaning": "滝の音は"
        },
        {
          "word": "絶えて久しく",
          "meaning": "絶えてから久しく"
        },
        {
          "word": "なりぬれど",
          "meaning": "なったけれど"
        },
        {
          "word": "名こそ流れて",
          "meaning": "名声だけは流れて"
        },
        {
          "word": "なほ聞こえけれ",
          "meaning": "今なお聞こえているよ"
        }
      ],
      "choices": [
        {
          "text": "さしも知らじな 燃ゆる思ひを",
          "explanation": "これは51番・藤原実方朝臣の歌「かくとだに えやはいぶきの さしも草 さしも知らじな 燃ゆる思ひを」の下の句です。こんなにもあなたを慕っているとさえ打ち明けられないのに、伊吹山のさしも草のように燃える私の思いをあなたはご存じないでしょう。"
        },
        {
          "text": "なほ恨めしき 朝ぼらけかな",
          "explanation": "これは52番・藤原道信朝臣の歌「明けぬれば 暮るるものとは 知りながら なほ恨めしき 朝ぼらけかな」の下の句です。夜が明ければまた暮れて逢えるとは知りながら、やはり恨めしいのは夜明けであるなあ。"
        },
        {
          "text": "いかに久しき ものとかは知る",
          "explanation": "これは53番・右大将道綱母の歌「なげきつつ ひとり寝る夜の 明くる間は いかに久しき ものとかは知る」の下の句です。嘆きながらひとりで寝る夜の明けるまでの時間が、どんなに長いものか、あなたはご存じだろうか。"
        },
        {
          "text": "今日を限りの 命ともがな",
          "explanation": "これは54番・儀同三司母の歌「忘れじの 行く末までは かたければ 今日を限りの 命ともがな」の下の句です。忘れないと言ったあの言葉が、将来まで変わらないとは信じがたいので、いっそ今日を最後の命であってほしい。"
        },
        {
          "text": "名こそ流れて なほ聞こえけれ",
          "explanation": ""
        },
        {
          "text": "いまひとたびの 逢ふこともがな",
          "explanation": "これは56番・和泉式部の歌「あらざらむ この世のほかの 思ひ出に いまひとたびの 逢ふこともがな」の下の句です。もうすぐ私はこの世からいなくなるだろう。あの世への思い出に、もう一度あなたにお逢いしたいものだ。"
        },
        {
          "text": "雲がくれにし 夜半の月かな",
          "explanation": "これは57番・紫式部の歌「めぐり逢ひて 見しやそれとも わかぬ間に 雲がくれにし 夜半の月かな」の下の句です。めぐり逢って、見たのがあの人かどうかもわからないうちに、雲に隠れた夜半の月のように、あの人はもう姿を消してしまった。"
        },
        {
          "text": "いでそよ人を 忘れやはする",
          "explanation": "これは58番・大弐三位の歌「有馬山 猪名の笹原 風吹けば いでそよ人を 忘れやはする」の下の句です。有馬山に近い猪名の笹原に風が吹くと、そよそよと音がするように、さあそうですよ、あなたのことを忘れなどしましょうか。"
        },
        {
          "text": "かたぶくまでの 月を見しかな",
          "explanation": "これは59番・赤染衛門の歌「やすらはで 寝なましものを さ夜更けて かたぶくまでの 月を見しかな」の下の句です。ためらわないで寝てしまえばよかったのに、あなたを待っているうちに夜が更けて、西に傾くまでの月を見てしまったことだ。"
        },
        {
          "text": "まだふみもみず 天の橋立",
          "explanation": "これは60番・小式部内侍の歌「大江山 いく野の道の 遠ければ まだふみもみず 天の橋立」の下の句です。大江山を越えて生野を通る丹後への道は遠いので、まだ天の橋立の地を踏んだこともなく、母からの手紙も見ていません。"
        }
      ],
      "correctAnswer": "名こそ流れて なほ聞こえけれ",
      "tags": null
    },
    {
      "question": "あらざらむ この世のほかの 思ひ出に",
      "explanation": "「あらざらむ この世のほかの 思ひ出に いまひとたびの 逢ふこともがな」56番・和泉式部の歌。もうすぐ私はこの世からいなくなるだろう。あの世への思い出に、もう一度あなたにお逢いしたいものだ。",
      "wordMeanings": [
        {
          "word": "あらざらむ",
          "meaning": "いなくなるだろう"
        },
        {
          "word": "この世のほかの",
          "meaning": "あの世への"
        },
        {
          "word": "思ひ出に",
          "meaning": "思い出に"
        },
        {
          "word": "いまひとたびの",
          "meaning": "もう一度の"
        },
        {
          "word": "逢ふこともがな",
          "meaning": "逢うことがあればなあ"
        }
      ],
      "choices": [
        {
          "text": "さしも知らじな 燃ゆる思ひを",
          "explanation": "これは51番・藤原実方朝臣の歌「かくとだに えやはいぶきの さしも草 さしも知らじな 燃ゆる思ひを」の下の句です。こんなにもあなたを慕っているとさえ打ち明けられないのに、伊吹山のさしも草のように燃える私の思いをあなたはご存じないでしょう。"
        },
        {
          "text": "なほ恨めしき 朝ぼらけかな",
          "explanation": "これは52番・藤原道信朝臣の歌「明けぬれば 暮るるものとは 知りながら なほ恨めしき 朝ぼらけかな」の下の句です。夜が明ければまた暮れて逢えるとは知りながら、やはり恨めしいのは夜明けであるなあ。"
        },
        {
          "text": "いかに久しき ものとかは知る",
          "explanation": "これは53番・右大将道綱母の歌「なげきつつ ひとり寝る夜の 明くる間は いかに久しき ものとかは知る」の下の句です。嘆きながらひとりで寝る夜の明けるまでの時間が、どんなに長いものか、あなたはご存じだろうか。"
        },
        {
          "text": "今日を限りの 命ともがな",
          "explanation": "これは54番・儀同三司母の歌「忘れじの 行く末までは かたければ 今日を限りの 命ともがな」の下の句です。忘れないと言ったあの言葉が、将来まで変わらないとは信じがたいので、いっそ今日を最後の命であってほしい。"
        },
        {
          "text": "名こそ流れて なほ聞こえけれ",
          "explanation": "これは55番・大納言公任の歌「滝の音は 絶えて久しく なりぬれど 名こそ流れて なほ聞こえけれ」の下の句です。滝の音は絶えて久しくなったけれど、その名声だけは流れ伝わって、今なお聞こえていることだ。"
        },
        {
          "text": "いまひとたびの 逢ふこともがな",
          "explanation": ""
        },
        {
          "text": "雲がくれにし 夜半の月かな",
          "explanation": "これは57番・紫式部の歌「めぐり逢ひて 見しやそれとも わかぬ間に 雲がくれにし 夜半の月かな」の下の句です。めぐり逢って、見たのがあの人かどうかもわからないうちに、雲に隠れた夜半の月のように、あの人はもう姿を消してしまった。"
        },
        {
          "text": "いでそよ人を 忘れやはする",
          "explanation": "これは58番・大弐三位の歌「有馬山 猪名の笹原 風吹けば いでそよ人を 忘れやはする」の下の句です。有馬山に近い猪名の笹原に風が吹くと、そよそよと音がするように、さあそうですよ、あなたのことを忘れなどしましょうか。"
        },
        {
          "text": "かたぶくまでの 月を見しかな",
          "explanation": "これは59番・赤染衛門の歌「やすらはで 寝なましものを さ夜更けて かたぶくまでの 月を見しかな」の下の句です。ためらわないで寝てしまえばよかったのに、あなたを待っているうちに夜が更けて、西に傾くまでの月を見てしまったことだ。"
        },
        {
          "text": "まだふみもみず 天の橋立",
          "explanation": "これは60番・小式部内侍の歌「大江山 いく野の道の 遠ければ まだふみもみず 天の橋立」の下の句です。大江山を越えて生野を通る丹後への道は遠いので、まだ天の橋立の地を踏んだこともなく、母からの手紙も見ていません。"
        }
      ],
      "correctAnswer": "いまひとたびの 逢ふこともがな",
      "tags": null
    },
    {
      "question": "めぐり逢ひて 見しやそれとも わかぬ間に",
      "explanation": "「めぐり逢ひて 見しやそれとも わかぬ間に 雲がくれにし 夜半の月かな」57番・紫式部の歌。めぐり逢って、見たのがあの人かどうかもわからないうちに、雲に隠れた夜半の月のように、あの人はもう姿を消してしまった。",
      "wordMeanings": [
        {
          "word": "めぐり逢ひて",
          "meaning": "めぐり逢って"
        },
        {
          "word": "見しやそれとも",
          "meaning": "見たのがその人かどうかも"
        },
        {
          "word": "わかぬ間に",
          "meaning": "わからないうちに"
        },
        {
          "word": "雲がくれにし",
          "meaning": "雲に隠れてしまった"
        },
        {
          "word": "夜半の月かな",
          "meaning": "夜半の月のようだなあ"
        }
      ],
      "choices": [
        {
          "text": "さしも知らじな 燃ゆる思ひを",
          "explanation": "これは51番・藤原実方朝臣の歌「かくとだに えやはいぶきの さしも草 さしも知らじな 燃ゆる思ひを」の下の句です。こんなにもあなたを慕っているとさえ打ち明けられないのに、伊吹山のさしも草のように燃える私の思いをあなたはご存じないでしょう。"
        },
        {
          "text": "なほ恨めしき 朝ぼらけかな",
          "explanation": "これは52番・藤原道信朝臣の歌「明けぬれば 暮るるものとは 知りながら なほ恨めしき 朝ぼらけかな」の下の句です。夜が明ければまた暮れて逢えるとは知りながら、やはり恨めしいのは夜明けであるなあ。"
        },
        {
          "text": "いかに久しき ものとかは知る",
          "explanation": "これは53番・右大将道綱母の歌「なげきつつ ひとり寝る夜の 明くる間は いかに久しき ものとかは知る」の下の句です。嘆きながらひとりで寝る夜の明けるまでの時間が、どんなに長いものか、あなたはご存じだろうか。"
        },
        {
          "text": "今日を限りの 命ともがな",
          "explanation": "これは54番・儀同三司母の歌「忘れじの 行く末までは かたければ 今日を限りの 命ともがな」の下の句です。忘れないと言ったあの言葉が、将来まで変わらないとは信じがたいので、いっそ今日を最後の命であってほしい。"
        },
        {
          "text": "名こそ流れて なほ聞こえけれ",
          "explanation": "これは55番・大納言公任の歌「滝の音は 絶えて久しく なりぬれど 名こそ流れて なほ聞こえけれ」の下の句です。滝の音は絶えて久しくなったけれど、その名声だけは流れ伝わって、今なお聞こえていることだ。"
        },
        {
          "text": "いまひとたびの 逢ふこともがな",
          "explanation": "これは56番・和泉式部の歌「あらざらむ この世のほかの 思ひ出に いまひとたびの 逢ふこともがな」の下の句です。もうすぐ私はこの世からいなくなるだろう。あの世への思い出に、もう一度あなたにお逢いしたいものだ。"
        },
        {
          "text": "雲がくれにし 夜半の月かな",
          "explanation": ""
        },
        {
          "text": "いでそよ人を 忘れやはする",
          "explanation": "これは58番・大弐三位の歌「有馬山 猪名の笹原 風吹けば いでそよ人を 忘れやはする」の下の句です。有馬山に近い猪名の笹原に風が吹くと、そよそよと音がするように、さあそうですよ、あなたのことを忘れなどしましょうか。"
        },
        {
          "text": "かたぶくまでの 月を見しかな",
          "explanation": "これは59番・赤染衛門の歌「やすらはで 寝なましものを さ夜更けて かたぶくまでの 月を見しかな」の下の句です。ためらわないで寝てしまえばよかったのに、あなたを待っているうちに夜が更けて、西に傾くまでの月を見てしまったことだ。"
        },
        {
          "text": "まだふみもみず 天の橋立",
          "explanation": "これは60番・小式部内侍の歌「大江山 いく野の道の 遠ければ まだふみもみず 天の橋立」の下の句です。大江山を越えて生野を通る丹後への道は遠いので、まだ天の橋立の地を踏んだこともなく、母からの手紙も見ていません。"
        }
      ],
      "correctAnswer": "雲がくれにし 夜半の月かな",
      "tags": null
    },
    {
      "question": "有馬山 猪名の笹原 風吹けば",
      "explanation": "「有馬山 猪名の笹原 風吹けば いでそよ人を 忘れやはする」58番・大弐三位の歌。有馬山に近い猪名の笹原に風が吹くと、そよそよと音がするように、さあそうですよ、あなたのことを忘れなどしましょうか。",
      "wordMeanings": [
        {
          "word": "有馬山",
          "meaning": "有馬山（摂津国の山）"
        },
        {
          "word": "猪名の笹原",
          "meaning": "猪名の笹原"
        },
        {
          "word": "風吹けば",
          "meaning": "風が吹くと"
        },
        {
          "word": "いでそよ人を",
          "meaning": "さあそうですよ、あなたを（そよの掛詞）"
        },
        {
          "word": "忘れやはする",
          "meaning": "忘れたりしましょうか"
        }
      ],
      "choices": [
        {
          "text": "さしも知らじな 燃ゆる思ひを",
          "explanation": "これは51番・藤原実方朝臣の歌「かくとだに えやはいぶきの さしも草 さしも知らじな 燃ゆる思ひを」の下の句です。こんなにもあなたを慕っているとさえ打ち明けられないのに、伊吹山のさしも草のように燃える私の思いをあなたはご存じないでしょう。"
        },
        {
          "text": "なほ恨めしき 朝ぼらけかな",
          "explanation": "これは52番・藤原道信朝臣の歌「明けぬれば 暮るるものとは 知りながら なほ恨めしき 朝ぼらけかな」の下の句です。夜が明ければまた暮れて逢えるとは知りながら、やはり恨めしいのは夜明けであるなあ。"
        },
        {
          "text": "いかに久しき ものとかは知る",
          "explanation": "これは53番・右大将道綱母の歌「なげきつつ ひとり寝る夜の 明くる間は いかに久しき ものとかは知る」の下の句です。嘆きながらひとりで寝る夜の明けるまでの時間が、どんなに長いものか、あなたはご存じだろうか。"
        },
        {
          "text": "今日を限りの 命ともがな",
          "explanation": "これは54番・儀同三司母の歌「忘れじの 行く末までは かたければ 今日を限りの 命ともがな」の下の句です。忘れないと言ったあの言葉が、将来まで変わらないとは信じがたいので、いっそ今日を最後の命であってほしい。"
        },
        {
          "text": "名こそ流れて なほ聞こえけれ",
          "explanation": "これは55番・大納言公任の歌「滝の音は 絶えて久しく なりぬれど 名こそ流れて なほ聞こえけれ」の下の句です。滝の音は絶えて久しくなったけれど、その名声だけは流れ伝わって、今なお聞こえていることだ。"
        },
        {
          "text": "いまひとたびの 逢ふこともがな",
          "explanation": "これは56番・和泉式部の歌「あらざらむ この世のほかの 思ひ出に いまひとたびの 逢ふこともがな」の下の句です。もうすぐ私はこの世からいなくなるだろう。あの世への思い出に、もう一度あなたにお逢いしたいものだ。"
        },
        {
          "text": "雲がくれにし 夜半の月かな",
          "explanation": "これは57番・紫式部の歌「めぐり逢ひて 見しやそれとも わかぬ間に 雲がくれにし 夜半の月かな」の下の句です。めぐり逢って、見たのがあの人かどうかもわからないうちに、雲に隠れた夜半の月のように、あの人はもう姿を消してしまった。"
        },
        {
          "text": "いでそよ人を 忘れやはする",
          "explanation": ""
        },
        {
          "text": "かたぶくまでの 月を見しかな",
          "explanation": "これは59番・赤染衛門の歌「やすらはで 寝なましものを さ夜更けて かたぶくまでの 月を見しかな」の下の句です。ためらわないで寝てしまえばよかったのに、あなたを待っているうちに夜が更けて、西に傾くまでの月を見てしまったことだ。"
        },
        {
          "text": "まだふみもみず 天の橋立",
          "explanation": "これは60番・小式部内侍の歌「大江山 いく野の道の 遠ければ まだふみもみず 天の橋立」の下の句です。大江山を越えて生野を通る丹後への道は遠いので、まだ天の橋立の地を踏んだこともなく、母からの手紙も見ていません。"
        }
      ],
      "correctAnswer": "いでそよ人を 忘れやはする",
      "tags": null
    },
    {
      "question": "やすらはで 寝なましものを さ夜更けて",
      "explanation": "「やすらはで 寝なましものを さ夜更けて かたぶくまでの 月を見しかな」59番・赤染衛門の歌。ためらわないで寝てしまえばよかったのに、あなたを待っているうちに夜が更けて、西に傾くまでの月を見てしまったことだ。",
      "wordMeanings": [
        {
          "word": "やすらはで",
          "meaning": "ためらわずに"
        },
        {
          "word": "寝なましものを",
          "meaning": "寝てしまえばよかったのに"
        },
        {
          "word": "さ夜更けて",
          "meaning": "夜が更けて"
        },
        {
          "word": "かたぶくまでの",
          "meaning": "西に傾くまでの"
        },
        {
          "word": "月を見しかな",
          "meaning": "月を見てしまったなあ"
        }
      ],
      "choices": [
        {
          "text": "さしも知らじな 燃ゆる思ひを",
          "explanation": "これは51番・藤原実方朝臣の歌「かくとだに えやはいぶきの さしも草 さしも知らじな 燃ゆる思ひを」の下の句です。こんなにもあなたを慕っているとさえ打ち明けられないのに、伊吹山のさしも草のように燃える私の思いをあなたはご存じないでしょう。"
        },
        {
          "text": "なほ恨めしき 朝ぼらけかな",
          "explanation": "これは52番・藤原道信朝臣の歌「明けぬれば 暮るるものとは 知りながら なほ恨めしき 朝ぼらけかな」の下の句です。夜が明ければまた暮れて逢えるとは知りながら、やはり恨めしいのは夜明けであるなあ。"
        },
        {
          "text": "いかに久しき ものとかは知る",
          "explanation": "これは53番・右大将道綱母の歌「なげきつつ ひとり寝る夜の 明くる間は いかに久しき ものとかは知る」の下の句です。嘆きながらひとりで寝る夜の明けるまでの時間が、どんなに長いものか、あなたはご存じだろうか。"
        },
        {
          "text": "今日を限りの 命ともがな",
          "explanation": "これは54番・儀同三司母の歌「忘れじの 行く末までは かたければ 今日を限りの 命ともがな」の下の句です。忘れないと言ったあの言葉が、将来まで変わらないとは信じがたいので、いっそ今日を最後の命であってほしい。"
        },
        {
          "text": "名こそ流れて なほ聞こえけれ",
          "explanation": "これは55番・大納言公任の歌「滝の音は 絶えて久しく なりぬれど 名こそ流れて なほ聞こえけれ」の下の句です。滝の音は絶えて久しくなったけれど、その名声だけは流れ伝わって、今なお聞こえていることだ。"
        },
        {
          "text": "いまひとたびの 逢ふこともがな",
          "explanation": "これは56番・和泉式部の歌「あらざらむ この世のほかの 思ひ出に いまひとたびの 逢ふこともがな」の下の句です。もうすぐ私はこの世からいなくなるだろう。あの世への思い出に、もう一度あなたにお逢いしたいものだ。"
        },
        {
          "text": "雲がくれにし 夜半の月かな",
          "explanation": "これは57番・紫式部の歌「めぐり逢ひて 見しやそれとも わかぬ間に 雲がくれにし 夜半の月かな」の下の句です。めぐり逢って、見たのがあの人かどうかもわからないうちに、雲に隠れた夜半の月のように、あの人はもう姿を消してしまった。"
        },
        {
          "text": "いでそよ人を 忘れやはする",
          "explanation": "これは58番・大弐三位の歌「有馬山 猪名の笹原 風吹けば いでそよ人を 忘れやはする」の下の句です。有馬山に近い猪名の笹原に風が吹くと、そよそよと音がするように、さあそうですよ、あなたのことを忘れなどしましょうか。"
        },
        {
          "text": "かたぶくまでの 月を見しかな",
          "explanation": ""
        },
        {
          "text": "まだふみもみず 天の橋立",
          "explanation": "これは60番・小式部内侍の歌「大江山 いく野の道の 遠ければ まだふみもみず 天の橋立」の下の句です。大江山を越えて生野を通る丹後への道は遠いので、まだ天の橋立の地を踏んだこともなく、母からの手紙も見ていません。"
        }
      ],
      "correctAnswer": "かたぶくまでの 月を見しかな",
      "tags": null
    },
    {
      "question": "大江山 いく野の道の 遠ければ",
      "explanation": "「大江山 いく野の道の 遠ければ まだふみもみず 天の橋立」60番・小式部内侍の歌。大江山を越えて生野を通る丹後への道は遠いので、まだ天の橋立の地を踏んだこともなく、母からの手紙も見ていません。",
      "wordMeanings": [
        {
          "word": "大江山",
          "meaning": "大江山（京都の山）"
        },
        {
          "word": "いく野の道の",
          "meaning": "生野（地名）の道の（行くの掛詞）"
        },
        {
          "word": "遠ければ",
          "meaning": "遠いので"
        },
        {
          "word": "まだふみもみず",
          "meaning": "まだ踏みもせず（文の掛詞）"
        },
        {
          "word": "天の橋立",
          "meaning": "天の橋立（丹後の名所）"
        }
      ],
      "choices": [
        {
          "text": "さしも知らじな 燃ゆる思ひを",
          "explanation": "これは51番・藤原実方朝臣の歌「かくとだに えやはいぶきの さしも草 さしも知らじな 燃ゆる思ひを」の下の句です。こんなにもあなたを慕っているとさえ打ち明けられないのに、伊吹山のさしも草のように燃える私の思いをあなたはご存じないでしょう。"
        },
        {
          "text": "なほ恨めしき 朝ぼらけかな",
          "explanation": "これは52番・藤原道信朝臣の歌「明けぬれば 暮るるものとは 知りながら なほ恨めしき 朝ぼらけかな」の下の句です。夜が明ければまた暮れて逢えるとは知りながら、やはり恨めしいのは夜明けであるなあ。"
        },
        {
          "text": "いかに久しき ものとかは知る",
          "explanation": "これは53番・右大将道綱母の歌「なげきつつ ひとり寝る夜の 明くる間は いかに久しき ものとかは知る」の下の句です。嘆きながらひとりで寝る夜の明けるまでの時間が、どんなに長いものか、あなたはご存じだろうか。"
        },
        {
          "text": "今日を限りの 命ともがな",
          "explanation": "これは54番・儀同三司母の歌「忘れじの 行く末までは かたければ 今日を限りの 命ともがな」の下の句です。忘れないと言ったあの言葉が、将来まで変わらないとは信じがたいので、いっそ今日を最後の命であってほしい。"
        },
        {
          "text": "名こそ流れて なほ聞こえけれ",
          "explanation": "これは55番・大納言公任の歌「滝の音は 絶えて久しく なりぬれど 名こそ流れて なほ聞こえけれ」の下の句です。滝の音は絶えて久しくなったけれど、その名声だけは流れ伝わって、今なお聞こえていることだ。"
        },
        {
          "text": "いまひとたびの 逢ふこともがな",
          "explanation": "これは56番・和泉式部の歌「あらざらむ この世のほかの 思ひ出に いまひとたびの 逢ふこともがな」の下の句です。もうすぐ私はこの世からいなくなるだろう。あの世への思い出に、もう一度あなたにお逢いしたいものだ。"
        },
        {
          "text": "雲がくれにし 夜半の月かな",
          "explanation": "これは57番・紫式部の歌「めぐり逢ひて 見しやそれとも わかぬ間に 雲がくれにし 夜半の月かな」の下の句です。めぐり逢って、見たのがあの人かどうかもわからないうちに、雲に隠れた夜半の月のように、あの人はもう姿を消してしまった。"
        },
        {
          "text": "いでそよ人を 忘れやはする",
          "explanation": "これは58番・大弐三位の歌「有馬山 猪名の笹原 風吹けば いでそよ人を 忘れやはする」の下の句です。有馬山に近い猪名の笹原に風が吹くと、そよそよと音がするように、さあそうですよ、あなたのことを忘れなどしましょうか。"
        },
        {
          "text": "かたぶくまでの 月を見しかな",
          "explanation": "これは59番・赤染衛門の歌「やすらはで 寝なましものを さ夜更けて かたぶくまでの 月を見しかな」の下の句です。ためらわないで寝てしまえばよかったのに、あなたを待っているうちに夜が更けて、西に傾くまでの月を見てしまったことだ。"
        },
        {
          "text": "まだふみもみず 天の橋立",
          "explanation": ""
        }
      ],
      "correctAnswer": "まだふみもみず 天の橋立",
      "tags": null
    }
  ]
}
