{
  "key": "hyakunin71to80",
  "displayName": "百人一首(71-80)",
  "questions": [
    {
      "question": "夕されば 門田の稲葉 おとづれて",
      "explanation": "「夕されば 門田の稲葉 おとづれて 蘆のまろやに 秋風ぞ吹く」71番・大納言経信の歌。夕方になると門前の田の稲葉をそよがせて、蘆で葺いた粗末な家に秋風が吹いてくる。",
      "wordMeanings": {
        "夕されば": "夕方になると",
        "門田の稲葉": "門前の田の稲の葉を",
        "おとづれて": "音を立てて訪れて",
        "蘆のまろやに": "蘆葺きの丸い家に",
        "秋風ぞ吹く": "秋風が吹いてくる"
      },
      "choices": [
        {
          "text": "蘆のまろやに 秋風ぞ吹く",
          "explanation": ""
        },
        {
          "text": "かけじや袖の ぬれもこそすれ",
          "explanation": "これは72番・祐子内親王家紀伊の歌「音に聞く 高師の浜の あだ波は かけじや袖の ぬれもこそすれ」の下の句です。噂に聞く高師の浜のあだ波のような浮気なお言葉には、心をかけますまい。袖が涙で濡れてしまいますから。"
        },
        {
          "text": "外山のかすみ 立たずもあらなむ",
          "explanation": "これは73番・前中納言匡房の歌「高砂の 尾上の桜 咲きにけり 外山のかすみ 立たずもあらなむ」の下の句です。高砂の山の上の桜が咲いたことだ。どうか外山の霞よ、立たないでいておくれ。花が見えなくなってしまうから。"
        },
        {
          "text": "はげしかれとは 祈らぬものを",
          "explanation": "これは74番・源俊頼朝臣の歌「憂かりける 人を初瀬の 山おろしよ はげしかれとは 祈らぬものを」の下の句です。つれなかったあの人を思い通りにさせてくださいと初瀬の観音に祈ったのに、山おろしよ、こんなに激しくなれとは祈らなかったのに。"
        },
        {
          "text": "あはれ今年の 秋もいぬめり",
          "explanation": "これは75番・藤原基俊の歌「契りおきし させもが露を 命にて あはれ今年の 秋もいぬめり」の下の句です。約束してくれた「させも草の露」のようなお言葉を命の頼りにしていたのに、ああ今年の秋もむなしく過ぎてしまうようだ。"
        },
        {
          "text": "雲ゐにまがふ 沖の白波",
          "explanation": "これは76番・法性寺入道前関白太政大臣の歌「わたの原 漕ぎ出でて見れば ひさかたの 雲ゐにまがふ 沖の白波」の下の句です。大海原に漕ぎ出して見渡すと、雲と見紛うほどの沖の白波が広がっている。"
        },
        {
          "text": "われても末に 逢はむとぞ思ふ",
          "explanation": "これは77番・崇徳院の歌「瀬をはやみ 岩にせかるる 滝川の われても末に 逢はむとぞ思ふ」の下の句です。川の瀬の流れが速いので岩にせき止められた滝川の水が割れても最後にはまた合流するように、別れてもいつかは再び逢おうと思う。"
        },
        {
          "text": "いく夜寝覚めぬ 須磨の関守",
          "explanation": "これは78番・源兼昌の歌「淡路島 かよふ千鳥の 鳴く声に いく夜寝覚めぬ 須磨の関守」の下の句です。淡路島から通ってくる千鳥の鳴く声に、幾夜目を覚ましたことか、須磨の関守は。"
        },
        {
          "text": "もれ出づる月の 影のさやけさ",
          "explanation": "これは79番・左京大夫顕輔の歌「秋風に たなびく雲の 絶え間より もれ出づる月の 影のさやけさ」の下の句です。秋風にたなびく雲の切れ間から、漏れ出てくる月の光の何と澄み切って明るいことか。"
        },
        {
          "text": "乱れてけさは ものをこそ思へ",
          "explanation": "これは80番・待賢門院堀河の歌「ながからむ 心も知らず 黒髪の 乱れてけさは ものをこそ思へ」の下の句です。あなたの心が末永く変わらないかどうかもわからず、今朝は黒髪が乱れるように、心も乱れて物思いにふけっている。"
        }
      ],
      "correctAnswer": "蘆のまろやに 秋風ぞ吹く",
      "tags": null
    },
    {
      "question": "音に聞く 高師の浜の あだ波は",
      "explanation": "「音に聞く 高師の浜の あだ波は かけじや袖の ぬれもこそすれ」72番・祐子内親王家紀伊の歌。噂に聞く高師の浜のあだ波のような浮気なお言葉には、心をかけますまい。袖が涙で濡れてしまいますから。",
      "wordMeanings": {
        "音に聞く": "噂に聞く",
        "高師の浜の": "高師の浜の",
        "あだ波は": "あだ波（むなしい波）は",
        "かけじや袖の": "心にかけまい、袖が",
        "ぬれもこそすれ": "濡れてしまいますから"
      },
      "choices": [
        {
          "text": "蘆のまろやに 秋風ぞ吹く",
          "explanation": "これは71番・大納言経信の歌「夕されば 門田の稲葉 おとづれて 蘆のまろやに 秋風ぞ吹く」の下の句です。夕方になると門前の田の稲葉をそよがせて、蘆で葺いた粗末な家に秋風が吹いてくる。"
        },
        {
          "text": "かけじや袖の ぬれもこそすれ",
          "explanation": ""
        },
        {
          "text": "外山のかすみ 立たずもあらなむ",
          "explanation": "これは73番・前中納言匡房の歌「高砂の 尾上の桜 咲きにけり 外山のかすみ 立たずもあらなむ」の下の句です。高砂の山の上の桜が咲いたことだ。どうか外山の霞よ、立たないでいておくれ。花が見えなくなってしまうから。"
        },
        {
          "text": "はげしかれとは 祈らぬものを",
          "explanation": "これは74番・源俊頼朝臣の歌「憂かりける 人を初瀬の 山おろしよ はげしかれとは 祈らぬものを」の下の句です。つれなかったあの人を思い通りにさせてくださいと初瀬の観音に祈ったのに、山おろしよ、こんなに激しくなれとは祈らなかったのに。"
        },
        {
          "text": "あはれ今年の 秋もいぬめり",
          "explanation": "これは75番・藤原基俊の歌「契りおきし させもが露を 命にて あはれ今年の 秋もいぬめり」の下の句です。約束してくれた「させも草の露」のようなお言葉を命の頼りにしていたのに、ああ今年の秋もむなしく過ぎてしまうようだ。"
        },
        {
          "text": "雲ゐにまがふ 沖の白波",
          "explanation": "これは76番・法性寺入道前関白太政大臣の歌「わたの原 漕ぎ出でて見れば ひさかたの 雲ゐにまがふ 沖の白波」の下の句です。大海原に漕ぎ出して見渡すと、雲と見紛うほどの沖の白波が広がっている。"
        },
        {
          "text": "われても末に 逢はむとぞ思ふ",
          "explanation": "これは77番・崇徳院の歌「瀬をはやみ 岩にせかるる 滝川の われても末に 逢はむとぞ思ふ」の下の句です。川の瀬の流れが速いので岩にせき止められた滝川の水が割れても最後にはまた合流するように、別れてもいつかは再び逢おうと思う。"
        },
        {
          "text": "いく夜寝覚めぬ 須磨の関守",
          "explanation": "これは78番・源兼昌の歌「淡路島 かよふ千鳥の 鳴く声に いく夜寝覚めぬ 須磨の関守」の下の句です。淡路島から通ってくる千鳥の鳴く声に、幾夜目を覚ましたことか、須磨の関守は。"
        },
        {
          "text": "もれ出づる月の 影のさやけさ",
          "explanation": "これは79番・左京大夫顕輔の歌「秋風に たなびく雲の 絶え間より もれ出づる月の 影のさやけさ」の下の句です。秋風にたなびく雲の切れ間から、漏れ出てくる月の光の何と澄み切って明るいことか。"
        },
        {
          "text": "乱れてけさは ものをこそ思へ",
          "explanation": "これは80番・待賢門院堀河の歌「ながからむ 心も知らず 黒髪の 乱れてけさは ものをこそ思へ」の下の句です。あなたの心が末永く変わらないかどうかもわからず、今朝は黒髪が乱れるように、心も乱れて物思いにふけっている。"
        }
      ],
      "correctAnswer": "かけじや袖の ぬれもこそすれ",
      "tags": null
    },
    {
      "question": "高砂の 尾上の桜 咲きにけり",
      "explanation": "「高砂の 尾上の桜 咲きにけり 外山のかすみ 立たずもあらなむ」73番・前中納言匡房の歌。高砂の山の上の桜が咲いたことだ。どうか外山の霞よ、立たないでいておくれ。花が見えなくなってしまうから。",
      "wordMeanings": {
        "高砂の": "高砂の",
        "尾上の桜": "山の上の桜が",
        "咲きにけり": "咲いたことだ",
        "外山のかすみ": "手前の山の霞よ",
        "立たずもあらなむ": "立たないでいてほしい"
      },
      "choices": [
        {
          "text": "蘆のまろやに 秋風ぞ吹く",
          "explanation": "これは71番・大納言経信の歌「夕されば 門田の稲葉 おとづれて 蘆のまろやに 秋風ぞ吹く」の下の句です。夕方になると門前の田の稲葉をそよがせて、蘆で葺いた粗末な家に秋風が吹いてくる。"
        },
        {
          "text": "かけじや袖の ぬれもこそすれ",
          "explanation": "これは72番・祐子内親王家紀伊の歌「音に聞く 高師の浜の あだ波は かけじや袖の ぬれもこそすれ」の下の句です。噂に聞く高師の浜のあだ波のような浮気なお言葉には、心をかけますまい。袖が涙で濡れてしまいますから。"
        },
        {
          "text": "外山のかすみ 立たずもあらなむ",
          "explanation": ""
        },
        {
          "text": "はげしかれとは 祈らぬものを",
          "explanation": "これは74番・源俊頼朝臣の歌「憂かりける 人を初瀬の 山おろしよ はげしかれとは 祈らぬものを」の下の句です。つれなかったあの人を思い通りにさせてくださいと初瀬の観音に祈ったのに、山おろしよ、こんなに激しくなれとは祈らなかったのに。"
        },
        {
          "text": "あはれ今年の 秋もいぬめり",
          "explanation": "これは75番・藤原基俊の歌「契りおきし させもが露を 命にて あはれ今年の 秋もいぬめり」の下の句です。約束してくれた「させも草の露」のようなお言葉を命の頼りにしていたのに、ああ今年の秋もむなしく過ぎてしまうようだ。"
        },
        {
          "text": "雲ゐにまがふ 沖の白波",
          "explanation": "これは76番・法性寺入道前関白太政大臣の歌「わたの原 漕ぎ出でて見れば ひさかたの 雲ゐにまがふ 沖の白波」の下の句です。大海原に漕ぎ出して見渡すと、雲と見紛うほどの沖の白波が広がっている。"
        },
        {
          "text": "われても末に 逢はむとぞ思ふ",
          "explanation": "これは77番・崇徳院の歌「瀬をはやみ 岩にせかるる 滝川の われても末に 逢はむとぞ思ふ」の下の句です。川の瀬の流れが速いので岩にせき止められた滝川の水が割れても最後にはまた合流するように、別れてもいつかは再び逢おうと思う。"
        },
        {
          "text": "いく夜寝覚めぬ 須磨の関守",
          "explanation": "これは78番・源兼昌の歌「淡路島 かよふ千鳥の 鳴く声に いく夜寝覚めぬ 須磨の関守」の下の句です。淡路島から通ってくる千鳥の鳴く声に、幾夜目を覚ましたことか、須磨の関守は。"
        },
        {
          "text": "もれ出づる月の 影のさやけさ",
          "explanation": "これは79番・左京大夫顕輔の歌「秋風に たなびく雲の 絶え間より もれ出づる月の 影のさやけさ」の下の句です。秋風にたなびく雲の切れ間から、漏れ出てくる月の光の何と澄み切って明るいことか。"
        },
        {
          "text": "乱れてけさは ものをこそ思へ",
          "explanation": "これは80番・待賢門院堀河の歌「ながからむ 心も知らず 黒髪の 乱れてけさは ものをこそ思へ」の下の句です。あなたの心が末永く変わらないかどうかもわからず、今朝は黒髪が乱れるように、心も乱れて物思いにふけっている。"
        }
      ],
      "correctAnswer": "外山のかすみ 立たずもあらなむ",
      "tags": null
    },
    {
      "question": "憂かりける 人を初瀬の 山おろしよ",
      "explanation": "「憂かりける 人を初瀬の 山おろしよ はげしかれとは 祈らぬものを」74番・源俊頼朝臣の歌。つれなかったあの人を思い通りにさせてくださいと初瀬の観音に祈ったのに、山おろしよ、こんなに激しくなれとは祈らなかったのに。",
      "wordMeanings": {
        "憂かりける": "つれなかった",
        "人を初瀬の": "あの人を初瀬（長谷寺）の",
        "山おろしよ": "山おろし（山から吹く風）よ",
        "はげしかれとは": "（つれなさが）激しくなれとは",
        "祈らぬものを": "祈らなかったのに"
      },
      "choices": [
        {
          "text": "蘆のまろやに 秋風ぞ吹く",
          "explanation": "これは71番・大納言経信の歌「夕されば 門田の稲葉 おとづれて 蘆のまろやに 秋風ぞ吹く」の下の句です。夕方になると門前の田の稲葉をそよがせて、蘆で葺いた粗末な家に秋風が吹いてくる。"
        },
        {
          "text": "かけじや袖の ぬれもこそすれ",
          "explanation": "これは72番・祐子内親王家紀伊の歌「音に聞く 高師の浜の あだ波は かけじや袖の ぬれもこそすれ」の下の句です。噂に聞く高師の浜のあだ波のような浮気なお言葉には、心をかけますまい。袖が涙で濡れてしまいますから。"
        },
        {
          "text": "外山のかすみ 立たずもあらなむ",
          "explanation": "これは73番・前中納言匡房の歌「高砂の 尾上の桜 咲きにけり 外山のかすみ 立たずもあらなむ」の下の句です。高砂の山の上の桜が咲いたことだ。どうか外山の霞よ、立たないでいておくれ。花が見えなくなってしまうから。"
        },
        {
          "text": "はげしかれとは 祈らぬものを",
          "explanation": ""
        },
        {
          "text": "あはれ今年の 秋もいぬめり",
          "explanation": "これは75番・藤原基俊の歌「契りおきし させもが露を 命にて あはれ今年の 秋もいぬめり」の下の句です。約束してくれた「させも草の露」のようなお言葉を命の頼りにしていたのに、ああ今年の秋もむなしく過ぎてしまうようだ。"
        },
        {
          "text": "雲ゐにまがふ 沖の白波",
          "explanation": "これは76番・法性寺入道前関白太政大臣の歌「わたの原 漕ぎ出でて見れば ひさかたの 雲ゐにまがふ 沖の白波」の下の句です。大海原に漕ぎ出して見渡すと、雲と見紛うほどの沖の白波が広がっている。"
        },
        {
          "text": "われても末に 逢はむとぞ思ふ",
          "explanation": "これは77番・崇徳院の歌「瀬をはやみ 岩にせかるる 滝川の われても末に 逢はむとぞ思ふ」の下の句です。川の瀬の流れが速いので岩にせき止められた滝川の水が割れても最後にはまた合流するように、別れてもいつかは再び逢おうと思う。"
        },
        {
          "text": "いく夜寝覚めぬ 須磨の関守",
          "explanation": "これは78番・源兼昌の歌「淡路島 かよふ千鳥の 鳴く声に いく夜寝覚めぬ 須磨の関守」の下の句です。淡路島から通ってくる千鳥の鳴く声に、幾夜目を覚ましたことか、須磨の関守は。"
        },
        {
          "text": "もれ出づる月の 影のさやけさ",
          "explanation": "これは79番・左京大夫顕輔の歌「秋風に たなびく雲の 絶え間より もれ出づる月の 影のさやけさ」の下の句です。秋風にたなびく雲の切れ間から、漏れ出てくる月の光の何と澄み切って明るいことか。"
        },
        {
          "text": "乱れてけさは ものをこそ思へ",
          "explanation": "これは80番・待賢門院堀河の歌「ながからむ 心も知らず 黒髪の 乱れてけさは ものをこそ思へ」の下の句です。あなたの心が末永く変わらないかどうかもわからず、今朝は黒髪が乱れるように、心も乱れて物思いにふけっている。"
        }
      ],
      "correctAnswer": "はげしかれとは 祈らぬものを",
      "tags": null
    },
    {
      "question": "契りおきし させもが露を 命にて",
      "explanation": "「契りおきし させもが露を 命にて あはれ今年の 秋もいぬめり」75番・藤原基俊の歌。約束してくれた「させも草の露」のようなお言葉を命の頼りにしていたのに、ああ今年の秋もむなしく過ぎてしまうようだ。",
      "wordMeanings": {
        "契りおきし": "約束してくれた",
        "させもが露を": "させも草の露（恩恵の比喩）を",
        "命にて": "命の頼りとして",
        "あはれ今年の": "ああ今年の",
        "秋もいぬめり": "秋も去ってしまうようだ"
      },
      "choices": [
        {
          "text": "蘆のまろやに 秋風ぞ吹く",
          "explanation": "これは71番・大納言経信の歌「夕されば 門田の稲葉 おとづれて 蘆のまろやに 秋風ぞ吹く」の下の句です。夕方になると門前の田の稲葉をそよがせて、蘆で葺いた粗末な家に秋風が吹いてくる。"
        },
        {
          "text": "かけじや袖の ぬれもこそすれ",
          "explanation": "これは72番・祐子内親王家紀伊の歌「音に聞く 高師の浜の あだ波は かけじや袖の ぬれもこそすれ」の下の句です。噂に聞く高師の浜のあだ波のような浮気なお言葉には、心をかけますまい。袖が涙で濡れてしまいますから。"
        },
        {
          "text": "外山のかすみ 立たずもあらなむ",
          "explanation": "これは73番・前中納言匡房の歌「高砂の 尾上の桜 咲きにけり 外山のかすみ 立たずもあらなむ」の下の句です。高砂の山の上の桜が咲いたことだ。どうか外山の霞よ、立たないでいておくれ。花が見えなくなってしまうから。"
        },
        {
          "text": "はげしかれとは 祈らぬものを",
          "explanation": "これは74番・源俊頼朝臣の歌「憂かりける 人を初瀬の 山おろしよ はげしかれとは 祈らぬものを」の下の句です。つれなかったあの人を思い通りにさせてくださいと初瀬の観音に祈ったのに、山おろしよ、こんなに激しくなれとは祈らなかったのに。"
        },
        {
          "text": "あはれ今年の 秋もいぬめり",
          "explanation": ""
        },
        {
          "text": "雲ゐにまがふ 沖の白波",
          "explanation": "これは76番・法性寺入道前関白太政大臣の歌「わたの原 漕ぎ出でて見れば ひさかたの 雲ゐにまがふ 沖の白波」の下の句です。大海原に漕ぎ出して見渡すと、雲と見紛うほどの沖の白波が広がっている。"
        },
        {
          "text": "われても末に 逢はむとぞ思ふ",
          "explanation": "これは77番・崇徳院の歌「瀬をはやみ 岩にせかるる 滝川の われても末に 逢はむとぞ思ふ」の下の句です。川の瀬の流れが速いので岩にせき止められた滝川の水が割れても最後にはまた合流するように、別れてもいつかは再び逢おうと思う。"
        },
        {
          "text": "いく夜寝覚めぬ 須磨の関守",
          "explanation": "これは78番・源兼昌の歌「淡路島 かよふ千鳥の 鳴く声に いく夜寝覚めぬ 須磨の関守」の下の句です。淡路島から通ってくる千鳥の鳴く声に、幾夜目を覚ましたことか、須磨の関守は。"
        },
        {
          "text": "もれ出づる月の 影のさやけさ",
          "explanation": "これは79番・左京大夫顕輔の歌「秋風に たなびく雲の 絶え間より もれ出づる月の 影のさやけさ」の下の句です。秋風にたなびく雲の切れ間から、漏れ出てくる月の光の何と澄み切って明るいことか。"
        },
        {
          "text": "乱れてけさは ものをこそ思へ",
          "explanation": "これは80番・待賢門院堀河の歌「ながからむ 心も知らず 黒髪の 乱れてけさは ものをこそ思へ」の下の句です。あなたの心が末永く変わらないかどうかもわからず、今朝は黒髪が乱れるように、心も乱れて物思いにふけっている。"
        }
      ],
      "correctAnswer": "あはれ今年の 秋もいぬめり",
      "tags": null
    },
    {
      "question": "わたの原 漕ぎ出でて見れば ひさかたの",
      "explanation": "「わたの原 漕ぎ出でて見れば ひさかたの 雲ゐにまがふ 沖の白波」76番・法性寺入道前関白太政大臣の歌。大海原に漕ぎ出して見渡すと、雲と見紛うほどの沖の白波が広がっている。",
      "wordMeanings": {
        "わたの原": "大海原に",
        "漕ぎ出でて見れば": "漕ぎ出して見ると",
        "ひさかたの": "天・空にかかる枕詞",
        "雲ゐにまがふ": "雲と見間違うほどの",
        "沖の白波": "沖の白波"
      },
      "choices": [
        {
          "text": "蘆のまろやに 秋風ぞ吹く",
          "explanation": "これは71番・大納言経信の歌「夕されば 門田の稲葉 おとづれて 蘆のまろやに 秋風ぞ吹く」の下の句です。夕方になると門前の田の稲葉をそよがせて、蘆で葺いた粗末な家に秋風が吹いてくる。"
        },
        {
          "text": "かけじや袖の ぬれもこそすれ",
          "explanation": "これは72番・祐子内親王家紀伊の歌「音に聞く 高師の浜の あだ波は かけじや袖の ぬれもこそすれ」の下の句です。噂に聞く高師の浜のあだ波のような浮気なお言葉には、心をかけますまい。袖が涙で濡れてしまいますから。"
        },
        {
          "text": "外山のかすみ 立たずもあらなむ",
          "explanation": "これは73番・前中納言匡房の歌「高砂の 尾上の桜 咲きにけり 外山のかすみ 立たずもあらなむ」の下の句です。高砂の山の上の桜が咲いたことだ。どうか外山の霞よ、立たないでいておくれ。花が見えなくなってしまうから。"
        },
        {
          "text": "はげしかれとは 祈らぬものを",
          "explanation": "これは74番・源俊頼朝臣の歌「憂かりける 人を初瀬の 山おろしよ はげしかれとは 祈らぬものを」の下の句です。つれなかったあの人を思い通りにさせてくださいと初瀬の観音に祈ったのに、山おろしよ、こんなに激しくなれとは祈らなかったのに。"
        },
        {
          "text": "あはれ今年の 秋もいぬめり",
          "explanation": "これは75番・藤原基俊の歌「契りおきし させもが露を 命にて あはれ今年の 秋もいぬめり」の下の句です。約束してくれた「させも草の露」のようなお言葉を命の頼りにしていたのに、ああ今年の秋もむなしく過ぎてしまうようだ。"
        },
        {
          "text": "雲ゐにまがふ 沖の白波",
          "explanation": ""
        },
        {
          "text": "われても末に 逢はむとぞ思ふ",
          "explanation": "これは77番・崇徳院の歌「瀬をはやみ 岩にせかるる 滝川の われても末に 逢はむとぞ思ふ」の下の句です。川の瀬の流れが速いので岩にせき止められた滝川の水が割れても最後にはまた合流するように、別れてもいつかは再び逢おうと思う。"
        },
        {
          "text": "いく夜寝覚めぬ 須磨の関守",
          "explanation": "これは78番・源兼昌の歌「淡路島 かよふ千鳥の 鳴く声に いく夜寝覚めぬ 須磨の関守」の下の句です。淡路島から通ってくる千鳥の鳴く声に、幾夜目を覚ましたことか、須磨の関守は。"
        },
        {
          "text": "もれ出づる月の 影のさやけさ",
          "explanation": "これは79番・左京大夫顕輔の歌「秋風に たなびく雲の 絶え間より もれ出づる月の 影のさやけさ」の下の句です。秋風にたなびく雲の切れ間から、漏れ出てくる月の光の何と澄み切って明るいことか。"
        },
        {
          "text": "乱れてけさは ものをこそ思へ",
          "explanation": "これは80番・待賢門院堀河の歌「ながからむ 心も知らず 黒髪の 乱れてけさは ものをこそ思へ」の下の句です。あなたの心が末永く変わらないかどうかもわからず、今朝は黒髪が乱れるように、心も乱れて物思いにふけっている。"
        }
      ],
      "correctAnswer": "雲ゐにまがふ 沖の白波",
      "tags": null
    },
    {
      "question": "瀬をはやみ 岩にせかるる 滝川の",
      "explanation": "「瀬をはやみ 岩にせかるる 滝川の われても末に 逢はむとぞ思ふ」77番・崇徳院の歌。川の瀬の流れが速いので岩にせき止められた滝川の水が割れても最後にはまた合流するように、別れてもいつかは再び逢おうと思う。",
      "wordMeanings": {
        "瀬をはやみ": "瀬の流れが速いので",
        "岩にせかるる": "岩にせき止められる",
        "滝川の": "滝川の水が",
        "われても末に": "割れても最後には",
        "逢はむとぞ思ふ": "逢おうと思う"
      },
      "choices": [
        {
          "text": "蘆のまろやに 秋風ぞ吹く",
          "explanation": "これは71番・大納言経信の歌「夕されば 門田の稲葉 おとづれて 蘆のまろやに 秋風ぞ吹く」の下の句です。夕方になると門前の田の稲葉をそよがせて、蘆で葺いた粗末な家に秋風が吹いてくる。"
        },
        {
          "text": "かけじや袖の ぬれもこそすれ",
          "explanation": "これは72番・祐子内親王家紀伊の歌「音に聞く 高師の浜の あだ波は かけじや袖の ぬれもこそすれ」の下の句です。噂に聞く高師の浜のあだ波のような浮気なお言葉には、心をかけますまい。袖が涙で濡れてしまいますから。"
        },
        {
          "text": "外山のかすみ 立たずもあらなむ",
          "explanation": "これは73番・前中納言匡房の歌「高砂の 尾上の桜 咲きにけり 外山のかすみ 立たずもあらなむ」の下の句です。高砂の山の上の桜が咲いたことだ。どうか外山の霞よ、立たないでいておくれ。花が見えなくなってしまうから。"
        },
        {
          "text": "はげしかれとは 祈らぬものを",
          "explanation": "これは74番・源俊頼朝臣の歌「憂かりける 人を初瀬の 山おろしよ はげしかれとは 祈らぬものを」の下の句です。つれなかったあの人を思い通りにさせてくださいと初瀬の観音に祈ったのに、山おろしよ、こんなに激しくなれとは祈らなかったのに。"
        },
        {
          "text": "あはれ今年の 秋もいぬめり",
          "explanation": "これは75番・藤原基俊の歌「契りおきし させもが露を 命にて あはれ今年の 秋もいぬめり」の下の句です。約束してくれた「させも草の露」のようなお言葉を命の頼りにしていたのに、ああ今年の秋もむなしく過ぎてしまうようだ。"
        },
        {
          "text": "雲ゐにまがふ 沖の白波",
          "explanation": "これは76番・法性寺入道前関白太政大臣の歌「わたの原 漕ぎ出でて見れば ひさかたの 雲ゐにまがふ 沖の白波」の下の句です。大海原に漕ぎ出して見渡すと、雲と見紛うほどの沖の白波が広がっている。"
        },
        {
          "text": "われても末に 逢はむとぞ思ふ",
          "explanation": ""
        },
        {
          "text": "いく夜寝覚めぬ 須磨の関守",
          "explanation": "これは78番・源兼昌の歌「淡路島 かよふ千鳥の 鳴く声に いく夜寝覚めぬ 須磨の関守」の下の句です。淡路島から通ってくる千鳥の鳴く声に、幾夜目を覚ましたことか、須磨の関守は。"
        },
        {
          "text": "もれ出づる月の 影のさやけさ",
          "explanation": "これは79番・左京大夫顕輔の歌「秋風に たなびく雲の 絶え間より もれ出づる月の 影のさやけさ」の下の句です。秋風にたなびく雲の切れ間から、漏れ出てくる月の光の何と澄み切って明るいことか。"
        },
        {
          "text": "乱れてけさは ものをこそ思へ",
          "explanation": "これは80番・待賢門院堀河の歌「ながからむ 心も知らず 黒髪の 乱れてけさは ものをこそ思へ」の下の句です。あなたの心が末永く変わらないかどうかもわからず、今朝は黒髪が乱れるように、心も乱れて物思いにふけっている。"
        }
      ],
      "correctAnswer": "われても末に 逢はむとぞ思ふ",
      "tags": null
    },
    {
      "question": "淡路島 かよふ千鳥の 鳴く声に",
      "explanation": "「淡路島 かよふ千鳥の 鳴く声に いく夜寝覚めぬ 須磨の関守」78番・源兼昌の歌。淡路島から通ってくる千鳥の鳴く声に、幾夜目を覚ましたことか、須磨の関守は。",
      "wordMeanings": {
        "淡路島": "淡路島から",
        "かよふ千鳥の": "通ってくる千鳥の",
        "鳴く声に": "鳴く声に",
        "いく夜寝覚めぬ": "幾夜目を覚ましたことか",
        "須磨の関守": "須磨の関守は"
      },
      "choices": [
        {
          "text": "蘆のまろやに 秋風ぞ吹く",
          "explanation": "これは71番・大納言経信の歌「夕されば 門田の稲葉 おとづれて 蘆のまろやに 秋風ぞ吹く」の下の句です。夕方になると門前の田の稲葉をそよがせて、蘆で葺いた粗末な家に秋風が吹いてくる。"
        },
        {
          "text": "かけじや袖の ぬれもこそすれ",
          "explanation": "これは72番・祐子内親王家紀伊の歌「音に聞く 高師の浜の あだ波は かけじや袖の ぬれもこそすれ」の下の句です。噂に聞く高師の浜のあだ波のような浮気なお言葉には、心をかけますまい。袖が涙で濡れてしまいますから。"
        },
        {
          "text": "外山のかすみ 立たずもあらなむ",
          "explanation": "これは73番・前中納言匡房の歌「高砂の 尾上の桜 咲きにけり 外山のかすみ 立たずもあらなむ」の下の句です。高砂の山の上の桜が咲いたことだ。どうか外山の霞よ、立たないでいておくれ。花が見えなくなってしまうから。"
        },
        {
          "text": "はげしかれとは 祈らぬものを",
          "explanation": "これは74番・源俊頼朝臣の歌「憂かりける 人を初瀬の 山おろしよ はげしかれとは 祈らぬものを」の下の句です。つれなかったあの人を思い通りにさせてくださいと初瀬の観音に祈ったのに、山おろしよ、こんなに激しくなれとは祈らなかったのに。"
        },
        {
          "text": "あはれ今年の 秋もいぬめり",
          "explanation": "これは75番・藤原基俊の歌「契りおきし させもが露を 命にて あはれ今年の 秋もいぬめり」の下の句です。約束してくれた「させも草の露」のようなお言葉を命の頼りにしていたのに、ああ今年の秋もむなしく過ぎてしまうようだ。"
        },
        {
          "text": "雲ゐにまがふ 沖の白波",
          "explanation": "これは76番・法性寺入道前関白太政大臣の歌「わたの原 漕ぎ出でて見れば ひさかたの 雲ゐにまがふ 沖の白波」の下の句です。大海原に漕ぎ出して見渡すと、雲と見紛うほどの沖の白波が広がっている。"
        },
        {
          "text": "われても末に 逢はむとぞ思ふ",
          "explanation": "これは77番・崇徳院の歌「瀬をはやみ 岩にせかるる 滝川の われても末に 逢はむとぞ思ふ」の下の句です。川の瀬の流れが速いので岩にせき止められた滝川の水が割れても最後にはまた合流するように、別れてもいつかは再び逢おうと思う。"
        },
        {
          "text": "いく夜寝覚めぬ 須磨の関守",
          "explanation": ""
        },
        {
          "text": "もれ出づる月の 影のさやけさ",
          "explanation": "これは79番・左京大夫顕輔の歌「秋風に たなびく雲の 絶え間より もれ出づる月の 影のさやけさ」の下の句です。秋風にたなびく雲の切れ間から、漏れ出てくる月の光の何と澄み切って明るいことか。"
        },
        {
          "text": "乱れてけさは ものをこそ思へ",
          "explanation": "これは80番・待賢門院堀河の歌「ながからむ 心も知らず 黒髪の 乱れてけさは ものをこそ思へ」の下の句です。あなたの心が末永く変わらないかどうかもわからず、今朝は黒髪が乱れるように、心も乱れて物思いにふけっている。"
        }
      ],
      "correctAnswer": "いく夜寝覚めぬ 須磨の関守",
      "tags": null
    },
    {
      "question": "秋風に たなびく雲の 絶え間より",
      "explanation": "「秋風に たなびく雲の 絶え間より もれ出づる月の 影のさやけさ」79番・左京大夫顕輔の歌。秋風にたなびく雲の切れ間から、漏れ出てくる月の光の何と澄み切って明るいことか。",
      "wordMeanings": {
        "秋風に": "秋風に",
        "たなびく雲の": "たなびく雲の",
        "絶え間より": "切れ間から",
        "もれ出づる月の": "漏れ出る月の",
        "影のさやけさ": "光の澄み切った明るさよ"
      },
      "choices": [
        {
          "text": "蘆のまろやに 秋風ぞ吹く",
          "explanation": "これは71番・大納言経信の歌「夕されば 門田の稲葉 おとづれて 蘆のまろやに 秋風ぞ吹く」の下の句です。夕方になると門前の田の稲葉をそよがせて、蘆で葺いた粗末な家に秋風が吹いてくる。"
        },
        {
          "text": "かけじや袖の ぬれもこそすれ",
          "explanation": "これは72番・祐子内親王家紀伊の歌「音に聞く 高師の浜の あだ波は かけじや袖の ぬれもこそすれ」の下の句です。噂に聞く高師の浜のあだ波のような浮気なお言葉には、心をかけますまい。袖が涙で濡れてしまいますから。"
        },
        {
          "text": "外山のかすみ 立たずもあらなむ",
          "explanation": "これは73番・前中納言匡房の歌「高砂の 尾上の桜 咲きにけり 外山のかすみ 立たずもあらなむ」の下の句です。高砂の山の上の桜が咲いたことだ。どうか外山の霞よ、立たないでいておくれ。花が見えなくなってしまうから。"
        },
        {
          "text": "はげしかれとは 祈らぬものを",
          "explanation": "これは74番・源俊頼朝臣の歌「憂かりける 人を初瀬の 山おろしよ はげしかれとは 祈らぬものを」の下の句です。つれなかったあの人を思い通りにさせてくださいと初瀬の観音に祈ったのに、山おろしよ、こんなに激しくなれとは祈らなかったのに。"
        },
        {
          "text": "あはれ今年の 秋もいぬめり",
          "explanation": "これは75番・藤原基俊の歌「契りおきし させもが露を 命にて あはれ今年の 秋もいぬめり」の下の句です。約束してくれた「させも草の露」のようなお言葉を命の頼りにしていたのに、ああ今年の秋もむなしく過ぎてしまうようだ。"
        },
        {
          "text": "雲ゐにまがふ 沖の白波",
          "explanation": "これは76番・法性寺入道前関白太政大臣の歌「わたの原 漕ぎ出でて見れば ひさかたの 雲ゐにまがふ 沖の白波」の下の句です。大海原に漕ぎ出して見渡すと、雲と見紛うほどの沖の白波が広がっている。"
        },
        {
          "text": "われても末に 逢はむとぞ思ふ",
          "explanation": "これは77番・崇徳院の歌「瀬をはやみ 岩にせかるる 滝川の われても末に 逢はむとぞ思ふ」の下の句です。川の瀬の流れが速いので岩にせき止められた滝川の水が割れても最後にはまた合流するように、別れてもいつかは再び逢おうと思う。"
        },
        {
          "text": "いく夜寝覚めぬ 須磨の関守",
          "explanation": "これは78番・源兼昌の歌「淡路島 かよふ千鳥の 鳴く声に いく夜寝覚めぬ 須磨の関守」の下の句です。淡路島から通ってくる千鳥の鳴く声に、幾夜目を覚ましたことか、須磨の関守は。"
        },
        {
          "text": "もれ出づる月の 影のさやけさ",
          "explanation": ""
        },
        {
          "text": "乱れてけさは ものをこそ思へ",
          "explanation": "これは80番・待賢門院堀河の歌「ながからむ 心も知らず 黒髪の 乱れてけさは ものをこそ思へ」の下の句です。あなたの心が末永く変わらないかどうかもわからず、今朝は黒髪が乱れるように、心も乱れて物思いにふけっている。"
        }
      ],
      "correctAnswer": "もれ出づる月の 影のさやけさ",
      "tags": null
    },
    {
      "question": "ながからむ 心も知らず 黒髪の",
      "explanation": "「ながからむ 心も知らず 黒髪の 乱れてけさは ものをこそ思へ」80番・待賢門院堀河の歌。あなたの心が末永く変わらないかどうかもわからず、今朝は黒髪が乱れるように、心も乱れて物思いにふけっている。",
      "wordMeanings": {
        "ながからむ": "末長いだろう",
        "心も知らず": "心もわからないで",
        "黒髪の": "黒髪が",
        "乱れてけさは": "乱れて今朝は",
        "ものをこそ思へ": "物思いにふけることだ"
      },
      "choices": [
        {
          "text": "蘆のまろやに 秋風ぞ吹く",
          "explanation": "これは71番・大納言経信の歌「夕されば 門田の稲葉 おとづれて 蘆のまろやに 秋風ぞ吹く」の下の句です。夕方になると門前の田の稲葉をそよがせて、蘆で葺いた粗末な家に秋風が吹いてくる。"
        },
        {
          "text": "かけじや袖の ぬれもこそすれ",
          "explanation": "これは72番・祐子内親王家紀伊の歌「音に聞く 高師の浜の あだ波は かけじや袖の ぬれもこそすれ」の下の句です。噂に聞く高師の浜のあだ波のような浮気なお言葉には、心をかけますまい。袖が涙で濡れてしまいますから。"
        },
        {
          "text": "外山のかすみ 立たずもあらなむ",
          "explanation": "これは73番・前中納言匡房の歌「高砂の 尾上の桜 咲きにけり 外山のかすみ 立たずもあらなむ」の下の句です。高砂の山の上の桜が咲いたことだ。どうか外山の霞よ、立たないでいておくれ。花が見えなくなってしまうから。"
        },
        {
          "text": "はげしかれとは 祈らぬものを",
          "explanation": "これは74番・源俊頼朝臣の歌「憂かりける 人を初瀬の 山おろしよ はげしかれとは 祈らぬものを」の下の句です。つれなかったあの人を思い通りにさせてくださいと初瀬の観音に祈ったのに、山おろしよ、こんなに激しくなれとは祈らなかったのに。"
        },
        {
          "text": "あはれ今年の 秋もいぬめり",
          "explanation": "これは75番・藤原基俊の歌「契りおきし させもが露を 命にて あはれ今年の 秋もいぬめり」の下の句です。約束してくれた「させも草の露」のようなお言葉を命の頼りにしていたのに、ああ今年の秋もむなしく過ぎてしまうようだ。"
        },
        {
          "text": "雲ゐにまがふ 沖の白波",
          "explanation": "これは76番・法性寺入道前関白太政大臣の歌「わたの原 漕ぎ出でて見れば ひさかたの 雲ゐにまがふ 沖の白波」の下の句です。大海原に漕ぎ出して見渡すと、雲と見紛うほどの沖の白波が広がっている。"
        },
        {
          "text": "われても末に 逢はむとぞ思ふ",
          "explanation": "これは77番・崇徳院の歌「瀬をはやみ 岩にせかるる 滝川の われても末に 逢はむとぞ思ふ」の下の句です。川の瀬の流れが速いので岩にせき止められた滝川の水が割れても最後にはまた合流するように、別れてもいつかは再び逢おうと思う。"
        },
        {
          "text": "いく夜寝覚めぬ 須磨の関守",
          "explanation": "これは78番・源兼昌の歌「淡路島 かよふ千鳥の 鳴く声に いく夜寝覚めぬ 須磨の関守」の下の句です。淡路島から通ってくる千鳥の鳴く声に、幾夜目を覚ましたことか、須磨の関守は。"
        },
        {
          "text": "もれ出づる月の 影のさやけさ",
          "explanation": "これは79番・左京大夫顕輔の歌「秋風に たなびく雲の 絶え間より もれ出づる月の 影のさやけさ」の下の句です。秋風にたなびく雲の切れ間から、漏れ出てくる月の光の何と澄み切って明るいことか。"
        },
        {
          "text": "乱れてけさは ものをこそ思へ",
          "explanation": ""
        }
      ],
      "correctAnswer": "乱れてけさは ものをこそ思へ",
      "tags": null
    }
  ]
}
