{
  "key": "hyakunin61to70",
  "displayName": "百人一首(61-70)",
  "questions": [
    {
      "question": "いにしへの 奈良の都の 八重桜",
      "explanation": "「いにしへの 奈良の都の 八重桜 けふ九重に にほひぬるかな」61番・伊勢大輔の歌。昔の奈良の都で咲いた八重桜が、今日はこの宮中の九重で美しく咲き誇っていることだ。",
      "wordMeanings": {
        "いにしへの": "昔の",
        "奈良の都の": "奈良の都の",
        "八重桜": "八重桜が",
        "けふ九重に": "今日は宮中（九重）に",
        "にほひぬるかな": "美しく咲いているなあ"
      },
      "choices": [
        {
          "text": "けふ九重に にほひぬるかな",
          "explanation": ""
        },
        {
          "text": "よに逢坂の 関はゆるさじ",
          "explanation": "これは62番・清少納言の歌「夜をこめて 鳥のそらねは はかるとも よに逢坂の 関はゆるさじ」の下の句です。夜がまだ明けないうちに鶏の鳴き真似で関を開けさせようとだましても、逢坂の関は決して開けませんよ。"
        },
        {
          "text": "人づてならで 言ふよしもがな",
          "explanation": "これは63番・左京大夫道雅の歌「今はただ 思ひ絶えなむ とばかりを 人づてならで 言ふよしもがな」の下の句です。今はただ、思いを絶ちましょうということだけでも、人づてではなく直接会ってお伝えしたいものだ。"
        },
        {
          "text": "あらはれわたる 瀬々の網代木",
          "explanation": "これは64番・権中納言定頼の歌「朝ぼらけ 宇治の川霧 たえだえに あらはれわたる 瀬々の網代木」の下の句です。ほのぼのと夜が明ける頃、宇治川の川霧が絶え絶えに晴れて、次々と現れてくる瀬ごとの網代木の景色よ。"
        },
        {
          "text": "恋に朽ちなむ 名こそ惜しけれ",
          "explanation": "これは65番・相模の歌「恨みわび ほさぬ袖だに あるものを 恋に朽ちなむ 名こそ惜しけれ」の下の句です。恨み続けて涙で乾かない袖でさえつらいのに、その上恋のために朽ちてしまうであろう我が名こそ惜しい。"
        },
        {
          "text": "花よりほかに 知る人もなし",
          "explanation": "これは66番・前大僧正行尊の歌「もろともに あはれと思へ 山桜 花よりほかに 知る人もなし」の下の句です。一緒にしみじみと愛おしいと思ってくれ、山桜よ。花のほかには私を知る人もいないのだから。"
        },
        {
          "text": "かひなく立たむ 名こそ惜しけれ",
          "explanation": "これは67番・周防内侍の歌「春の夜の 夢ばかりなる 手枕に かひなく立たむ 名こそ惜しけれ」の下の句です。春の夜の夢のようにはかない手枕のために、つまらない浮き名が立つのは惜しいことだ。"
        },
        {
          "text": "恋しかるべき 夜半の月かな",
          "explanation": "これは68番・三条院の歌「心にも あらでうき世に ながらへば 恋しかるべき 夜半の月かな」の下の句です。心ならずもこのつらい世に生き長らえたならば、きっと恋しく思い出されるだろう、この夜半の月よ。"
        },
        {
          "text": "竜田の川の 錦なりけり",
          "explanation": "これは69番・能因法師の歌「嵐吹く 三室の山の もみぢ葉は 竜田の川の 錦なりけり」の下の句です。嵐が吹き散らす三室の山の紅葉は、竜田川の水面を錦のように美しく彩っていたのだ。"
        },
        {
          "text": "いづこも同じ 秋の夕暮れ",
          "explanation": "これは70番・良暹法師の歌「さびしさに 宿を立ち出でて ながむれば いづこも同じ 秋の夕暮れ」の下の句です。さびしさに堪えかねて家を出て眺めると、どこも同じようにさびしい秋の夕暮れであった。"
        }
      ],
      "correctAnswer": "けふ九重に にほひぬるかな",
      "tags": null
    },
    {
      "question": "夜をこめて 鳥のそらねは はかるとも",
      "explanation": "「夜をこめて 鳥のそらねは はかるとも よに逢坂の 関はゆるさじ」62番・清少納言の歌。夜がまだ明けないうちに鶏の鳴き真似で関を開けさせようとだましても、逢坂の関は決して開けませんよ。",
      "wordMeanings": {
        "夜をこめて": "夜の暗いうちに",
        "鳥のそらねは": "鶏の鳴き真似で",
        "はかるとも": "だまそうとしても",
        "よに逢坂の": "決して逢坂の（逢うの掛詞）",
        "関はゆるさじ": "関は通しませんよ"
      },
      "choices": [
        {
          "text": "けふ九重に にほひぬるかな",
          "explanation": "これは61番・伊勢大輔の歌「いにしへの 奈良の都の 八重桜 けふ九重に にほひぬるかな」の下の句です。昔の奈良の都で咲いた八重桜が、今日はこの宮中の九重で美しく咲き誇っていることだ。"
        },
        {
          "text": "よに逢坂の 関はゆるさじ",
          "explanation": ""
        },
        {
          "text": "人づてならで 言ふよしもがな",
          "explanation": "これは63番・左京大夫道雅の歌「今はただ 思ひ絶えなむ とばかりを 人づてならで 言ふよしもがな」の下の句です。今はただ、思いを絶ちましょうということだけでも、人づてではなく直接会ってお伝えしたいものだ。"
        },
        {
          "text": "あらはれわたる 瀬々の網代木",
          "explanation": "これは64番・権中納言定頼の歌「朝ぼらけ 宇治の川霧 たえだえに あらはれわたる 瀬々の網代木」の下の句です。ほのぼのと夜が明ける頃、宇治川の川霧が絶え絶えに晴れて、次々と現れてくる瀬ごとの網代木の景色よ。"
        },
        {
          "text": "恋に朽ちなむ 名こそ惜しけれ",
          "explanation": "これは65番・相模の歌「恨みわび ほさぬ袖だに あるものを 恋に朽ちなむ 名こそ惜しけれ」の下の句です。恨み続けて涙で乾かない袖でさえつらいのに、その上恋のために朽ちてしまうであろう我が名こそ惜しい。"
        },
        {
          "text": "花よりほかに 知る人もなし",
          "explanation": "これは66番・前大僧正行尊の歌「もろともに あはれと思へ 山桜 花よりほかに 知る人もなし」の下の句です。一緒にしみじみと愛おしいと思ってくれ、山桜よ。花のほかには私を知る人もいないのだから。"
        },
        {
          "text": "かひなく立たむ 名こそ惜しけれ",
          "explanation": "これは67番・周防内侍の歌「春の夜の 夢ばかりなる 手枕に かひなく立たむ 名こそ惜しけれ」の下の句です。春の夜の夢のようにはかない手枕のために、つまらない浮き名が立つのは惜しいことだ。"
        },
        {
          "text": "恋しかるべき 夜半の月かな",
          "explanation": "これは68番・三条院の歌「心にも あらでうき世に ながらへば 恋しかるべき 夜半の月かな」の下の句です。心ならずもこのつらい世に生き長らえたならば、きっと恋しく思い出されるだろう、この夜半の月よ。"
        },
        {
          "text": "竜田の川の 錦なりけり",
          "explanation": "これは69番・能因法師の歌「嵐吹く 三室の山の もみぢ葉は 竜田の川の 錦なりけり」の下の句です。嵐が吹き散らす三室の山の紅葉は、竜田川の水面を錦のように美しく彩っていたのだ。"
        },
        {
          "text": "いづこも同じ 秋の夕暮れ",
          "explanation": "これは70番・良暹法師の歌「さびしさに 宿を立ち出でて ながむれば いづこも同じ 秋の夕暮れ」の下の句です。さびしさに堪えかねて家を出て眺めると、どこも同じようにさびしい秋の夕暮れであった。"
        }
      ],
      "correctAnswer": "よに逢坂の 関はゆるさじ",
      "tags": null
    },
    {
      "question": "今はただ 思ひ絶えなむ とばかりを",
      "explanation": "「今はただ 思ひ絶えなむ とばかりを 人づてならで 言ふよしもがな」63番・左京大夫道雅の歌。今はただ、思いを絶ちましょうということだけでも、人づてではなく直接会ってお伝えしたいものだ。",
      "wordMeanings": {
        "今はただ": "今はもうただ",
        "思ひ絶えなむ": "思いを絶とう",
        "とばかりを": "とだけを",
        "人づてならで": "人づてではなく",
        "言ふよしもがな": "言う手段があればなあ"
      },
      "choices": [
        {
          "text": "けふ九重に にほひぬるかな",
          "explanation": "これは61番・伊勢大輔の歌「いにしへの 奈良の都の 八重桜 けふ九重に にほひぬるかな」の下の句です。昔の奈良の都で咲いた八重桜が、今日はこの宮中の九重で美しく咲き誇っていることだ。"
        },
        {
          "text": "よに逢坂の 関はゆるさじ",
          "explanation": "これは62番・清少納言の歌「夜をこめて 鳥のそらねは はかるとも よに逢坂の 関はゆるさじ」の下の句です。夜がまだ明けないうちに鶏の鳴き真似で関を開けさせようとだましても、逢坂の関は決して開けませんよ。"
        },
        {
          "text": "人づてならで 言ふよしもがな",
          "explanation": ""
        },
        {
          "text": "あらはれわたる 瀬々の網代木",
          "explanation": "これは64番・権中納言定頼の歌「朝ぼらけ 宇治の川霧 たえだえに あらはれわたる 瀬々の網代木」の下の句です。ほのぼのと夜が明ける頃、宇治川の川霧が絶え絶えに晴れて、次々と現れてくる瀬ごとの網代木の景色よ。"
        },
        {
          "text": "恋に朽ちなむ 名こそ惜しけれ",
          "explanation": "これは65番・相模の歌「恨みわび ほさぬ袖だに あるものを 恋に朽ちなむ 名こそ惜しけれ」の下の句です。恨み続けて涙で乾かない袖でさえつらいのに、その上恋のために朽ちてしまうであろう我が名こそ惜しい。"
        },
        {
          "text": "花よりほかに 知る人もなし",
          "explanation": "これは66番・前大僧正行尊の歌「もろともに あはれと思へ 山桜 花よりほかに 知る人もなし」の下の句です。一緒にしみじみと愛おしいと思ってくれ、山桜よ。花のほかには私を知る人もいないのだから。"
        },
        {
          "text": "かひなく立たむ 名こそ惜しけれ",
          "explanation": "これは67番・周防内侍の歌「春の夜の 夢ばかりなる 手枕に かひなく立たむ 名こそ惜しけれ」の下の句です。春の夜の夢のようにはかない手枕のために、つまらない浮き名が立つのは惜しいことだ。"
        },
        {
          "text": "恋しかるべき 夜半の月かな",
          "explanation": "これは68番・三条院の歌「心にも あらでうき世に ながらへば 恋しかるべき 夜半の月かな」の下の句です。心ならずもこのつらい世に生き長らえたならば、きっと恋しく思い出されるだろう、この夜半の月よ。"
        },
        {
          "text": "竜田の川の 錦なりけり",
          "explanation": "これは69番・能因法師の歌「嵐吹く 三室の山の もみぢ葉は 竜田の川の 錦なりけり」の下の句です。嵐が吹き散らす三室の山の紅葉は、竜田川の水面を錦のように美しく彩っていたのだ。"
        },
        {
          "text": "いづこも同じ 秋の夕暮れ",
          "explanation": "これは70番・良暹法師の歌「さびしさに 宿を立ち出でて ながむれば いづこも同じ 秋の夕暮れ」の下の句です。さびしさに堪えかねて家を出て眺めると、どこも同じようにさびしい秋の夕暮れであった。"
        }
      ],
      "correctAnswer": "人づてならで 言ふよしもがな",
      "tags": null
    },
    {
      "question": "朝ぼらけ 宇治の川霧 たえだえに",
      "explanation": "「朝ぼらけ 宇治の川霧 たえだえに あらはれわたる 瀬々の網代木」64番・権中納言定頼の歌。ほのぼのと夜が明ける頃、宇治川の川霧が絶え絶えに晴れて、次々と現れてくる瀬ごとの網代木の景色よ。",
      "wordMeanings": {
        "朝ぼらけ": "夜がほのぼのと明ける頃",
        "宇治の川霧": "宇治川の川霧が",
        "たえだえに": "絶え絶えに",
        "あらはれわたる": "あちこちに現れる",
        "瀬々の網代木": "瀬ごとの網代木"
      },
      "choices": [
        {
          "text": "けふ九重に にほひぬるかな",
          "explanation": "これは61番・伊勢大輔の歌「いにしへの 奈良の都の 八重桜 けふ九重に にほひぬるかな」の下の句です。昔の奈良の都で咲いた八重桜が、今日はこの宮中の九重で美しく咲き誇っていることだ。"
        },
        {
          "text": "よに逢坂の 関はゆるさじ",
          "explanation": "これは62番・清少納言の歌「夜をこめて 鳥のそらねは はかるとも よに逢坂の 関はゆるさじ」の下の句です。夜がまだ明けないうちに鶏の鳴き真似で関を開けさせようとだましても、逢坂の関は決して開けませんよ。"
        },
        {
          "text": "人づてならで 言ふよしもがな",
          "explanation": "これは63番・左京大夫道雅の歌「今はただ 思ひ絶えなむ とばかりを 人づてならで 言ふよしもがな」の下の句です。今はただ、思いを絶ちましょうということだけでも、人づてではなく直接会ってお伝えしたいものだ。"
        },
        {
          "text": "あらはれわたる 瀬々の網代木",
          "explanation": ""
        },
        {
          "text": "恋に朽ちなむ 名こそ惜しけれ",
          "explanation": "これは65番・相模の歌「恨みわび ほさぬ袖だに あるものを 恋に朽ちなむ 名こそ惜しけれ」の下の句です。恨み続けて涙で乾かない袖でさえつらいのに、その上恋のために朽ちてしまうであろう我が名こそ惜しい。"
        },
        {
          "text": "花よりほかに 知る人もなし",
          "explanation": "これは66番・前大僧正行尊の歌「もろともに あはれと思へ 山桜 花よりほかに 知る人もなし」の下の句です。一緒にしみじみと愛おしいと思ってくれ、山桜よ。花のほかには私を知る人もいないのだから。"
        },
        {
          "text": "かひなく立たむ 名こそ惜しけれ",
          "explanation": "これは67番・周防内侍の歌「春の夜の 夢ばかりなる 手枕に かひなく立たむ 名こそ惜しけれ」の下の句です。春の夜の夢のようにはかない手枕のために、つまらない浮き名が立つのは惜しいことだ。"
        },
        {
          "text": "恋しかるべき 夜半の月かな",
          "explanation": "これは68番・三条院の歌「心にも あらでうき世に ながらへば 恋しかるべき 夜半の月かな」の下の句です。心ならずもこのつらい世に生き長らえたならば、きっと恋しく思い出されるだろう、この夜半の月よ。"
        },
        {
          "text": "竜田の川の 錦なりけり",
          "explanation": "これは69番・能因法師の歌「嵐吹く 三室の山の もみぢ葉は 竜田の川の 錦なりけり」の下の句です。嵐が吹き散らす三室の山の紅葉は、竜田川の水面を錦のように美しく彩っていたのだ。"
        },
        {
          "text": "いづこも同じ 秋の夕暮れ",
          "explanation": "これは70番・良暹法師の歌「さびしさに 宿を立ち出でて ながむれば いづこも同じ 秋の夕暮れ」の下の句です。さびしさに堪えかねて家を出て眺めると、どこも同じようにさびしい秋の夕暮れであった。"
        }
      ],
      "correctAnswer": "あらはれわたる 瀬々の網代木",
      "tags": null
    },
    {
      "question": "恨みわび ほさぬ袖だに あるものを",
      "explanation": "「恨みわび ほさぬ袖だに あるものを 恋に朽ちなむ 名こそ惜しけれ」65番・相模の歌。恨み続けて涙で乾かない袖でさえつらいのに、その上恋のために朽ちてしまうであろう我が名こそ惜しい。",
      "wordMeanings": {
        "恨みわび": "恨み続けて",
        "ほさぬ袖だに": "乾かない袖でさえ",
        "あるものを": "つらいのに",
        "恋に朽ちなむ": "恋のために朽ちるであろう",
        "名こそ惜しけれ": "名声こそ惜しい"
      },
      "choices": [
        {
          "text": "けふ九重に にほひぬるかな",
          "explanation": "これは61番・伊勢大輔の歌「いにしへの 奈良の都の 八重桜 けふ九重に にほひぬるかな」の下の句です。昔の奈良の都で咲いた八重桜が、今日はこの宮中の九重で美しく咲き誇っていることだ。"
        },
        {
          "text": "よに逢坂の 関はゆるさじ",
          "explanation": "これは62番・清少納言の歌「夜をこめて 鳥のそらねは はかるとも よに逢坂の 関はゆるさじ」の下の句です。夜がまだ明けないうちに鶏の鳴き真似で関を開けさせようとだましても、逢坂の関は決して開けませんよ。"
        },
        {
          "text": "人づてならで 言ふよしもがな",
          "explanation": "これは63番・左京大夫道雅の歌「今はただ 思ひ絶えなむ とばかりを 人づてならで 言ふよしもがな」の下の句です。今はただ、思いを絶ちましょうということだけでも、人づてではなく直接会ってお伝えしたいものだ。"
        },
        {
          "text": "あらはれわたる 瀬々の網代木",
          "explanation": "これは64番・権中納言定頼の歌「朝ぼらけ 宇治の川霧 たえだえに あらはれわたる 瀬々の網代木」の下の句です。ほのぼのと夜が明ける頃、宇治川の川霧が絶え絶えに晴れて、次々と現れてくる瀬ごとの網代木の景色よ。"
        },
        {
          "text": "恋に朽ちなむ 名こそ惜しけれ",
          "explanation": ""
        },
        {
          "text": "花よりほかに 知る人もなし",
          "explanation": "これは66番・前大僧正行尊の歌「もろともに あはれと思へ 山桜 花よりほかに 知る人もなし」の下の句です。一緒にしみじみと愛おしいと思ってくれ、山桜よ。花のほかには私を知る人もいないのだから。"
        },
        {
          "text": "かひなく立たむ 名こそ惜しけれ",
          "explanation": "これは67番・周防内侍の歌「春の夜の 夢ばかりなる 手枕に かひなく立たむ 名こそ惜しけれ」の下の句です。春の夜の夢のようにはかない手枕のために、つまらない浮き名が立つのは惜しいことだ。"
        },
        {
          "text": "恋しかるべき 夜半の月かな",
          "explanation": "これは68番・三条院の歌「心にも あらでうき世に ながらへば 恋しかるべき 夜半の月かな」の下の句です。心ならずもこのつらい世に生き長らえたならば、きっと恋しく思い出されるだろう、この夜半の月よ。"
        },
        {
          "text": "竜田の川の 錦なりけり",
          "explanation": "これは69番・能因法師の歌「嵐吹く 三室の山の もみぢ葉は 竜田の川の 錦なりけり」の下の句です。嵐が吹き散らす三室の山の紅葉は、竜田川の水面を錦のように美しく彩っていたのだ。"
        },
        {
          "text": "いづこも同じ 秋の夕暮れ",
          "explanation": "これは70番・良暹法師の歌「さびしさに 宿を立ち出でて ながむれば いづこも同じ 秋の夕暮れ」の下の句です。さびしさに堪えかねて家を出て眺めると、どこも同じようにさびしい秋の夕暮れであった。"
        }
      ],
      "correctAnswer": "恋に朽ちなむ 名こそ惜しけれ",
      "tags": null
    },
    {
      "question": "もろともに あはれと思へ 山桜",
      "explanation": "「もろともに あはれと思へ 山桜 花よりほかに 知る人もなし」66番・前大僧正行尊の歌。一緒にしみじみと愛おしいと思ってくれ、山桜よ。花のほかには私を知る人もいないのだから。",
      "wordMeanings": {
        "もろともに": "一緒に",
        "あはれと思へ": "しみじみと思ってくれ",
        "山桜": "山桜よ",
        "花よりほかに": "花のほかに",
        "知る人もなし": "知る人もいない"
      },
      "choices": [
        {
          "text": "けふ九重に にほひぬるかな",
          "explanation": "これは61番・伊勢大輔の歌「いにしへの 奈良の都の 八重桜 けふ九重に にほひぬるかな」の下の句です。昔の奈良の都で咲いた八重桜が、今日はこの宮中の九重で美しく咲き誇っていることだ。"
        },
        {
          "text": "よに逢坂の 関はゆるさじ",
          "explanation": "これは62番・清少納言の歌「夜をこめて 鳥のそらねは はかるとも よに逢坂の 関はゆるさじ」の下の句です。夜がまだ明けないうちに鶏の鳴き真似で関を開けさせようとだましても、逢坂の関は決して開けませんよ。"
        },
        {
          "text": "人づてならで 言ふよしもがな",
          "explanation": "これは63番・左京大夫道雅の歌「今はただ 思ひ絶えなむ とばかりを 人づてならで 言ふよしもがな」の下の句です。今はただ、思いを絶ちましょうということだけでも、人づてではなく直接会ってお伝えしたいものだ。"
        },
        {
          "text": "あらはれわたる 瀬々の網代木",
          "explanation": "これは64番・権中納言定頼の歌「朝ぼらけ 宇治の川霧 たえだえに あらはれわたる 瀬々の網代木」の下の句です。ほのぼのと夜が明ける頃、宇治川の川霧が絶え絶えに晴れて、次々と現れてくる瀬ごとの網代木の景色よ。"
        },
        {
          "text": "恋に朽ちなむ 名こそ惜しけれ",
          "explanation": "これは65番・相模の歌「恨みわび ほさぬ袖だに あるものを 恋に朽ちなむ 名こそ惜しけれ」の下の句です。恨み続けて涙で乾かない袖でさえつらいのに、その上恋のために朽ちてしまうであろう我が名こそ惜しい。"
        },
        {
          "text": "花よりほかに 知る人もなし",
          "explanation": ""
        },
        {
          "text": "かひなく立たむ 名こそ惜しけれ",
          "explanation": "これは67番・周防内侍の歌「春の夜の 夢ばかりなる 手枕に かひなく立たむ 名こそ惜しけれ」の下の句です。春の夜の夢のようにはかない手枕のために、つまらない浮き名が立つのは惜しいことだ。"
        },
        {
          "text": "恋しかるべき 夜半の月かな",
          "explanation": "これは68番・三条院の歌「心にも あらでうき世に ながらへば 恋しかるべき 夜半の月かな」の下の句です。心ならずもこのつらい世に生き長らえたならば、きっと恋しく思い出されるだろう、この夜半の月よ。"
        },
        {
          "text": "竜田の川の 錦なりけり",
          "explanation": "これは69番・能因法師の歌「嵐吹く 三室の山の もみぢ葉は 竜田の川の 錦なりけり」の下の句です。嵐が吹き散らす三室の山の紅葉は、竜田川の水面を錦のように美しく彩っていたのだ。"
        },
        {
          "text": "いづこも同じ 秋の夕暮れ",
          "explanation": "これは70番・良暹法師の歌「さびしさに 宿を立ち出でて ながむれば いづこも同じ 秋の夕暮れ」の下の句です。さびしさに堪えかねて家を出て眺めると、どこも同じようにさびしい秋の夕暮れであった。"
        }
      ],
      "correctAnswer": "花よりほかに 知る人もなし",
      "tags": null
    },
    {
      "question": "春の夜の 夢ばかりなる 手枕に",
      "explanation": "「春の夜の 夢ばかりなる 手枕に かひなく立たむ 名こそ惜しけれ」67番・周防内侍の歌。春の夜の夢のようにはかない手枕のために、つまらない浮き名が立つのは惜しいことだ。",
      "wordMeanings": {
        "春の夜の": "春の夜の",
        "夢ばかりなる": "夢のようにはかない",
        "手枕に": "手枕のせいで",
        "かひなく立たむ": "甲斐なく（腕の掛詞）立つだろう",
        "名こそ惜しけれ": "浮き名こそ惜しい"
      },
      "choices": [
        {
          "text": "けふ九重に にほひぬるかな",
          "explanation": "これは61番・伊勢大輔の歌「いにしへの 奈良の都の 八重桜 けふ九重に にほひぬるかな」の下の句です。昔の奈良の都で咲いた八重桜が、今日はこの宮中の九重で美しく咲き誇っていることだ。"
        },
        {
          "text": "よに逢坂の 関はゆるさじ",
          "explanation": "これは62番・清少納言の歌「夜をこめて 鳥のそらねは はかるとも よに逢坂の 関はゆるさじ」の下の句です。夜がまだ明けないうちに鶏の鳴き真似で関を開けさせようとだましても、逢坂の関は決して開けませんよ。"
        },
        {
          "text": "人づてならで 言ふよしもがな",
          "explanation": "これは63番・左京大夫道雅の歌「今はただ 思ひ絶えなむ とばかりを 人づてならで 言ふよしもがな」の下の句です。今はただ、思いを絶ちましょうということだけでも、人づてではなく直接会ってお伝えしたいものだ。"
        },
        {
          "text": "あらはれわたる 瀬々の網代木",
          "explanation": "これは64番・権中納言定頼の歌「朝ぼらけ 宇治の川霧 たえだえに あらはれわたる 瀬々の網代木」の下の句です。ほのぼのと夜が明ける頃、宇治川の川霧が絶え絶えに晴れて、次々と現れてくる瀬ごとの網代木の景色よ。"
        },
        {
          "text": "恋に朽ちなむ 名こそ惜しけれ",
          "explanation": "これは65番・相模の歌「恨みわび ほさぬ袖だに あるものを 恋に朽ちなむ 名こそ惜しけれ」の下の句です。恨み続けて涙で乾かない袖でさえつらいのに、その上恋のために朽ちてしまうであろう我が名こそ惜しい。"
        },
        {
          "text": "花よりほかに 知る人もなし",
          "explanation": "これは66番・前大僧正行尊の歌「もろともに あはれと思へ 山桜 花よりほかに 知る人もなし」の下の句です。一緒にしみじみと愛おしいと思ってくれ、山桜よ。花のほかには私を知る人もいないのだから。"
        },
        {
          "text": "かひなく立たむ 名こそ惜しけれ",
          "explanation": ""
        },
        {
          "text": "恋しかるべき 夜半の月かな",
          "explanation": "これは68番・三条院の歌「心にも あらでうき世に ながらへば 恋しかるべき 夜半の月かな」の下の句です。心ならずもこのつらい世に生き長らえたならば、きっと恋しく思い出されるだろう、この夜半の月よ。"
        },
        {
          "text": "竜田の川の 錦なりけり",
          "explanation": "これは69番・能因法師の歌「嵐吹く 三室の山の もみぢ葉は 竜田の川の 錦なりけり」の下の句です。嵐が吹き散らす三室の山の紅葉は、竜田川の水面を錦のように美しく彩っていたのだ。"
        },
        {
          "text": "いづこも同じ 秋の夕暮れ",
          "explanation": "これは70番・良暹法師の歌「さびしさに 宿を立ち出でて ながむれば いづこも同じ 秋の夕暮れ」の下の句です。さびしさに堪えかねて家を出て眺めると、どこも同じようにさびしい秋の夕暮れであった。"
        }
      ],
      "correctAnswer": "かひなく立たむ 名こそ惜しけれ",
      "tags": null
    },
    {
      "question": "心にも あらでうき世に ながらへば",
      "explanation": "「心にも あらでうき世に ながらへば 恋しかるべき 夜半の月かな」68番・三条院の歌。心ならずもこのつらい世に生き長らえたならば、きっと恋しく思い出されるだろう、この夜半の月よ。",
      "wordMeanings": {
        "心にも": "心にも",
        "あらでうき世に": "本意ではなくこの辛い世に",
        "ながらへば": "生き長らえたなら",
        "恋しかるべき": "恋しく思われるだろう",
        "夜半の月かな": "夜半の月であるなあ"
      },
      "choices": [
        {
          "text": "けふ九重に にほひぬるかな",
          "explanation": "これは61番・伊勢大輔の歌「いにしへの 奈良の都の 八重桜 けふ九重に にほひぬるかな」の下の句です。昔の奈良の都で咲いた八重桜が、今日はこの宮中の九重で美しく咲き誇っていることだ。"
        },
        {
          "text": "よに逢坂の 関はゆるさじ",
          "explanation": "これは62番・清少納言の歌「夜をこめて 鳥のそらねは はかるとも よに逢坂の 関はゆるさじ」の下の句です。夜がまだ明けないうちに鶏の鳴き真似で関を開けさせようとだましても、逢坂の関は決して開けませんよ。"
        },
        {
          "text": "人づてならで 言ふよしもがな",
          "explanation": "これは63番・左京大夫道雅の歌「今はただ 思ひ絶えなむ とばかりを 人づてならで 言ふよしもがな」の下の句です。今はただ、思いを絶ちましょうということだけでも、人づてではなく直接会ってお伝えしたいものだ。"
        },
        {
          "text": "あらはれわたる 瀬々の網代木",
          "explanation": "これは64番・権中納言定頼の歌「朝ぼらけ 宇治の川霧 たえだえに あらはれわたる 瀬々の網代木」の下の句です。ほのぼのと夜が明ける頃、宇治川の川霧が絶え絶えに晴れて、次々と現れてくる瀬ごとの網代木の景色よ。"
        },
        {
          "text": "恋に朽ちなむ 名こそ惜しけれ",
          "explanation": "これは65番・相模の歌「恨みわび ほさぬ袖だに あるものを 恋に朽ちなむ 名こそ惜しけれ」の下の句です。恨み続けて涙で乾かない袖でさえつらいのに、その上恋のために朽ちてしまうであろう我が名こそ惜しい。"
        },
        {
          "text": "花よりほかに 知る人もなし",
          "explanation": "これは66番・前大僧正行尊の歌「もろともに あはれと思へ 山桜 花よりほかに 知る人もなし」の下の句です。一緒にしみじみと愛おしいと思ってくれ、山桜よ。花のほかには私を知る人もいないのだから。"
        },
        {
          "text": "かひなく立たむ 名こそ惜しけれ",
          "explanation": "これは67番・周防内侍の歌「春の夜の 夢ばかりなる 手枕に かひなく立たむ 名こそ惜しけれ」の下の句です。春の夜の夢のようにはかない手枕のために、つまらない浮き名が立つのは惜しいことだ。"
        },
        {
          "text": "恋しかるべき 夜半の月かな",
          "explanation": ""
        },
        {
          "text": "竜田の川の 錦なりけり",
          "explanation": "これは69番・能因法師の歌「嵐吹く 三室の山の もみぢ葉は 竜田の川の 錦なりけり」の下の句です。嵐が吹き散らす三室の山の紅葉は、竜田川の水面を錦のように美しく彩っていたのだ。"
        },
        {
          "text": "いづこも同じ 秋の夕暮れ",
          "explanation": "これは70番・良暹法師の歌「さびしさに 宿を立ち出でて ながむれば いづこも同じ 秋の夕暮れ」の下の句です。さびしさに堪えかねて家を出て眺めると、どこも同じようにさびしい秋の夕暮れであった。"
        }
      ],
      "correctAnswer": "恋しかるべき 夜半の月かな",
      "tags": null
    },
    {
      "question": "嵐吹く 三室の山の もみぢ葉は",
      "explanation": "「嵐吹く 三室の山の もみぢ葉は 竜田の川の 錦なりけり」69番・能因法師の歌。嵐が吹き散らす三室の山の紅葉は、竜田川の水面を錦のように美しく彩っていたのだ。",
      "wordMeanings": {
        "嵐吹く": "嵐が吹く",
        "三室の山の": "三室の山の",
        "もみぢ葉は": "紅葉の葉は",
        "竜田の川の": "竜田川の",
        "錦なりけり": "錦であったよ"
      },
      "choices": [
        {
          "text": "けふ九重に にほひぬるかな",
          "explanation": "これは61番・伊勢大輔の歌「いにしへの 奈良の都の 八重桜 けふ九重に にほひぬるかな」の下の句です。昔の奈良の都で咲いた八重桜が、今日はこの宮中の九重で美しく咲き誇っていることだ。"
        },
        {
          "text": "よに逢坂の 関はゆるさじ",
          "explanation": "これは62番・清少納言の歌「夜をこめて 鳥のそらねは はかるとも よに逢坂の 関はゆるさじ」の下の句です。夜がまだ明けないうちに鶏の鳴き真似で関を開けさせようとだましても、逢坂の関は決して開けませんよ。"
        },
        {
          "text": "人づてならで 言ふよしもがな",
          "explanation": "これは63番・左京大夫道雅の歌「今はただ 思ひ絶えなむ とばかりを 人づてならで 言ふよしもがな」の下の句です。今はただ、思いを絶ちましょうということだけでも、人づてではなく直接会ってお伝えしたいものだ。"
        },
        {
          "text": "あらはれわたる 瀬々の網代木",
          "explanation": "これは64番・権中納言定頼の歌「朝ぼらけ 宇治の川霧 たえだえに あらはれわたる 瀬々の網代木」の下の句です。ほのぼのと夜が明ける頃、宇治川の川霧が絶え絶えに晴れて、次々と現れてくる瀬ごとの網代木の景色よ。"
        },
        {
          "text": "恋に朽ちなむ 名こそ惜しけれ",
          "explanation": "これは65番・相模の歌「恨みわび ほさぬ袖だに あるものを 恋に朽ちなむ 名こそ惜しけれ」の下の句です。恨み続けて涙で乾かない袖でさえつらいのに、その上恋のために朽ちてしまうであろう我が名こそ惜しい。"
        },
        {
          "text": "花よりほかに 知る人もなし",
          "explanation": "これは66番・前大僧正行尊の歌「もろともに あはれと思へ 山桜 花よりほかに 知る人もなし」の下の句です。一緒にしみじみと愛おしいと思ってくれ、山桜よ。花のほかには私を知る人もいないのだから。"
        },
        {
          "text": "かひなく立たむ 名こそ惜しけれ",
          "explanation": "これは67番・周防内侍の歌「春の夜の 夢ばかりなる 手枕に かひなく立たむ 名こそ惜しけれ」の下の句です。春の夜の夢のようにはかない手枕のために、つまらない浮き名が立つのは惜しいことだ。"
        },
        {
          "text": "恋しかるべき 夜半の月かな",
          "explanation": "これは68番・三条院の歌「心にも あらでうき世に ながらへば 恋しかるべき 夜半の月かな」の下の句です。心ならずもこのつらい世に生き長らえたならば、きっと恋しく思い出されるだろう、この夜半の月よ。"
        },
        {
          "text": "竜田の川の 錦なりけり",
          "explanation": ""
        },
        {
          "text": "いづこも同じ 秋の夕暮れ",
          "explanation": "これは70番・良暹法師の歌「さびしさに 宿を立ち出でて ながむれば いづこも同じ 秋の夕暮れ」の下の句です。さびしさに堪えかねて家を出て眺めると、どこも同じようにさびしい秋の夕暮れであった。"
        }
      ],
      "correctAnswer": "竜田の川の 錦なりけり",
      "tags": null
    },
    {
      "question": "さびしさに 宿を立ち出でて ながむれば",
      "explanation": "「さびしさに 宿を立ち出でて ながむれば いづこも同じ 秋の夕暮れ」70番・良暹法師の歌。さびしさに堪えかねて家を出て眺めると、どこも同じようにさびしい秋の夕暮れであった。",
      "wordMeanings": {
        "さびしさに": "さびしさに",
        "宿を立ち出でて": "家を出て",
        "ながむれば": "眺めると",
        "いづこも同じ": "どこも同じ",
        "秋の夕暮れ": "秋の夕暮れだ"
      },
      "choices": [
        {
          "text": "けふ九重に にほひぬるかな",
          "explanation": "これは61番・伊勢大輔の歌「いにしへの 奈良の都の 八重桜 けふ九重に にほひぬるかな」の下の句です。昔の奈良の都で咲いた八重桜が、今日はこの宮中の九重で美しく咲き誇っていることだ。"
        },
        {
          "text": "よに逢坂の 関はゆるさじ",
          "explanation": "これは62番・清少納言の歌「夜をこめて 鳥のそらねは はかるとも よに逢坂の 関はゆるさじ」の下の句です。夜がまだ明けないうちに鶏の鳴き真似で関を開けさせようとだましても、逢坂の関は決して開けませんよ。"
        },
        {
          "text": "人づてならで 言ふよしもがな",
          "explanation": "これは63番・左京大夫道雅の歌「今はただ 思ひ絶えなむ とばかりを 人づてならで 言ふよしもがな」の下の句です。今はただ、思いを絶ちましょうということだけでも、人づてではなく直接会ってお伝えしたいものだ。"
        },
        {
          "text": "あらはれわたる 瀬々の網代木",
          "explanation": "これは64番・権中納言定頼の歌「朝ぼらけ 宇治の川霧 たえだえに あらはれわたる 瀬々の網代木」の下の句です。ほのぼのと夜が明ける頃、宇治川の川霧が絶え絶えに晴れて、次々と現れてくる瀬ごとの網代木の景色よ。"
        },
        {
          "text": "恋に朽ちなむ 名こそ惜しけれ",
          "explanation": "これは65番・相模の歌「恨みわび ほさぬ袖だに あるものを 恋に朽ちなむ 名こそ惜しけれ」の下の句です。恨み続けて涙で乾かない袖でさえつらいのに、その上恋のために朽ちてしまうであろう我が名こそ惜しい。"
        },
        {
          "text": "花よりほかに 知る人もなし",
          "explanation": "これは66番・前大僧正行尊の歌「もろともに あはれと思へ 山桜 花よりほかに 知る人もなし」の下の句です。一緒にしみじみと愛おしいと思ってくれ、山桜よ。花のほかには私を知る人もいないのだから。"
        },
        {
          "text": "かひなく立たむ 名こそ惜しけれ",
          "explanation": "これは67番・周防内侍の歌「春の夜の 夢ばかりなる 手枕に かひなく立たむ 名こそ惜しけれ」の下の句です。春の夜の夢のようにはかない手枕のために、つまらない浮き名が立つのは惜しいことだ。"
        },
        {
          "text": "恋しかるべき 夜半の月かな",
          "explanation": "これは68番・三条院の歌「心にも あらでうき世に ながらへば 恋しかるべき 夜半の月かな」の下の句です。心ならずもこのつらい世に生き長らえたならば、きっと恋しく思い出されるだろう、この夜半の月よ。"
        },
        {
          "text": "竜田の川の 錦なりけり",
          "explanation": "これは69番・能因法師の歌「嵐吹く 三室の山の もみぢ葉は 竜田の川の 錦なりけり」の下の句です。嵐が吹き散らす三室の山の紅葉は、竜田川の水面を錦のように美しく彩っていたのだ。"
        },
        {
          "text": "いづこも同じ 秋の夕暮れ",
          "explanation": ""
        }
      ],
      "correctAnswer": "いづこも同じ 秋の夕暮れ",
      "tags": null
    }
  ]
}
