{
  "key": "hyakunin11to20",
  "displayName": "百人一首(11-20)",
  "questions": [
    {
      "question": "わたの原 八十島かけて 漕ぎ出でぬと",
      "explanation": "「わたの原 八十島かけて 漕ぎ出でぬと 人には告げよ 海人の釣舟」11番・参議篁の歌。大海原を多くの島々を目指して漕ぎ出していったと、都にいる人に伝えてくれ、漁師の釣り舟よ。",
      "wordMeanings": {
        "わたの原": "大海原を",
        "八十島かけて": "たくさんの島を目指して",
        "漕ぎ出でぬと": "漕ぎ出していったと",
        "人には告げよ": "都の人に伝えてくれ",
        "海人の釣舟": "漁師の釣り舟よ"
      },
      "choices": [
        {
          "text": "人には告げよ 海人の釣舟",
          "explanation": ""
        },
        {
          "text": "をとめの姿 しばしとどめむ",
          "explanation": "これは12番・僧正遍昭の歌「天つ風 雲のかよひ路 吹きとぢよ をとめの姿 しばしとどめむ」の下の句です。天を吹く風よ、雲の中の通り道を吹き閉じてくれ。天女のように美しい舞姫の姿をもうしばらくとどめておきたい。"
        },
        {
          "text": "恋ぞつもりて 淵となりぬる",
          "explanation": "これは13番・陽成院の歌「筑波嶺の みねより落つる 男女川 恋ぞつもりて 淵となりぬる」の下の句です。筑波山の峰から流れ落ちる男女川が次第に深い淵となるように、私の恋心も積もり積もって深い淵のようになった。"
        },
        {
          "text": "乱れそめにし われならなくに",
          "explanation": "これは14番・河原左大臣の歌「みちのくの しのぶもぢずり 誰ゆゑに 乱れそめにし われならなくに」の下の句です。陸奥のしのぶもじずりの乱れ模様のように心が乱れ始めたのは、ほかの誰のせいでもない、あなたのせいなのに。"
        },
        {
          "text": "わが衣手に 雪は降りつつ",
          "explanation": "これは15番・光孝天皇の歌「君がため 春の野に出でて 若菜つむ わが衣手に 雪は降りつつ」の下の句です。あなたのために春の野に出て若菜を摘んでいると、私の袖に雪が降りかかっている。"
        },
        {
          "text": "まつとし聞かば 今帰り来む",
          "explanation": "これは16番・中納言行平の歌「立ち別れ いなばの山の 峰に生ふる まつとし聞かば 今帰り来む」の下の句です。お別れして因幡の国へ行きますが、因幡の山の峰に生える松のように待っていると聞いたなら、すぐに帰って来ましょう。"
        },
        {
          "text": "からくれなゐに 水くくるとは",
          "explanation": "これは17番・在原業平朝臣の歌「ちはやぶる 神代も聞かず 竜田川 からくれなゐに 水くくるとは」の下の句です。神代の昔にも聞いたことがない。竜田川の水を紅色にくくり染めにするとは。"
        },
        {
          "text": "夢の通ひ路 人目よくらむ",
          "explanation": "これは18番・藤原敏行朝臣の歌「住の江の 岸による波 よるさへや 夢の通ひ路 人目よくらむ」の下の句です。住之江の岸に寄る波のように夜になれば夢の通い路で逢えるはずなのに、なぜ夢の中まで人目を避けるのだろう。"
        },
        {
          "text": "あはでこのよを 過ぐしてよとや",
          "explanation": "これは19番・伊勢の歌「難波潟 みじかき蘆の ふしの間も あはでこのよを 過ぐしてよとや」の下の句です。難波潟の短い蘆の節と節の間のようなわずかな間も逢わずに、この世を過ごせというのか。"
        },
        {
          "text": "みをつくしても 逢はむとぞ思ふ",
          "explanation": "これは20番・元良親王の歌「わびぬれば 今はた同じ 難波なる みをつくしても 逢はむとぞ思ふ」の下の句です。これほどつらい思いをしているのだから、今はもう同じこと。難波の澪標のように身を尽くしても逢いたいと思う。"
        }
      ],
      "correctAnswer": "人には告げよ 海人の釣舟",
      "tags": null
    },
    {
      "question": "天つ風 雲のかよひ路 吹きとぢよ",
      "explanation": "「天つ風 雲のかよひ路 吹きとぢよ をとめの姿 しばしとどめむ」12番・僧正遍昭の歌。天を吹く風よ、雲の中の通り道を吹き閉じてくれ。天女のように美しい舞姫の姿をもうしばらくとどめておきたい。",
      "wordMeanings": {
        "天つ風": "天を吹く風よ",
        "雲のかよひ路": "雲の中の通い路を",
        "吹きとぢよ": "吹き閉じてくれ",
        "をとめの姿": "乙女（天女・舞姫）の姿を",
        "しばしとどめむ": "しばらくとどめておこう"
      },
      "choices": [
        {
          "text": "人には告げよ 海人の釣舟",
          "explanation": "これは11番・参議篁の歌「わたの原 八十島かけて 漕ぎ出でぬと 人には告げよ 海人の釣舟」の下の句です。大海原を多くの島々を目指して漕ぎ出していったと、都にいる人に伝えてくれ、漁師の釣り舟よ。"
        },
        {
          "text": "をとめの姿 しばしとどめむ",
          "explanation": ""
        },
        {
          "text": "恋ぞつもりて 淵となりぬる",
          "explanation": "これは13番・陽成院の歌「筑波嶺の みねより落つる 男女川 恋ぞつもりて 淵となりぬる」の下の句です。筑波山の峰から流れ落ちる男女川が次第に深い淵となるように、私の恋心も積もり積もって深い淵のようになった。"
        },
        {
          "text": "乱れそめにし われならなくに",
          "explanation": "これは14番・河原左大臣の歌「みちのくの しのぶもぢずり 誰ゆゑに 乱れそめにし われならなくに」の下の句です。陸奥のしのぶもじずりの乱れ模様のように心が乱れ始めたのは、ほかの誰のせいでもない、あなたのせいなのに。"
        },
        {
          "text": "わが衣手に 雪は降りつつ",
          "explanation": "これは15番・光孝天皇の歌「君がため 春の野に出でて 若菜つむ わが衣手に 雪は降りつつ」の下の句です。あなたのために春の野に出て若菜を摘んでいると、私の袖に雪が降りかかっている。"
        },
        {
          "text": "まつとし聞かば 今帰り来む",
          "explanation": "これは16番・中納言行平の歌「立ち別れ いなばの山の 峰に生ふる まつとし聞かば 今帰り来む」の下の句です。お別れして因幡の国へ行きますが、因幡の山の峰に生える松のように待っていると聞いたなら、すぐに帰って来ましょう。"
        },
        {
          "text": "からくれなゐに 水くくるとは",
          "explanation": "これは17番・在原業平朝臣の歌「ちはやぶる 神代も聞かず 竜田川 からくれなゐに 水くくるとは」の下の句です。神代の昔にも聞いたことがない。竜田川の水を紅色にくくり染めにするとは。"
        },
        {
          "text": "夢の通ひ路 人目よくらむ",
          "explanation": "これは18番・藤原敏行朝臣の歌「住の江の 岸による波 よるさへや 夢の通ひ路 人目よくらむ」の下の句です。住之江の岸に寄る波のように夜になれば夢の通い路で逢えるはずなのに、なぜ夢の中まで人目を避けるのだろう。"
        },
        {
          "text": "あはでこのよを 過ぐしてよとや",
          "explanation": "これは19番・伊勢の歌「難波潟 みじかき蘆の ふしの間も あはでこのよを 過ぐしてよとや」の下の句です。難波潟の短い蘆の節と節の間のようなわずかな間も逢わずに、この世を過ごせというのか。"
        },
        {
          "text": "みをつくしても 逢はむとぞ思ふ",
          "explanation": "これは20番・元良親王の歌「わびぬれば 今はた同じ 難波なる みをつくしても 逢はむとぞ思ふ」の下の句です。これほどつらい思いをしているのだから、今はもう同じこと。難波の澪標のように身を尽くしても逢いたいと思う。"
        }
      ],
      "correctAnswer": "をとめの姿 しばしとどめむ",
      "tags": null
    },
    {
      "question": "筑波嶺の みねより落つる 男女川",
      "explanation": "「筑波嶺の みねより落つる 男女川 恋ぞつもりて 淵となりぬる」13番・陽成院の歌。筑波山の峰から流れ落ちる男女川が次第に深い淵となるように、私の恋心も積もり積もって深い淵のようになった。",
      "wordMeanings": {
        "筑波嶺の": "筑波山の",
        "みねより落つる": "峰から流れ落ちる",
        "男女川": "みなの川（男体山と女体山の間を流れる川）",
        "恋ぞつもりて": "恋が積もって",
        "淵となりぬる": "深い淵となった"
      },
      "choices": [
        {
          "text": "人には告げよ 海人の釣舟",
          "explanation": "これは11番・参議篁の歌「わたの原 八十島かけて 漕ぎ出でぬと 人には告げよ 海人の釣舟」の下の句です。大海原を多くの島々を目指して漕ぎ出していったと、都にいる人に伝えてくれ、漁師の釣り舟よ。"
        },
        {
          "text": "をとめの姿 しばしとどめむ",
          "explanation": "これは12番・僧正遍昭の歌「天つ風 雲のかよひ路 吹きとぢよ をとめの姿 しばしとどめむ」の下の句です。天を吹く風よ、雲の中の通り道を吹き閉じてくれ。天女のように美しい舞姫の姿をもうしばらくとどめておきたい。"
        },
        {
          "text": "恋ぞつもりて 淵となりぬる",
          "explanation": ""
        },
        {
          "text": "乱れそめにし われならなくに",
          "explanation": "これは14番・河原左大臣の歌「みちのくの しのぶもぢずり 誰ゆゑに 乱れそめにし われならなくに」の下の句です。陸奥のしのぶもじずりの乱れ模様のように心が乱れ始めたのは、ほかの誰のせいでもない、あなたのせいなのに。"
        },
        {
          "text": "わが衣手に 雪は降りつつ",
          "explanation": "これは15番・光孝天皇の歌「君がため 春の野に出でて 若菜つむ わが衣手に 雪は降りつつ」の下の句です。あなたのために春の野に出て若菜を摘んでいると、私の袖に雪が降りかかっている。"
        },
        {
          "text": "まつとし聞かば 今帰り来む",
          "explanation": "これは16番・中納言行平の歌「立ち別れ いなばの山の 峰に生ふる まつとし聞かば 今帰り来む」の下の句です。お別れして因幡の国へ行きますが、因幡の山の峰に生える松のように待っていると聞いたなら、すぐに帰って来ましょう。"
        },
        {
          "text": "からくれなゐに 水くくるとは",
          "explanation": "これは17番・在原業平朝臣の歌「ちはやぶる 神代も聞かず 竜田川 からくれなゐに 水くくるとは」の下の句です。神代の昔にも聞いたことがない。竜田川の水を紅色にくくり染めにするとは。"
        },
        {
          "text": "夢の通ひ路 人目よくらむ",
          "explanation": "これは18番・藤原敏行朝臣の歌「住の江の 岸による波 よるさへや 夢の通ひ路 人目よくらむ」の下の句です。住之江の岸に寄る波のように夜になれば夢の通い路で逢えるはずなのに、なぜ夢の中まで人目を避けるのだろう。"
        },
        {
          "text": "あはでこのよを 過ぐしてよとや",
          "explanation": "これは19番・伊勢の歌「難波潟 みじかき蘆の ふしの間も あはでこのよを 過ぐしてよとや」の下の句です。難波潟の短い蘆の節と節の間のようなわずかな間も逢わずに、この世を過ごせというのか。"
        },
        {
          "text": "みをつくしても 逢はむとぞ思ふ",
          "explanation": "これは20番・元良親王の歌「わびぬれば 今はた同じ 難波なる みをつくしても 逢はむとぞ思ふ」の下の句です。これほどつらい思いをしているのだから、今はもう同じこと。難波の澪標のように身を尽くしても逢いたいと思う。"
        }
      ],
      "correctAnswer": "恋ぞつもりて 淵となりぬる",
      "tags": null
    },
    {
      "question": "みちのくの しのぶもぢずり 誰ゆゑに",
      "explanation": "「みちのくの しのぶもぢずり 誰ゆゑに 乱れそめにし われならなくに」14番・河原左大臣の歌。陸奥のしのぶもじずりの乱れ模様のように心が乱れ始めたのは、ほかの誰のせいでもない、あなたのせいなのに。",
      "wordMeanings": {
        "みちのくの": "陸奥（東北地方）の",
        "しのぶもぢずり": "忍ぶ摺り（乱れ模様の布）",
        "誰ゆゑに": "誰のせいで",
        "乱れそめにし": "乱れ始めた",
        "われならなくに": "私ではないのに（あなたのせいだ）"
      },
      "choices": [
        {
          "text": "人には告げよ 海人の釣舟",
          "explanation": "これは11番・参議篁の歌「わたの原 八十島かけて 漕ぎ出でぬと 人には告げよ 海人の釣舟」の下の句です。大海原を多くの島々を目指して漕ぎ出していったと、都にいる人に伝えてくれ、漁師の釣り舟よ。"
        },
        {
          "text": "をとめの姿 しばしとどめむ",
          "explanation": "これは12番・僧正遍昭の歌「天つ風 雲のかよひ路 吹きとぢよ をとめの姿 しばしとどめむ」の下の句です。天を吹く風よ、雲の中の通り道を吹き閉じてくれ。天女のように美しい舞姫の姿をもうしばらくとどめておきたい。"
        },
        {
          "text": "恋ぞつもりて 淵となりぬる",
          "explanation": "これは13番・陽成院の歌「筑波嶺の みねより落つる 男女川 恋ぞつもりて 淵となりぬる」の下の句です。筑波山の峰から流れ落ちる男女川が次第に深い淵となるように、私の恋心も積もり積もって深い淵のようになった。"
        },
        {
          "text": "乱れそめにし われならなくに",
          "explanation": ""
        },
        {
          "text": "わが衣手に 雪は降りつつ",
          "explanation": "これは15番・光孝天皇の歌「君がため 春の野に出でて 若菜つむ わが衣手に 雪は降りつつ」の下の句です。あなたのために春の野に出て若菜を摘んでいると、私の袖に雪が降りかかっている。"
        },
        {
          "text": "まつとし聞かば 今帰り来む",
          "explanation": "これは16番・中納言行平の歌「立ち別れ いなばの山の 峰に生ふる まつとし聞かば 今帰り来む」の下の句です。お別れして因幡の国へ行きますが、因幡の山の峰に生える松のように待っていると聞いたなら、すぐに帰って来ましょう。"
        },
        {
          "text": "からくれなゐに 水くくるとは",
          "explanation": "これは17番・在原業平朝臣の歌「ちはやぶる 神代も聞かず 竜田川 からくれなゐに 水くくるとは」の下の句です。神代の昔にも聞いたことがない。竜田川の水を紅色にくくり染めにするとは。"
        },
        {
          "text": "夢の通ひ路 人目よくらむ",
          "explanation": "これは18番・藤原敏行朝臣の歌「住の江の 岸による波 よるさへや 夢の通ひ路 人目よくらむ」の下の句です。住之江の岸に寄る波のように夜になれば夢の通い路で逢えるはずなのに、なぜ夢の中まで人目を避けるのだろう。"
        },
        {
          "text": "あはでこのよを 過ぐしてよとや",
          "explanation": "これは19番・伊勢の歌「難波潟 みじかき蘆の ふしの間も あはでこのよを 過ぐしてよとや」の下の句です。難波潟の短い蘆の節と節の間のようなわずかな間も逢わずに、この世を過ごせというのか。"
        },
        {
          "text": "みをつくしても 逢はむとぞ思ふ",
          "explanation": "これは20番・元良親王の歌「わびぬれば 今はた同じ 難波なる みをつくしても 逢はむとぞ思ふ」の下の句です。これほどつらい思いをしているのだから、今はもう同じこと。難波の澪標のように身を尽くしても逢いたいと思う。"
        }
      ],
      "correctAnswer": "乱れそめにし われならなくに",
      "tags": null
    },
    {
      "question": "君がため 春の野に出でて 若菜つむ",
      "explanation": "「君がため 春の野に出でて 若菜つむ わが衣手に 雪は降りつつ」15番・光孝天皇の歌。あなたのために春の野に出て若菜を摘んでいると、私の袖に雪が降りかかっている。",
      "wordMeanings": {
        "君がため": "あなたのために",
        "春の野に出でて": "春の野原に出て",
        "若菜つむ": "若菜を摘んでいると",
        "わが衣手に": "私の袖に",
        "雪は降りつつ": "雪が降りかかっている"
      },
      "choices": [
        {
          "text": "人には告げよ 海人の釣舟",
          "explanation": "これは11番・参議篁の歌「わたの原 八十島かけて 漕ぎ出でぬと 人には告げよ 海人の釣舟」の下の句です。大海原を多くの島々を目指して漕ぎ出していったと、都にいる人に伝えてくれ、漁師の釣り舟よ。"
        },
        {
          "text": "をとめの姿 しばしとどめむ",
          "explanation": "これは12番・僧正遍昭の歌「天つ風 雲のかよひ路 吹きとぢよ をとめの姿 しばしとどめむ」の下の句です。天を吹く風よ、雲の中の通り道を吹き閉じてくれ。天女のように美しい舞姫の姿をもうしばらくとどめておきたい。"
        },
        {
          "text": "恋ぞつもりて 淵となりぬる",
          "explanation": "これは13番・陽成院の歌「筑波嶺の みねより落つる 男女川 恋ぞつもりて 淵となりぬる」の下の句です。筑波山の峰から流れ落ちる男女川が次第に深い淵となるように、私の恋心も積もり積もって深い淵のようになった。"
        },
        {
          "text": "乱れそめにし われならなくに",
          "explanation": "これは14番・河原左大臣の歌「みちのくの しのぶもぢずり 誰ゆゑに 乱れそめにし われならなくに」の下の句です。陸奥のしのぶもじずりの乱れ模様のように心が乱れ始めたのは、ほかの誰のせいでもない、あなたのせいなのに。"
        },
        {
          "text": "わが衣手に 雪は降りつつ",
          "explanation": ""
        },
        {
          "text": "まつとし聞かば 今帰り来む",
          "explanation": "これは16番・中納言行平の歌「立ち別れ いなばの山の 峰に生ふる まつとし聞かば 今帰り来む」の下の句です。お別れして因幡の国へ行きますが、因幡の山の峰に生える松のように待っていると聞いたなら、すぐに帰って来ましょう。"
        },
        {
          "text": "からくれなゐに 水くくるとは",
          "explanation": "これは17番・在原業平朝臣の歌「ちはやぶる 神代も聞かず 竜田川 からくれなゐに 水くくるとは」の下の句です。神代の昔にも聞いたことがない。竜田川の水を紅色にくくり染めにするとは。"
        },
        {
          "text": "夢の通ひ路 人目よくらむ",
          "explanation": "これは18番・藤原敏行朝臣の歌「住の江の 岸による波 よるさへや 夢の通ひ路 人目よくらむ」の下の句です。住之江の岸に寄る波のように夜になれば夢の通い路で逢えるはずなのに、なぜ夢の中まで人目を避けるのだろう。"
        },
        {
          "text": "あはでこのよを 過ぐしてよとや",
          "explanation": "これは19番・伊勢の歌「難波潟 みじかき蘆の ふしの間も あはでこのよを 過ぐしてよとや」の下の句です。難波潟の短い蘆の節と節の間のようなわずかな間も逢わずに、この世を過ごせというのか。"
        },
        {
          "text": "みをつくしても 逢はむとぞ思ふ",
          "explanation": "これは20番・元良親王の歌「わびぬれば 今はた同じ 難波なる みをつくしても 逢はむとぞ思ふ」の下の句です。これほどつらい思いをしているのだから、今はもう同じこと。難波の澪標のように身を尽くしても逢いたいと思う。"
        }
      ],
      "correctAnswer": "わが衣手に 雪は降りつつ",
      "tags": null
    },
    {
      "question": "立ち別れ いなばの山の 峰に生ふる",
      "explanation": "「立ち別れ いなばの山の 峰に生ふる まつとし聞かば 今帰り来む」16番・中納言行平の歌。お別れして因幡の国へ行きますが、因幡の山の峰に生える松のように待っていると聞いたなら、すぐに帰って来ましょう。",
      "wordMeanings": {
        "立ち別れ": "別れて立ち去り",
        "いなばの山の": "因幡の山の（去なばの掛詞）",
        "峰に生ふる": "峰に生えている",
        "まつとし聞かば": "待つと聞いたならば（松の掛詞）",
        "今帰り来む": "すぐに帰って来よう"
      },
      "choices": [
        {
          "text": "人には告げよ 海人の釣舟",
          "explanation": "これは11番・参議篁の歌「わたの原 八十島かけて 漕ぎ出でぬと 人には告げよ 海人の釣舟」の下の句です。大海原を多くの島々を目指して漕ぎ出していったと、都にいる人に伝えてくれ、漁師の釣り舟よ。"
        },
        {
          "text": "をとめの姿 しばしとどめむ",
          "explanation": "これは12番・僧正遍昭の歌「天つ風 雲のかよひ路 吹きとぢよ をとめの姿 しばしとどめむ」の下の句です。天を吹く風よ、雲の中の通り道を吹き閉じてくれ。天女のように美しい舞姫の姿をもうしばらくとどめておきたい。"
        },
        {
          "text": "恋ぞつもりて 淵となりぬる",
          "explanation": "これは13番・陽成院の歌「筑波嶺の みねより落つる 男女川 恋ぞつもりて 淵となりぬる」の下の句です。筑波山の峰から流れ落ちる男女川が次第に深い淵となるように、私の恋心も積もり積もって深い淵のようになった。"
        },
        {
          "text": "乱れそめにし われならなくに",
          "explanation": "これは14番・河原左大臣の歌「みちのくの しのぶもぢずり 誰ゆゑに 乱れそめにし われならなくに」の下の句です。陸奥のしのぶもじずりの乱れ模様のように心が乱れ始めたのは、ほかの誰のせいでもない、あなたのせいなのに。"
        },
        {
          "text": "わが衣手に 雪は降りつつ",
          "explanation": "これは15番・光孝天皇の歌「君がため 春の野に出でて 若菜つむ わが衣手に 雪は降りつつ」の下の句です。あなたのために春の野に出て若菜を摘んでいると、私の袖に雪が降りかかっている。"
        },
        {
          "text": "まつとし聞かば 今帰り来む",
          "explanation": ""
        },
        {
          "text": "からくれなゐに 水くくるとは",
          "explanation": "これは17番・在原業平朝臣の歌「ちはやぶる 神代も聞かず 竜田川 からくれなゐに 水くくるとは」の下の句です。神代の昔にも聞いたことがない。竜田川の水を紅色にくくり染めにするとは。"
        },
        {
          "text": "夢の通ひ路 人目よくらむ",
          "explanation": "これは18番・藤原敏行朝臣の歌「住の江の 岸による波 よるさへや 夢の通ひ路 人目よくらむ」の下の句です。住之江の岸に寄る波のように夜になれば夢の通い路で逢えるはずなのに、なぜ夢の中まで人目を避けるのだろう。"
        },
        {
          "text": "あはでこのよを 過ぐしてよとや",
          "explanation": "これは19番・伊勢の歌「難波潟 みじかき蘆の ふしの間も あはでこのよを 過ぐしてよとや」の下の句です。難波潟の短い蘆の節と節の間のようなわずかな間も逢わずに、この世を過ごせというのか。"
        },
        {
          "text": "みをつくしても 逢はむとぞ思ふ",
          "explanation": "これは20番・元良親王の歌「わびぬれば 今はた同じ 難波なる みをつくしても 逢はむとぞ思ふ」の下の句です。これほどつらい思いをしているのだから、今はもう同じこと。難波の澪標のように身を尽くしても逢いたいと思う。"
        }
      ],
      "correctAnswer": "まつとし聞かば 今帰り来む",
      "tags": null
    },
    {
      "question": "ちはやぶる 神代も聞かず 竜田川",
      "explanation": "「ちはやぶる 神代も聞かず 竜田川 からくれなゐに 水くくるとは」17番・在原業平朝臣の歌。神代の昔にも聞いたことがない。竜田川の水を紅色にくくり染めにするとは。",
      "wordMeanings": {
        "ちはやぶる": "神にかかる枕詞",
        "神代も聞かず": "神代にも聞いたことがない",
        "竜田川": "竜田川（紅葉の名所）",
        "からくれなゐに": "唐紅（鮮やかな紅色）に",
        "水くくるとは": "水をくくり染めにするとは"
      },
      "choices": [
        {
          "text": "人には告げよ 海人の釣舟",
          "explanation": "これは11番・参議篁の歌「わたの原 八十島かけて 漕ぎ出でぬと 人には告げよ 海人の釣舟」の下の句です。大海原を多くの島々を目指して漕ぎ出していったと、都にいる人に伝えてくれ、漁師の釣り舟よ。"
        },
        {
          "text": "をとめの姿 しばしとどめむ",
          "explanation": "これは12番・僧正遍昭の歌「天つ風 雲のかよひ路 吹きとぢよ をとめの姿 しばしとどめむ」の下の句です。天を吹く風よ、雲の中の通り道を吹き閉じてくれ。天女のように美しい舞姫の姿をもうしばらくとどめておきたい。"
        },
        {
          "text": "恋ぞつもりて 淵となりぬる",
          "explanation": "これは13番・陽成院の歌「筑波嶺の みねより落つる 男女川 恋ぞつもりて 淵となりぬる」の下の句です。筑波山の峰から流れ落ちる男女川が次第に深い淵となるように、私の恋心も積もり積もって深い淵のようになった。"
        },
        {
          "text": "乱れそめにし われならなくに",
          "explanation": "これは14番・河原左大臣の歌「みちのくの しのぶもぢずり 誰ゆゑに 乱れそめにし われならなくに」の下の句です。陸奥のしのぶもじずりの乱れ模様のように心が乱れ始めたのは、ほかの誰のせいでもない、あなたのせいなのに。"
        },
        {
          "text": "わが衣手に 雪は降りつつ",
          "explanation": "これは15番・光孝天皇の歌「君がため 春の野に出でて 若菜つむ わが衣手に 雪は降りつつ」の下の句です。あなたのために春の野に出て若菜を摘んでいると、私の袖に雪が降りかかっている。"
        },
        {
          "text": "まつとし聞かば 今帰り来む",
          "explanation": "これは16番・中納言行平の歌「立ち別れ いなばの山の 峰に生ふる まつとし聞かば 今帰り来む」の下の句です。お別れして因幡の国へ行きますが、因幡の山の峰に生える松のように待っていると聞いたなら、すぐに帰って来ましょう。"
        },
        {
          "text": "からくれなゐに 水くくるとは",
          "explanation": ""
        },
        {
          "text": "夢の通ひ路 人目よくらむ",
          "explanation": "これは18番・藤原敏行朝臣の歌「住の江の 岸による波 よるさへや 夢の通ひ路 人目よくらむ」の下の句です。住之江の岸に寄る波のように夜になれば夢の通い路で逢えるはずなのに、なぜ夢の中まで人目を避けるのだろう。"
        },
        {
          "text": "あはでこのよを 過ぐしてよとや",
          "explanation": "これは19番・伊勢の歌「難波潟 みじかき蘆の ふしの間も あはでこのよを 過ぐしてよとや」の下の句です。難波潟の短い蘆の節と節の間のようなわずかな間も逢わずに、この世を過ごせというのか。"
        },
        {
          "text": "みをつくしても 逢はむとぞ思ふ",
          "explanation": "これは20番・元良親王の歌「わびぬれば 今はた同じ 難波なる みをつくしても 逢はむとぞ思ふ」の下の句です。これほどつらい思いをしているのだから、今はもう同じこと。難波の澪標のように身を尽くしても逢いたいと思う。"
        }
      ],
      "correctAnswer": "からくれなゐに 水くくるとは",
      "tags": null
    },
    {
      "question": "住の江の 岸による波 よるさへや",
      "explanation": "「住の江の 岸による波 よるさへや 夢の通ひ路 人目よくらむ」18番・藤原敏行朝臣の歌。住之江の岸に寄る波のように夜になれば夢の通い路で逢えるはずなのに、なぜ夢の中まで人目を避けるのだろう。",
      "wordMeanings": {
        "住の江の": "住吉の入り江の",
        "岸による波": "岸に寄る波（夜の掛詞）",
        "よるさへや": "夜でさえも",
        "夢の通ひ路": "夢の中の通い路",
        "人目よくらむ": "人目を避けるのだろうか"
      },
      "choices": [
        {
          "text": "人には告げよ 海人の釣舟",
          "explanation": "これは11番・参議篁の歌「わたの原 八十島かけて 漕ぎ出でぬと 人には告げよ 海人の釣舟」の下の句です。大海原を多くの島々を目指して漕ぎ出していったと、都にいる人に伝えてくれ、漁師の釣り舟よ。"
        },
        {
          "text": "をとめの姿 しばしとどめむ",
          "explanation": "これは12番・僧正遍昭の歌「天つ風 雲のかよひ路 吹きとぢよ をとめの姿 しばしとどめむ」の下の句です。天を吹く風よ、雲の中の通り道を吹き閉じてくれ。天女のように美しい舞姫の姿をもうしばらくとどめておきたい。"
        },
        {
          "text": "恋ぞつもりて 淵となりぬる",
          "explanation": "これは13番・陽成院の歌「筑波嶺の みねより落つる 男女川 恋ぞつもりて 淵となりぬる」の下の句です。筑波山の峰から流れ落ちる男女川が次第に深い淵となるように、私の恋心も積もり積もって深い淵のようになった。"
        },
        {
          "text": "乱れそめにし われならなくに",
          "explanation": "これは14番・河原左大臣の歌「みちのくの しのぶもぢずり 誰ゆゑに 乱れそめにし われならなくに」の下の句です。陸奥のしのぶもじずりの乱れ模様のように心が乱れ始めたのは、ほかの誰のせいでもない、あなたのせいなのに。"
        },
        {
          "text": "わが衣手に 雪は降りつつ",
          "explanation": "これは15番・光孝天皇の歌「君がため 春の野に出でて 若菜つむ わが衣手に 雪は降りつつ」の下の句です。あなたのために春の野に出て若菜を摘んでいると、私の袖に雪が降りかかっている。"
        },
        {
          "text": "まつとし聞かば 今帰り来む",
          "explanation": "これは16番・中納言行平の歌「立ち別れ いなばの山の 峰に生ふる まつとし聞かば 今帰り来む」の下の句です。お別れして因幡の国へ行きますが、因幡の山の峰に生える松のように待っていると聞いたなら、すぐに帰って来ましょう。"
        },
        {
          "text": "からくれなゐに 水くくるとは",
          "explanation": "これは17番・在原業平朝臣の歌「ちはやぶる 神代も聞かず 竜田川 からくれなゐに 水くくるとは」の下の句です。神代の昔にも聞いたことがない。竜田川の水を紅色にくくり染めにするとは。"
        },
        {
          "text": "夢の通ひ路 人目よくらむ",
          "explanation": ""
        },
        {
          "text": "あはでこのよを 過ぐしてよとや",
          "explanation": "これは19番・伊勢の歌「難波潟 みじかき蘆の ふしの間も あはでこのよを 過ぐしてよとや」の下の句です。難波潟の短い蘆の節と節の間のようなわずかな間も逢わずに、この世を過ごせというのか。"
        },
        {
          "text": "みをつくしても 逢はむとぞ思ふ",
          "explanation": "これは20番・元良親王の歌「わびぬれば 今はた同じ 難波なる みをつくしても 逢はむとぞ思ふ」の下の句です。これほどつらい思いをしているのだから、今はもう同じこと。難波の澪標のように身を尽くしても逢いたいと思う。"
        }
      ],
      "correctAnswer": "夢の通ひ路 人目よくらむ",
      "tags": null
    },
    {
      "question": "難波潟 みじかき蘆の ふしの間も",
      "explanation": "「難波潟 みじかき蘆の ふしの間も あはでこのよを 過ぐしてよとや」19番・伊勢の歌。難波潟の短い蘆の節と節の間のようなわずかな間も逢わずに、この世を過ごせというのか。",
      "wordMeanings": {
        "難波潟": "難波の入り江",
        "みじかき蘆の": "短い蘆の",
        "ふしの間も": "節と節の間も（短い時間の比喩）",
        "あはでこのよを": "逢わないでこの世を（一夜の掛詞）",
        "過ぐしてよとや": "過ごせというのか"
      },
      "choices": [
        {
          "text": "人には告げよ 海人の釣舟",
          "explanation": "これは11番・参議篁の歌「わたの原 八十島かけて 漕ぎ出でぬと 人には告げよ 海人の釣舟」の下の句です。大海原を多くの島々を目指して漕ぎ出していったと、都にいる人に伝えてくれ、漁師の釣り舟よ。"
        },
        {
          "text": "をとめの姿 しばしとどめむ",
          "explanation": "これは12番・僧正遍昭の歌「天つ風 雲のかよひ路 吹きとぢよ をとめの姿 しばしとどめむ」の下の句です。天を吹く風よ、雲の中の通り道を吹き閉じてくれ。天女のように美しい舞姫の姿をもうしばらくとどめておきたい。"
        },
        {
          "text": "恋ぞつもりて 淵となりぬる",
          "explanation": "これは13番・陽成院の歌「筑波嶺の みねより落つる 男女川 恋ぞつもりて 淵となりぬる」の下の句です。筑波山の峰から流れ落ちる男女川が次第に深い淵となるように、私の恋心も積もり積もって深い淵のようになった。"
        },
        {
          "text": "乱れそめにし われならなくに",
          "explanation": "これは14番・河原左大臣の歌「みちのくの しのぶもぢずり 誰ゆゑに 乱れそめにし われならなくに」の下の句です。陸奥のしのぶもじずりの乱れ模様のように心が乱れ始めたのは、ほかの誰のせいでもない、あなたのせいなのに。"
        },
        {
          "text": "わが衣手に 雪は降りつつ",
          "explanation": "これは15番・光孝天皇の歌「君がため 春の野に出でて 若菜つむ わが衣手に 雪は降りつつ」の下の句です。あなたのために春の野に出て若菜を摘んでいると、私の袖に雪が降りかかっている。"
        },
        {
          "text": "まつとし聞かば 今帰り来む",
          "explanation": "これは16番・中納言行平の歌「立ち別れ いなばの山の 峰に生ふる まつとし聞かば 今帰り来む」の下の句です。お別れして因幡の国へ行きますが、因幡の山の峰に生える松のように待っていると聞いたなら、すぐに帰って来ましょう。"
        },
        {
          "text": "からくれなゐに 水くくるとは",
          "explanation": "これは17番・在原業平朝臣の歌「ちはやぶる 神代も聞かず 竜田川 からくれなゐに 水くくるとは」の下の句です。神代の昔にも聞いたことがない。竜田川の水を紅色にくくり染めにするとは。"
        },
        {
          "text": "夢の通ひ路 人目よくらむ",
          "explanation": "これは18番・藤原敏行朝臣の歌「住の江の 岸による波 よるさへや 夢の通ひ路 人目よくらむ」の下の句です。住之江の岸に寄る波のように夜になれば夢の通い路で逢えるはずなのに、なぜ夢の中まで人目を避けるのだろう。"
        },
        {
          "text": "あはでこのよを 過ぐしてよとや",
          "explanation": ""
        },
        {
          "text": "みをつくしても 逢はむとぞ思ふ",
          "explanation": "これは20番・元良親王の歌「わびぬれば 今はた同じ 難波なる みをつくしても 逢はむとぞ思ふ」の下の句です。これほどつらい思いをしているのだから、今はもう同じこと。難波の澪標のように身を尽くしても逢いたいと思う。"
        }
      ],
      "correctAnswer": "あはでこのよを 過ぐしてよとや",
      "tags": null
    },
    {
      "question": "わびぬれば 今はた同じ 難波なる",
      "explanation": "「わびぬれば 今はた同じ 難波なる みをつくしても 逢はむとぞ思ふ」20番・元良親王の歌。これほどつらい思いをしているのだから、今はもう同じこと。難波の澪標のように身を尽くしても逢いたいと思う。",
      "wordMeanings": {
        "わびぬれば": "思い悩んだので",
        "今はた同じ": "今はもう同じこと",
        "難波なる": "難波にある",
        "みをつくしても": "身を尽くしても（澪標の掛詞）",
        "逢はむとぞ思ふ": "逢いたいと思う"
      },
      "choices": [
        {
          "text": "人には告げよ 海人の釣舟",
          "explanation": "これは11番・参議篁の歌「わたの原 八十島かけて 漕ぎ出でぬと 人には告げよ 海人の釣舟」の下の句です。大海原を多くの島々を目指して漕ぎ出していったと、都にいる人に伝えてくれ、漁師の釣り舟よ。"
        },
        {
          "text": "をとめの姿 しばしとどめむ",
          "explanation": "これは12番・僧正遍昭の歌「天つ風 雲のかよひ路 吹きとぢよ をとめの姿 しばしとどめむ」の下の句です。天を吹く風よ、雲の中の通り道を吹き閉じてくれ。天女のように美しい舞姫の姿をもうしばらくとどめておきたい。"
        },
        {
          "text": "恋ぞつもりて 淵となりぬる",
          "explanation": "これは13番・陽成院の歌「筑波嶺の みねより落つる 男女川 恋ぞつもりて 淵となりぬる」の下の句です。筑波山の峰から流れ落ちる男女川が次第に深い淵となるように、私の恋心も積もり積もって深い淵のようになった。"
        },
        {
          "text": "乱れそめにし われならなくに",
          "explanation": "これは14番・河原左大臣の歌「みちのくの しのぶもぢずり 誰ゆゑに 乱れそめにし われならなくに」の下の句です。陸奥のしのぶもじずりの乱れ模様のように心が乱れ始めたのは、ほかの誰のせいでもない、あなたのせいなのに。"
        },
        {
          "text": "わが衣手に 雪は降りつつ",
          "explanation": "これは15番・光孝天皇の歌「君がため 春の野に出でて 若菜つむ わが衣手に 雪は降りつつ」の下の句です。あなたのために春の野に出て若菜を摘んでいると、私の袖に雪が降りかかっている。"
        },
        {
          "text": "まつとし聞かば 今帰り来む",
          "explanation": "これは16番・中納言行平の歌「立ち別れ いなばの山の 峰に生ふる まつとし聞かば 今帰り来む」の下の句です。お別れして因幡の国へ行きますが、因幡の山の峰に生える松のように待っていると聞いたなら、すぐに帰って来ましょう。"
        },
        {
          "text": "からくれなゐに 水くくるとは",
          "explanation": "これは17番・在原業平朝臣の歌「ちはやぶる 神代も聞かず 竜田川 からくれなゐに 水くくるとは」の下の句です。神代の昔にも聞いたことがない。竜田川の水を紅色にくくり染めにするとは。"
        },
        {
          "text": "夢の通ひ路 人目よくらむ",
          "explanation": "これは18番・藤原敏行朝臣の歌「住の江の 岸による波 よるさへや 夢の通ひ路 人目よくらむ」の下の句です。住之江の岸に寄る波のように夜になれば夢の通い路で逢えるはずなのに、なぜ夢の中まで人目を避けるのだろう。"
        },
        {
          "text": "あはでこのよを 過ぐしてよとや",
          "explanation": "これは19番・伊勢の歌「難波潟 みじかき蘆の ふしの間も あはでこのよを 過ぐしてよとや」の下の句です。難波潟の短い蘆の節と節の間のようなわずかな間も逢わずに、この世を過ごせというのか。"
        },
        {
          "text": "みをつくしても 逢はむとぞ思ふ",
          "explanation": ""
        }
      ],
      "correctAnswer": "みをつくしても 逢はむとぞ思ふ",
      "tags": null
    }
  ]
}
