{
  "key": "hyakunin1to10",
  "displayName": "百人一首(1-10)",
  "questions": [
    {
      "question": "秋の田の かりほの庵の 苫をあらみ",
      "explanation": "「秋の田の かりほの庵の 苫をあらみ わが衣手は 露にぬれつつ」1番・天智天皇の歌。秋の田のそばにある仮小屋の屋根の苫の編み目が粗いので、私の袖は露に濡れ続けている。",
      "wordMeanings": [
        {
          "word": "秋の田の",
          "meaning": "秋の田んぼの"
        },
        {
          "word": "かりほの庵の",
          "meaning": "仮小屋の（刈穂の掛詞）"
        },
        {
          "word": "苫をあらみ",
          "meaning": "苫の目が粗いので"
        },
        {
          "word": "わが衣手は",
          "meaning": "私の袖は"
        },
        {
          "word": "露にぬれつつ",
          "meaning": "露に濡れ続けている"
        }
      ],
      "choices": [
        {
          "text": "わが衣手は 露にぬれつつ",
          "explanation": ""
        },
        {
          "text": "衣ほすてふ 天の香具山",
          "explanation": "これは2番・持統天皇の歌「春過ぎて 夏来にけらし 白妙の 衣ほすてふ 天の香具山」の下の句です。春が過ぎて夏が来たらしい。白い衣を干すという天の香具山よ。"
        },
        {
          "text": "ながながし夜を ひとりかも寝む",
          "explanation": "これは3番・柿本人麻呂の歌「あしびきの 山鳥の尾の しだり尾の ながながし夜を ひとりかも寝む」の下の句です。山鳥の長く垂れ下がった尾のように、長い長い夜をひとりで寝るのだろうか。"
        },
        {
          "text": "富士の高嶺に 雪は降りつつ",
          "explanation": "これは4番・山部赤人の歌「田子の浦に うちいでてみれば 白妙の 富士の高嶺に 雪は降りつつ」の下の句です。田子の浦に出てみると、真っ白な富士の高嶺に雪が降り続いている。"
        },
        {
          "text": "声きく時ぞ 秋はかなしき",
          "explanation": "これは5番・猿丸大夫の歌「奥山に 紅葉踏みわけ 鳴く鹿の 声きく時ぞ 秋はかなしき」の下の句です。奥深い山で紅葉を踏み分けて鳴く鹿の声を聞く時こそ、秋は悲しいものだ。"
        },
        {
          "text": "白きを見れば 夜ぞふけにける",
          "explanation": "これは6番・中納言家持の歌「かささぎの 渡せる橋に 置く霜の 白きを見れば 夜ぞふけにける」の下の句です。かささぎが渡したという天の橋に降りた霜が白く見えると、夜がすっかり更けたのだなあ。"
        },
        {
          "text": "三笠の山に 出でし月かも",
          "explanation": "これは7番・安倍仲麻呂の歌「天の原 ふりさけ見れば 春日なる 三笠の山に 出でし月かも」の下の句です。大空をはるかに見渡すと月が出ている。あの月は故郷の春日にある三笠の山に出ていた月と同じなのだなあ。"
        },
        {
          "text": "世をうぢ山と 人はいふなり",
          "explanation": "これは8番・喜撰法師の歌「わが庵は 都のたつみ しかぞ住む 世をうぢ山と 人はいふなり」の下の句です。私の庵は都の南東にあり、このように静かに暮らしている。それなのに世を憂しとして宇治山に住んでいると人はいうらしい。"
        },
        {
          "text": "わが身世にふる ながめせしまに",
          "explanation": "これは9番・小野小町の歌「花の色は うつりにけりな いたづらに わが身世にふる ながめせしまに」の下の句です。花の色はすっかり色あせてしまった。むなしく長雨が降る間に。同じように私の美しさも衰えた、物思いにふけっている間に。"
        },
        {
          "text": "知るも知らぬも 逢坂の関",
          "explanation": "これは10番・蝉丸の歌「これやこの 行くも帰るも 別れては 知るも知らぬも 逢坂の関」の下の句です。これがあの、行く人も帰る人も、知り合いも見知らぬ人も、別れてはまた出会うという逢坂の関なのだ。"
        }
      ],
      "correctAnswer": "わが衣手は 露にぬれつつ",
      "tags": null
    },
    {
      "question": "春過ぎて 夏来にけらし 白妙の",
      "explanation": "「春過ぎて 夏来にけらし 白妙の 衣ほすてふ 天の香具山」2番・持統天皇の歌。春が過ぎて夏が来たらしい。白い衣を干すという天の香具山よ。",
      "wordMeanings": [
        {
          "word": "春過ぎて",
          "meaning": "春が過ぎて"
        },
        {
          "word": "夏来にけらし",
          "meaning": "夏が来たらしい（けらし＝過去推定）"
        },
        {
          "word": "白妙の",
          "meaning": "白い布の"
        },
        {
          "word": "衣ほすてふ",
          "meaning": "衣を干すという"
        },
        {
          "word": "天の香具山",
          "meaning": "大和三山のひとつ"
        }
      ],
      "choices": [
        {
          "text": "わが衣手は 露にぬれつつ",
          "explanation": "これは1番・天智天皇の歌「秋の田の かりほの庵の 苫をあらみ わが衣手は 露にぬれつつ」の下の句です。秋の田のそばにある仮小屋の屋根の苫の編み目が粗いので、私の袖は露に濡れ続けている。"
        },
        {
          "text": "衣ほすてふ 天の香具山",
          "explanation": ""
        },
        {
          "text": "ながながし夜を ひとりかも寝む",
          "explanation": "これは3番・柿本人麻呂の歌「あしびきの 山鳥の尾の しだり尾の ながながし夜を ひとりかも寝む」の下の句です。山鳥の長く垂れ下がった尾のように、長い長い夜をひとりで寝るのだろうか。"
        },
        {
          "text": "富士の高嶺に 雪は降りつつ",
          "explanation": "これは4番・山部赤人の歌「田子の浦に うちいでてみれば 白妙の 富士の高嶺に 雪は降りつつ」の下の句です。田子の浦に出てみると、真っ白な富士の高嶺に雪が降り続いている。"
        },
        {
          "text": "声きく時ぞ 秋はかなしき",
          "explanation": "これは5番・猿丸大夫の歌「奥山に 紅葉踏みわけ 鳴く鹿の 声きく時ぞ 秋はかなしき」の下の句です。奥深い山で紅葉を踏み分けて鳴く鹿の声を聞く時こそ、秋は悲しいものだ。"
        },
        {
          "text": "白きを見れば 夜ぞふけにける",
          "explanation": "これは6番・中納言家持の歌「かささぎの 渡せる橋に 置く霜の 白きを見れば 夜ぞふけにける」の下の句です。かささぎが渡したという天の橋に降りた霜が白く見えると、夜がすっかり更けたのだなあ。"
        },
        {
          "text": "三笠の山に 出でし月かも",
          "explanation": "これは7番・安倍仲麻呂の歌「天の原 ふりさけ見れば 春日なる 三笠の山に 出でし月かも」の下の句です。大空をはるかに見渡すと月が出ている。あの月は故郷の春日にある三笠の山に出ていた月と同じなのだなあ。"
        },
        {
          "text": "世をうぢ山と 人はいふなり",
          "explanation": "これは8番・喜撰法師の歌「わが庵は 都のたつみ しかぞ住む 世をうぢ山と 人はいふなり」の下の句です。私の庵は都の南東にあり、このように静かに暮らしている。それなのに世を憂しとして宇治山に住んでいると人はいうらしい。"
        },
        {
          "text": "わが身世にふる ながめせしまに",
          "explanation": "これは9番・小野小町の歌「花の色は うつりにけりな いたづらに わが身世にふる ながめせしまに」の下の句です。花の色はすっかり色あせてしまった。むなしく長雨が降る間に。同じように私の美しさも衰えた、物思いにふけっている間に。"
        },
        {
          "text": "知るも知らぬも 逢坂の関",
          "explanation": "これは10番・蝉丸の歌「これやこの 行くも帰るも 別れては 知るも知らぬも 逢坂の関」の下の句です。これがあの、行く人も帰る人も、知り合いも見知らぬ人も、別れてはまた出会うという逢坂の関なのだ。"
        }
      ],
      "correctAnswer": "衣ほすてふ 天の香具山",
      "tags": null
    },
    {
      "question": "あしびきの 山鳥の尾の しだり尾の",
      "explanation": "「あしびきの 山鳥の尾の しだり尾の ながながし夜を ひとりかも寝む」3番・柿本人麻呂の歌。山鳥の長く垂れ下がった尾のように、長い長い夜をひとりで寝るのだろうか。",
      "wordMeanings": [
        {
          "word": "あしびきの",
          "meaning": "山にかかる枕詞"
        },
        {
          "word": "山鳥の尾の",
          "meaning": "山鳥の尾の"
        },
        {
          "word": "しだり尾の",
          "meaning": "垂れ下がった尾のように"
        },
        {
          "word": "ながながし夜を",
          "meaning": "長い長い夜を"
        },
        {
          "word": "ひとりかも寝む",
          "meaning": "ひとりで寝るのだろうか"
        }
      ],
      "choices": [
        {
          "text": "わが衣手は 露にぬれつつ",
          "explanation": "これは1番・天智天皇の歌「秋の田の かりほの庵の 苫をあらみ わが衣手は 露にぬれつつ」の下の句です。秋の田のそばにある仮小屋の屋根の苫の編み目が粗いので、私の袖は露に濡れ続けている。"
        },
        {
          "text": "衣ほすてふ 天の香具山",
          "explanation": "これは2番・持統天皇の歌「春過ぎて 夏来にけらし 白妙の 衣ほすてふ 天の香具山」の下の句です。春が過ぎて夏が来たらしい。白い衣を干すという天の香具山よ。"
        },
        {
          "text": "ながながし夜を ひとりかも寝む",
          "explanation": ""
        },
        {
          "text": "富士の高嶺に 雪は降りつつ",
          "explanation": "これは4番・山部赤人の歌「田子の浦に うちいでてみれば 白妙の 富士の高嶺に 雪は降りつつ」の下の句です。田子の浦に出てみると、真っ白な富士の高嶺に雪が降り続いている。"
        },
        {
          "text": "声きく時ぞ 秋はかなしき",
          "explanation": "これは5番・猿丸大夫の歌「奥山に 紅葉踏みわけ 鳴く鹿の 声きく時ぞ 秋はかなしき」の下の句です。奥深い山で紅葉を踏み分けて鳴く鹿の声を聞く時こそ、秋は悲しいものだ。"
        },
        {
          "text": "白きを見れば 夜ぞふけにける",
          "explanation": "これは6番・中納言家持の歌「かささぎの 渡せる橋に 置く霜の 白きを見れば 夜ぞふけにける」の下の句です。かささぎが渡したという天の橋に降りた霜が白く見えると、夜がすっかり更けたのだなあ。"
        },
        {
          "text": "三笠の山に 出でし月かも",
          "explanation": "これは7番・安倍仲麻呂の歌「天の原 ふりさけ見れば 春日なる 三笠の山に 出でし月かも」の下の句です。大空をはるかに見渡すと月が出ている。あの月は故郷の春日にある三笠の山に出ていた月と同じなのだなあ。"
        },
        {
          "text": "世をうぢ山と 人はいふなり",
          "explanation": "これは8番・喜撰法師の歌「わが庵は 都のたつみ しかぞ住む 世をうぢ山と 人はいふなり」の下の句です。私の庵は都の南東にあり、このように静かに暮らしている。それなのに世を憂しとして宇治山に住んでいると人はいうらしい。"
        },
        {
          "text": "わが身世にふる ながめせしまに",
          "explanation": "これは9番・小野小町の歌「花の色は うつりにけりな いたづらに わが身世にふる ながめせしまに」の下の句です。花の色はすっかり色あせてしまった。むなしく長雨が降る間に。同じように私の美しさも衰えた、物思いにふけっている間に。"
        },
        {
          "text": "知るも知らぬも 逢坂の関",
          "explanation": "これは10番・蝉丸の歌「これやこの 行くも帰るも 別れては 知るも知らぬも 逢坂の関」の下の句です。これがあの、行く人も帰る人も、知り合いも見知らぬ人も、別れてはまた出会うという逢坂の関なのだ。"
        }
      ],
      "correctAnswer": "ながながし夜を ひとりかも寝む",
      "tags": null
    },
    {
      "question": "田子の浦に うちいでてみれば 白妙の",
      "explanation": "「田子の浦に うちいでてみれば 白妙の 富士の高嶺に 雪は降りつつ」4番・山部赤人の歌。田子の浦に出てみると、真っ白な富士の高嶺に雪が降り続いている。",
      "wordMeanings": [
        {
          "word": "田子の浦に",
          "meaning": "田子の浦（駿河湾西岸）に"
        },
        {
          "word": "うちいでてみれば",
          "meaning": "出てみると"
        },
        {
          "word": "白妙の",
          "meaning": "真っ白な"
        },
        {
          "word": "富士の高嶺に",
          "meaning": "富士の高い峰に"
        },
        {
          "word": "雪は降りつつ",
          "meaning": "雪が降り続けている"
        }
      ],
      "choices": [
        {
          "text": "わが衣手は 露にぬれつつ",
          "explanation": "これは1番・天智天皇の歌「秋の田の かりほの庵の 苫をあらみ わが衣手は 露にぬれつつ」の下の句です。秋の田のそばにある仮小屋の屋根の苫の編み目が粗いので、私の袖は露に濡れ続けている。"
        },
        {
          "text": "衣ほすてふ 天の香具山",
          "explanation": "これは2番・持統天皇の歌「春過ぎて 夏来にけらし 白妙の 衣ほすてふ 天の香具山」の下の句です。春が過ぎて夏が来たらしい。白い衣を干すという天の香具山よ。"
        },
        {
          "text": "ながながし夜を ひとりかも寝む",
          "explanation": "これは3番・柿本人麻呂の歌「あしびきの 山鳥の尾の しだり尾の ながながし夜を ひとりかも寝む」の下の句です。山鳥の長く垂れ下がった尾のように、長い長い夜をひとりで寝るのだろうか。"
        },
        {
          "text": "富士の高嶺に 雪は降りつつ",
          "explanation": ""
        },
        {
          "text": "声きく時ぞ 秋はかなしき",
          "explanation": "これは5番・猿丸大夫の歌「奥山に 紅葉踏みわけ 鳴く鹿の 声きく時ぞ 秋はかなしき」の下の句です。奥深い山で紅葉を踏み分けて鳴く鹿の声を聞く時こそ、秋は悲しいものだ。"
        },
        {
          "text": "白きを見れば 夜ぞふけにける",
          "explanation": "これは6番・中納言家持の歌「かささぎの 渡せる橋に 置く霜の 白きを見れば 夜ぞふけにける」の下の句です。かささぎが渡したという天の橋に降りた霜が白く見えると、夜がすっかり更けたのだなあ。"
        },
        {
          "text": "三笠の山に 出でし月かも",
          "explanation": "これは7番・安倍仲麻呂の歌「天の原 ふりさけ見れば 春日なる 三笠の山に 出でし月かも」の下の句です。大空をはるかに見渡すと月が出ている。あの月は故郷の春日にある三笠の山に出ていた月と同じなのだなあ。"
        },
        {
          "text": "世をうぢ山と 人はいふなり",
          "explanation": "これは8番・喜撰法師の歌「わが庵は 都のたつみ しかぞ住む 世をうぢ山と 人はいふなり」の下の句です。私の庵は都の南東にあり、このように静かに暮らしている。それなのに世を憂しとして宇治山に住んでいると人はいうらしい。"
        },
        {
          "text": "わが身世にふる ながめせしまに",
          "explanation": "これは9番・小野小町の歌「花の色は うつりにけりな いたづらに わが身世にふる ながめせしまに」の下の句です。花の色はすっかり色あせてしまった。むなしく長雨が降る間に。同じように私の美しさも衰えた、物思いにふけっている間に。"
        },
        {
          "text": "知るも知らぬも 逢坂の関",
          "explanation": "これは10番・蝉丸の歌「これやこの 行くも帰るも 別れては 知るも知らぬも 逢坂の関」の下の句です。これがあの、行く人も帰る人も、知り合いも見知らぬ人も、別れてはまた出会うという逢坂の関なのだ。"
        }
      ],
      "correctAnswer": "富士の高嶺に 雪は降りつつ",
      "tags": null
    },
    {
      "question": "奥山に 紅葉踏みわけ 鳴く鹿の",
      "explanation": "「奥山に 紅葉踏みわけ 鳴く鹿の 声きく時ぞ 秋はかなしき」5番・猿丸大夫の歌。奥深い山で紅葉を踏み分けて鳴く鹿の声を聞く時こそ、秋は悲しいものだ。",
      "wordMeanings": [
        {
          "word": "奥山に",
          "meaning": "山の奥深くで"
        },
        {
          "word": "紅葉踏みわけ",
          "meaning": "紅葉を踏み分けて"
        },
        {
          "word": "鳴く鹿の",
          "meaning": "鳴いている鹿の"
        },
        {
          "word": "声きく時ぞ",
          "meaning": "声を聞く時こそ"
        },
        {
          "word": "秋はかなしき",
          "meaning": "秋は悲しいものだ"
        }
      ],
      "choices": [
        {
          "text": "わが衣手は 露にぬれつつ",
          "explanation": "これは1番・天智天皇の歌「秋の田の かりほの庵の 苫をあらみ わが衣手は 露にぬれつつ」の下の句です。秋の田のそばにある仮小屋の屋根の苫の編み目が粗いので、私の袖は露に濡れ続けている。"
        },
        {
          "text": "衣ほすてふ 天の香具山",
          "explanation": "これは2番・持統天皇の歌「春過ぎて 夏来にけらし 白妙の 衣ほすてふ 天の香具山」の下の句です。春が過ぎて夏が来たらしい。白い衣を干すという天の香具山よ。"
        },
        {
          "text": "ながながし夜を ひとりかも寝む",
          "explanation": "これは3番・柿本人麻呂の歌「あしびきの 山鳥の尾の しだり尾の ながながし夜を ひとりかも寝む」の下の句です。山鳥の長く垂れ下がった尾のように、長い長い夜をひとりで寝るのだろうか。"
        },
        {
          "text": "富士の高嶺に 雪は降りつつ",
          "explanation": "これは4番・山部赤人の歌「田子の浦に うちいでてみれば 白妙の 富士の高嶺に 雪は降りつつ」の下の句です。田子の浦に出てみると、真っ白な富士の高嶺に雪が降り続いている。"
        },
        {
          "text": "声きく時ぞ 秋はかなしき",
          "explanation": ""
        },
        {
          "text": "白きを見れば 夜ぞふけにける",
          "explanation": "これは6番・中納言家持の歌「かささぎの 渡せる橋に 置く霜の 白きを見れば 夜ぞふけにける」の下の句です。かささぎが渡したという天の橋に降りた霜が白く見えると、夜がすっかり更けたのだなあ。"
        },
        {
          "text": "三笠の山に 出でし月かも",
          "explanation": "これは7番・安倍仲麻呂の歌「天の原 ふりさけ見れば 春日なる 三笠の山に 出でし月かも」の下の句です。大空をはるかに見渡すと月が出ている。あの月は故郷の春日にある三笠の山に出ていた月と同じなのだなあ。"
        },
        {
          "text": "世をうぢ山と 人はいふなり",
          "explanation": "これは8番・喜撰法師の歌「わが庵は 都のたつみ しかぞ住む 世をうぢ山と 人はいふなり」の下の句です。私の庵は都の南東にあり、このように静かに暮らしている。それなのに世を憂しとして宇治山に住んでいると人はいうらしい。"
        },
        {
          "text": "わが身世にふる ながめせしまに",
          "explanation": "これは9番・小野小町の歌「花の色は うつりにけりな いたづらに わが身世にふる ながめせしまに」の下の句です。花の色はすっかり色あせてしまった。むなしく長雨が降る間に。同じように私の美しさも衰えた、物思いにふけっている間に。"
        },
        {
          "text": "知るも知らぬも 逢坂の関",
          "explanation": "これは10番・蝉丸の歌「これやこの 行くも帰るも 別れては 知るも知らぬも 逢坂の関」の下の句です。これがあの、行く人も帰る人も、知り合いも見知らぬ人も、別れてはまた出会うという逢坂の関なのだ。"
        }
      ],
      "correctAnswer": "声きく時ぞ 秋はかなしき",
      "tags": null
    },
    {
      "question": "かささぎの 渡せる橋に 置く霜の",
      "explanation": "「かささぎの 渡せる橋に 置く霜の 白きを見れば 夜ぞふけにける」6番・中納言家持の歌。かささぎが渡したという天の橋に降りた霜が白く見えると、夜がすっかり更けたのだなあ。",
      "wordMeanings": [
        {
          "word": "かささぎの",
          "meaning": "かささぎ（鳥）が"
        },
        {
          "word": "渡せる橋に",
          "meaning": "架けた橋に"
        },
        {
          "word": "置く霜の",
          "meaning": "降りた霜の"
        },
        {
          "word": "白きを見れば",
          "meaning": "白いのを見ると"
        },
        {
          "word": "夜ぞふけにける",
          "meaning": "夜が更けたのだなあ"
        }
      ],
      "choices": [
        {
          "text": "わが衣手は 露にぬれつつ",
          "explanation": "これは1番・天智天皇の歌「秋の田の かりほの庵の 苫をあらみ わが衣手は 露にぬれつつ」の下の句です。秋の田のそばにある仮小屋の屋根の苫の編み目が粗いので、私の袖は露に濡れ続けている。"
        },
        {
          "text": "衣ほすてふ 天の香具山",
          "explanation": "これは2番・持統天皇の歌「春過ぎて 夏来にけらし 白妙の 衣ほすてふ 天の香具山」の下の句です。春が過ぎて夏が来たらしい。白い衣を干すという天の香具山よ。"
        },
        {
          "text": "ながながし夜を ひとりかも寝む",
          "explanation": "これは3番・柿本人麻呂の歌「あしびきの 山鳥の尾の しだり尾の ながながし夜を ひとりかも寝む」の下の句です。山鳥の長く垂れ下がった尾のように、長い長い夜をひとりで寝るのだろうか。"
        },
        {
          "text": "富士の高嶺に 雪は降りつつ",
          "explanation": "これは4番・山部赤人の歌「田子の浦に うちいでてみれば 白妙の 富士の高嶺に 雪は降りつつ」の下の句です。田子の浦に出てみると、真っ白な富士の高嶺に雪が降り続いている。"
        },
        {
          "text": "声きく時ぞ 秋はかなしき",
          "explanation": "これは5番・猿丸大夫の歌「奥山に 紅葉踏みわけ 鳴く鹿の 声きく時ぞ 秋はかなしき」の下の句です。奥深い山で紅葉を踏み分けて鳴く鹿の声を聞く時こそ、秋は悲しいものだ。"
        },
        {
          "text": "白きを見れば 夜ぞふけにける",
          "explanation": ""
        },
        {
          "text": "三笠の山に 出でし月かも",
          "explanation": "これは7番・安倍仲麻呂の歌「天の原 ふりさけ見れば 春日なる 三笠の山に 出でし月かも」の下の句です。大空をはるかに見渡すと月が出ている。あの月は故郷の春日にある三笠の山に出ていた月と同じなのだなあ。"
        },
        {
          "text": "世をうぢ山と 人はいふなり",
          "explanation": "これは8番・喜撰法師の歌「わが庵は 都のたつみ しかぞ住む 世をうぢ山と 人はいふなり」の下の句です。私の庵は都の南東にあり、このように静かに暮らしている。それなのに世を憂しとして宇治山に住んでいると人はいうらしい。"
        },
        {
          "text": "わが身世にふる ながめせしまに",
          "explanation": "これは9番・小野小町の歌「花の色は うつりにけりな いたづらに わが身世にふる ながめせしまに」の下の句です。花の色はすっかり色あせてしまった。むなしく長雨が降る間に。同じように私の美しさも衰えた、物思いにふけっている間に。"
        },
        {
          "text": "知るも知らぬも 逢坂の関",
          "explanation": "これは10番・蝉丸の歌「これやこの 行くも帰るも 別れては 知るも知らぬも 逢坂の関」の下の句です。これがあの、行く人も帰る人も、知り合いも見知らぬ人も、別れてはまた出会うという逢坂の関なのだ。"
        }
      ],
      "correctAnswer": "白きを見れば 夜ぞふけにける",
      "tags": null
    },
    {
      "question": "天の原 ふりさけ見れば 春日なる",
      "explanation": "「天の原 ふりさけ見れば 春日なる 三笠の山に 出でし月かも」7番・安倍仲麻呂の歌。大空をはるかに見渡すと月が出ている。あの月は故郷の春日にある三笠の山に出ていた月と同じなのだなあ。",
      "wordMeanings": [
        {
          "word": "天の原",
          "meaning": "大空を"
        },
        {
          "word": "ふりさけ見れば",
          "meaning": "はるかに見渡すと"
        },
        {
          "word": "春日なる",
          "meaning": "春日（奈良）にある"
        },
        {
          "word": "三笠の山に",
          "meaning": "三笠山に"
        },
        {
          "word": "出でし月かも",
          "meaning": "出ていた月なのだなあ"
        }
      ],
      "choices": [
        {
          "text": "わが衣手は 露にぬれつつ",
          "explanation": "これは1番・天智天皇の歌「秋の田の かりほの庵の 苫をあらみ わが衣手は 露にぬれつつ」の下の句です。秋の田のそばにある仮小屋の屋根の苫の編み目が粗いので、私の袖は露に濡れ続けている。"
        },
        {
          "text": "衣ほすてふ 天の香具山",
          "explanation": "これは2番・持統天皇の歌「春過ぎて 夏来にけらし 白妙の 衣ほすてふ 天の香具山」の下の句です。春が過ぎて夏が来たらしい。白い衣を干すという天の香具山よ。"
        },
        {
          "text": "ながながし夜を ひとりかも寝む",
          "explanation": "これは3番・柿本人麻呂の歌「あしびきの 山鳥の尾の しだり尾の ながながし夜を ひとりかも寝む」の下の句です。山鳥の長く垂れ下がった尾のように、長い長い夜をひとりで寝るのだろうか。"
        },
        {
          "text": "富士の高嶺に 雪は降りつつ",
          "explanation": "これは4番・山部赤人の歌「田子の浦に うちいでてみれば 白妙の 富士の高嶺に 雪は降りつつ」の下の句です。田子の浦に出てみると、真っ白な富士の高嶺に雪が降り続いている。"
        },
        {
          "text": "声きく時ぞ 秋はかなしき",
          "explanation": "これは5番・猿丸大夫の歌「奥山に 紅葉踏みわけ 鳴く鹿の 声きく時ぞ 秋はかなしき」の下の句です。奥深い山で紅葉を踏み分けて鳴く鹿の声を聞く時こそ、秋は悲しいものだ。"
        },
        {
          "text": "白きを見れば 夜ぞふけにける",
          "explanation": "これは6番・中納言家持の歌「かささぎの 渡せる橋に 置く霜の 白きを見れば 夜ぞふけにける」の下の句です。かささぎが渡したという天の橋に降りた霜が白く見えると、夜がすっかり更けたのだなあ。"
        },
        {
          "text": "三笠の山に 出でし月かも",
          "explanation": ""
        },
        {
          "text": "世をうぢ山と 人はいふなり",
          "explanation": "これは8番・喜撰法師の歌「わが庵は 都のたつみ しかぞ住む 世をうぢ山と 人はいふなり」の下の句です。私の庵は都の南東にあり、このように静かに暮らしている。それなのに世を憂しとして宇治山に住んでいると人はいうらしい。"
        },
        {
          "text": "わが身世にふる ながめせしまに",
          "explanation": "これは9番・小野小町の歌「花の色は うつりにけりな いたづらに わが身世にふる ながめせしまに」の下の句です。花の色はすっかり色あせてしまった。むなしく長雨が降る間に。同じように私の美しさも衰えた、物思いにふけっている間に。"
        },
        {
          "text": "知るも知らぬも 逢坂の関",
          "explanation": "これは10番・蝉丸の歌「これやこの 行くも帰るも 別れては 知るも知らぬも 逢坂の関」の下の句です。これがあの、行く人も帰る人も、知り合いも見知らぬ人も、別れてはまた出会うという逢坂の関なのだ。"
        }
      ],
      "correctAnswer": "三笠の山に 出でし月かも",
      "tags": null
    },
    {
      "question": "わが庵は 都のたつみ しかぞ住む",
      "explanation": "「わが庵は 都のたつみ しかぞ住む 世をうぢ山と 人はいふなり」8番・喜撰法師の歌。私の庵は都の南東にあり、このように静かに暮らしている。それなのに世を憂しとして宇治山に住んでいると人はいうらしい。",
      "wordMeanings": [
        {
          "word": "わが庵は",
          "meaning": "私の庵は"
        },
        {
          "word": "都のたつみ",
          "meaning": "都の南東（辰巳の方角）"
        },
        {
          "word": "しかぞ住む",
          "meaning": "このように住んでいる"
        },
        {
          "word": "世をうぢ山と",
          "meaning": "世を憂いて宇治山に（掛詞）"
        },
        {
          "word": "人はいふなり",
          "meaning": "人は言うらしい"
        }
      ],
      "choices": [
        {
          "text": "わが衣手は 露にぬれつつ",
          "explanation": "これは1番・天智天皇の歌「秋の田の かりほの庵の 苫をあらみ わが衣手は 露にぬれつつ」の下の句です。秋の田のそばにある仮小屋の屋根の苫の編み目が粗いので、私の袖は露に濡れ続けている。"
        },
        {
          "text": "衣ほすてふ 天の香具山",
          "explanation": "これは2番・持統天皇の歌「春過ぎて 夏来にけらし 白妙の 衣ほすてふ 天の香具山」の下の句です。春が過ぎて夏が来たらしい。白い衣を干すという天の香具山よ。"
        },
        {
          "text": "ながながし夜を ひとりかも寝む",
          "explanation": "これは3番・柿本人麻呂の歌「あしびきの 山鳥の尾の しだり尾の ながながし夜を ひとりかも寝む」の下の句です。山鳥の長く垂れ下がった尾のように、長い長い夜をひとりで寝るのだろうか。"
        },
        {
          "text": "富士の高嶺に 雪は降りつつ",
          "explanation": "これは4番・山部赤人の歌「田子の浦に うちいでてみれば 白妙の 富士の高嶺に 雪は降りつつ」の下の句です。田子の浦に出てみると、真っ白な富士の高嶺に雪が降り続いている。"
        },
        {
          "text": "声きく時ぞ 秋はかなしき",
          "explanation": "これは5番・猿丸大夫の歌「奥山に 紅葉踏みわけ 鳴く鹿の 声きく時ぞ 秋はかなしき」の下の句です。奥深い山で紅葉を踏み分けて鳴く鹿の声を聞く時こそ、秋は悲しいものだ。"
        },
        {
          "text": "白きを見れば 夜ぞふけにける",
          "explanation": "これは6番・中納言家持の歌「かささぎの 渡せる橋に 置く霜の 白きを見れば 夜ぞふけにける」の下の句です。かささぎが渡したという天の橋に降りた霜が白く見えると、夜がすっかり更けたのだなあ。"
        },
        {
          "text": "三笠の山に 出でし月かも",
          "explanation": "これは7番・安倍仲麻呂の歌「天の原 ふりさけ見れば 春日なる 三笠の山に 出でし月かも」の下の句です。大空をはるかに見渡すと月が出ている。あの月は故郷の春日にある三笠の山に出ていた月と同じなのだなあ。"
        },
        {
          "text": "世をうぢ山と 人はいふなり",
          "explanation": ""
        },
        {
          "text": "わが身世にふる ながめせしまに",
          "explanation": "これは9番・小野小町の歌「花の色は うつりにけりな いたづらに わが身世にふる ながめせしまに」の下の句です。花の色はすっかり色あせてしまった。むなしく長雨が降る間に。同じように私の美しさも衰えた、物思いにふけっている間に。"
        },
        {
          "text": "知るも知らぬも 逢坂の関",
          "explanation": "これは10番・蝉丸の歌「これやこの 行くも帰るも 別れては 知るも知らぬも 逢坂の関」の下の句です。これがあの、行く人も帰る人も、知り合いも見知らぬ人も、別れてはまた出会うという逢坂の関なのだ。"
        }
      ],
      "correctAnswer": "世をうぢ山と 人はいふなり",
      "tags": null
    },
    {
      "question": "花の色は うつりにけりな いたづらに",
      "explanation": "「花の色は うつりにけりな いたづらに わが身世にふる ながめせしまに」9番・小野小町の歌。花の色はすっかり色あせてしまった。むなしく長雨が降る間に。同じように私の美しさも衰えた、物思いにふけっている間に。",
      "wordMeanings": [
        {
          "word": "花の色は",
          "meaning": "花の色は（自分の美貌の比喩）"
        },
        {
          "word": "うつりにけりな",
          "meaning": "色あせてしまったなあ"
        },
        {
          "word": "いたづらに",
          "meaning": "むなしく"
        },
        {
          "word": "わが身世にふる",
          "meaning": "わが身が世に経る（降るの掛詞）"
        },
        {
          "word": "ながめせしまに",
          "meaning": "物思いにふけっている間に（長雨の掛詞）"
        }
      ],
      "choices": [
        {
          "text": "わが衣手は 露にぬれつつ",
          "explanation": "これは1番・天智天皇の歌「秋の田の かりほの庵の 苫をあらみ わが衣手は 露にぬれつつ」の下の句です。秋の田のそばにある仮小屋の屋根の苫の編み目が粗いので、私の袖は露に濡れ続けている。"
        },
        {
          "text": "衣ほすてふ 天の香具山",
          "explanation": "これは2番・持統天皇の歌「春過ぎて 夏来にけらし 白妙の 衣ほすてふ 天の香具山」の下の句です。春が過ぎて夏が来たらしい。白い衣を干すという天の香具山よ。"
        },
        {
          "text": "ながながし夜を ひとりかも寝む",
          "explanation": "これは3番・柿本人麻呂の歌「あしびきの 山鳥の尾の しだり尾の ながながし夜を ひとりかも寝む」の下の句です。山鳥の長く垂れ下がった尾のように、長い長い夜をひとりで寝るのだろうか。"
        },
        {
          "text": "富士の高嶺に 雪は降りつつ",
          "explanation": "これは4番・山部赤人の歌「田子の浦に うちいでてみれば 白妙の 富士の高嶺に 雪は降りつつ」の下の句です。田子の浦に出てみると、真っ白な富士の高嶺に雪が降り続いている。"
        },
        {
          "text": "声きく時ぞ 秋はかなしき",
          "explanation": "これは5番・猿丸大夫の歌「奥山に 紅葉踏みわけ 鳴く鹿の 声きく時ぞ 秋はかなしき」の下の句です。奥深い山で紅葉を踏み分けて鳴く鹿の声を聞く時こそ、秋は悲しいものだ。"
        },
        {
          "text": "白きを見れば 夜ぞふけにける",
          "explanation": "これは6番・中納言家持の歌「かささぎの 渡せる橋に 置く霜の 白きを見れば 夜ぞふけにける」の下の句です。かささぎが渡したという天の橋に降りた霜が白く見えると、夜がすっかり更けたのだなあ。"
        },
        {
          "text": "三笠の山に 出でし月かも",
          "explanation": "これは7番・安倍仲麻呂の歌「天の原 ふりさけ見れば 春日なる 三笠の山に 出でし月かも」の下の句です。大空をはるかに見渡すと月が出ている。あの月は故郷の春日にある三笠の山に出ていた月と同じなのだなあ。"
        },
        {
          "text": "世をうぢ山と 人はいふなり",
          "explanation": "これは8番・喜撰法師の歌「わが庵は 都のたつみ しかぞ住む 世をうぢ山と 人はいふなり」の下の句です。私の庵は都の南東にあり、このように静かに暮らしている。それなのに世を憂しとして宇治山に住んでいると人はいうらしい。"
        },
        {
          "text": "わが身世にふる ながめせしまに",
          "explanation": ""
        },
        {
          "text": "知るも知らぬも 逢坂の関",
          "explanation": "これは10番・蝉丸の歌「これやこの 行くも帰るも 別れては 知るも知らぬも 逢坂の関」の下の句です。これがあの、行く人も帰る人も、知り合いも見知らぬ人も、別れてはまた出会うという逢坂の関なのだ。"
        }
      ],
      "correctAnswer": "わが身世にふる ながめせしまに",
      "tags": null
    },
    {
      "question": "これやこの 行くも帰るも 別れては",
      "explanation": "「これやこの 行くも帰るも 別れては 知るも知らぬも 逢坂の関」10番・蝉丸の歌。これがあの、行く人も帰る人も、知り合いも見知らぬ人も、別れてはまた出会うという逢坂の関なのだ。",
      "wordMeanings": [
        {
          "word": "これやこの",
          "meaning": "これがまあ、あの"
        },
        {
          "word": "行くも帰るも",
          "meaning": "行く人も帰る人も"
        },
        {
          "word": "別れては",
          "meaning": "別れては"
        },
        {
          "word": "知るも知らぬも",
          "meaning": "知人も他人も"
        },
        {
          "word": "逢坂の関",
          "meaning": "逢坂の関（逢うの掛詞）"
        }
      ],
      "choices": [
        {
          "text": "わが衣手は 露にぬれつつ",
          "explanation": "これは1番・天智天皇の歌「秋の田の かりほの庵の 苫をあらみ わが衣手は 露にぬれつつ」の下の句です。秋の田のそばにある仮小屋の屋根の苫の編み目が粗いので、私の袖は露に濡れ続けている。"
        },
        {
          "text": "衣ほすてふ 天の香具山",
          "explanation": "これは2番・持統天皇の歌「春過ぎて 夏来にけらし 白妙の 衣ほすてふ 天の香具山」の下の句です。春が過ぎて夏が来たらしい。白い衣を干すという天の香具山よ。"
        },
        {
          "text": "ながながし夜を ひとりかも寝む",
          "explanation": "これは3番・柿本人麻呂の歌「あしびきの 山鳥の尾の しだり尾の ながながし夜を ひとりかも寝む」の下の句です。山鳥の長く垂れ下がった尾のように、長い長い夜をひとりで寝るのだろうか。"
        },
        {
          "text": "富士の高嶺に 雪は降りつつ",
          "explanation": "これは4番・山部赤人の歌「田子の浦に うちいでてみれば 白妙の 富士の高嶺に 雪は降りつつ」の下の句です。田子の浦に出てみると、真っ白な富士の高嶺に雪が降り続いている。"
        },
        {
          "text": "声きく時ぞ 秋はかなしき",
          "explanation": "これは5番・猿丸大夫の歌「奥山に 紅葉踏みわけ 鳴く鹿の 声きく時ぞ 秋はかなしき」の下の句です。奥深い山で紅葉を踏み分けて鳴く鹿の声を聞く時こそ、秋は悲しいものだ。"
        },
        {
          "text": "白きを見れば 夜ぞふけにける",
          "explanation": "これは6番・中納言家持の歌「かささぎの 渡せる橋に 置く霜の 白きを見れば 夜ぞふけにける」の下の句です。かささぎが渡したという天の橋に降りた霜が白く見えると、夜がすっかり更けたのだなあ。"
        },
        {
          "text": "三笠の山に 出でし月かも",
          "explanation": "これは7番・安倍仲麻呂の歌「天の原 ふりさけ見れば 春日なる 三笠の山に 出でし月かも」の下の句です。大空をはるかに見渡すと月が出ている。あの月は故郷の春日にある三笠の山に出ていた月と同じなのだなあ。"
        },
        {
          "text": "世をうぢ山と 人はいふなり",
          "explanation": "これは8番・喜撰法師の歌「わが庵は 都のたつみ しかぞ住む 世をうぢ山と 人はいふなり」の下の句です。私の庵は都の南東にあり、このように静かに暮らしている。それなのに世を憂しとして宇治山に住んでいると人はいうらしい。"
        },
        {
          "text": "わが身世にふる ながめせしまに",
          "explanation": "これは9番・小野小町の歌「花の色は うつりにけりな いたづらに わが身世にふる ながめせしまに」の下の句です。花の色はすっかり色あせてしまった。むなしく長雨が降る間に。同じように私の美しさも衰えた、物思いにふけっている間に。"
        },
        {
          "text": "知るも知らぬも 逢坂の関",
          "explanation": ""
        }
      ],
      "correctAnswer": "知るも知らぬも 逢坂の関",
      "tags": null
    }
  ]
}
