{
  "key": "hyakunin91to100",
  "displayName": "百人一首(91-100)",
  "questions": [
    {
      "question": "きりぎりす 鳴くや霜夜の さむしろに",
      "explanation": "「きりぎりす 鳴くや霜夜の さむしろに 衣かたしき ひとりかも寝む」91番・後京極摂政前太政大臣の歌。こおろぎが鳴く霜の降りる寒い夜、筵の上に衣を片袖だけ敷いて、ひとりで寝るのだろうか。",
      "wordMeanings": [
        {
          "word": "きりぎりす",
          "meaning": "こおろぎ（古語）"
        },
        {
          "word": "鳴くや",
          "meaning": "鳴いている"
        },
        {
          "word": "霜夜の",
          "meaning": "霜の降りる夜の"
        },
        {
          "word": "さむしろに",
          "meaning": "寒い筵に（狭筵の掛詞）"
        },
        {
          "word": "衣かたしき",
          "meaning": "衣を片方だけ敷いて（独り寝）"
        },
        {
          "word": "ひとりかも寝む",
          "meaning": "ひとりで寝るのだろうか"
        }
      ],
      "choices": [
        {
          "text": "衣かたしき ひとりかも寝む",
          "explanation": ""
        },
        {
          "text": "人こそ知らね 乾く間もなし",
          "explanation": "これは92番・二条院讃岐の歌「わが袖は 潮干に見えぬ 沖の石の 人こそ知らね 乾く間もなし」の下の句です。私の袖は、潮が引いても見えない沖の石のように、人は知らないけれど涙で乾くひまもない。"
        },
        {
          "text": "海人の小舟の 綱手かなしも",
          "explanation": "これは93番・鎌倉右大臣の歌「世の中は 常にもがもな 渚こぐ 海人の小舟の 綱手かなしも」の下の句です。世の中はいつまでも変わらないでほしい。渚を漕ぐ漁師の小舟が綱で引かれていく様子がしみじみと愛おしい。"
        },
        {
          "text": "ふるさと寒く 衣うつなり",
          "explanation": "これは94番・参議雅経の歌「み吉野の 山の秋風 さ夜ふけて ふるさと寒く 衣うつなり」の下の句です。吉野の山に秋風が吹き、夜が更けると、旧都は寒々として砧で衣を打つ音が聞こえてくる。"
        },
        {
          "text": "わが立つ杣に 墨染の袖",
          "explanation": "これは95番・前大僧正慈円の歌「おほけなく うき世の民に おほふかな わが立つ杣に 墨染の袖」の下の句です。身の程知らずにも、つらい世に生きる人々を覆い守ろう。私が立つ比叡山のこの墨染めの僧衣の袖で。"
        },
        {
          "text": "ふりゆくものは わが身なりけり",
          "explanation": "これは96番・入道前太政大臣の歌「花さそふ 嵐の庭の 雪ならで ふりゆくものは わが身なりけり」の下の句です。花を散らす嵐の庭に降る雪のような花びらではなく、本当に降り（古り）ゆくのは、老いてゆく我が身であった。"
        },
        {
          "text": "焼くや藻塩の 身もこがれつつ",
          "explanation": "これは97番・権中納言定家の歌「来ぬ人を まつほの浦の 夕なぎに 焼くや藻塩の 身もこがれつつ」の下の句です。来ない人を待つ松帆の浦の夕凪どき、焼く藻塩のように私の身も恋い焦がれている。"
        },
        {
          "text": "みそぎぞ夏の しるしなりける",
          "explanation": "これは98番・従二位家隆の歌「風そよぐ ならの小川の 夕暮れは みそぎぞ夏の しるしなりける」の下の句です。風がそよぐ楢の小川の夕暮れはすっかり秋の気配だが、禊の行事だけが夏であることの証であった。"
        },
        {
          "text": "世を思ふゆゑに もの思ふ身は",
          "explanation": "これは99番・後鳥羽院の歌「人もをし 人もうらめし あぢきなく 世を思ふゆゑに もの思ふ身は」の下の句です。人が愛おしくもあり、恨めしくもある。世の中をつまらなく思うがゆえに、あれこれと悩むこの身よ。"
        },
        {
          "text": "なほあまりある 昔なりけり",
          "explanation": "これは100番・順徳院の歌「ももしきや 古き軒端の しのぶにも なほあまりある 昔なりけり」の下の句です。宮中の古い軒先に生える忍ぶ草を見ても、偲んでも偲びきれないほどの栄華の昔であった。百人一首の最後の歌。"
        }
      ],
      "correctAnswer": "衣かたしき ひとりかも寝む",
      "tags": null
    },
    {
      "question": "わが袖は 潮干に見えぬ 沖の石の",
      "explanation": "「わが袖は 潮干に見えぬ 沖の石の 人こそ知らね 乾く間もなし」92番・二条院讃岐の歌。私の袖は、潮が引いても見えない沖の石のように、人は知らないけれど涙で乾くひまもない。",
      "wordMeanings": [
        {
          "word": "わが袖は",
          "meaning": "私の袖は"
        },
        {
          "word": "潮干に見えぬ",
          "meaning": "潮が引いても見えない"
        },
        {
          "word": "沖の石の",
          "meaning": "沖にある石の"
        },
        {
          "word": "人こそ知らね",
          "meaning": "人は知らないが（こそ〜已然形＝逆接）"
        },
        {
          "word": "乾く間もなし",
          "meaning": "乾く暇もない"
        }
      ],
      "choices": [
        {
          "text": "衣かたしき ひとりかも寝む",
          "explanation": "これは91番・後京極摂政前太政大臣の歌「きりぎりす 鳴くや霜夜の さむしろに 衣かたしき ひとりかも寝む」の下の句です。こおろぎが鳴く霜の降りる寒い夜、筵の上に衣を片袖だけ敷いて、ひとりで寝るのだろうか。"
        },
        {
          "text": "人こそ知らね 乾く間もなし",
          "explanation": ""
        },
        {
          "text": "海人の小舟の 綱手かなしも",
          "explanation": "これは93番・鎌倉右大臣の歌「世の中は 常にもがもな 渚こぐ 海人の小舟の 綱手かなしも」の下の句です。世の中はいつまでも変わらないでほしい。渚を漕ぐ漁師の小舟が綱で引かれていく様子がしみじみと愛おしい。"
        },
        {
          "text": "ふるさと寒く 衣うつなり",
          "explanation": "これは94番・参議雅経の歌「み吉野の 山の秋風 さ夜ふけて ふるさと寒く 衣うつなり」の下の句です。吉野の山に秋風が吹き、夜が更けると、旧都は寒々として砧で衣を打つ音が聞こえてくる。"
        },
        {
          "text": "わが立つ杣に 墨染の袖",
          "explanation": "これは95番・前大僧正慈円の歌「おほけなく うき世の民に おほふかな わが立つ杣に 墨染の袖」の下の句です。身の程知らずにも、つらい世に生きる人々を覆い守ろう。私が立つ比叡山のこの墨染めの僧衣の袖で。"
        },
        {
          "text": "ふりゆくものは わが身なりけり",
          "explanation": "これは96番・入道前太政大臣の歌「花さそふ 嵐の庭の 雪ならで ふりゆくものは わが身なりけり」の下の句です。花を散らす嵐の庭に降る雪のような花びらではなく、本当に降り（古り）ゆくのは、老いてゆく我が身であった。"
        },
        {
          "text": "焼くや藻塩の 身もこがれつつ",
          "explanation": "これは97番・権中納言定家の歌「来ぬ人を まつほの浦の 夕なぎに 焼くや藻塩の 身もこがれつつ」の下の句です。来ない人を待つ松帆の浦の夕凪どき、焼く藻塩のように私の身も恋い焦がれている。"
        },
        {
          "text": "みそぎぞ夏の しるしなりける",
          "explanation": "これは98番・従二位家隆の歌「風そよぐ ならの小川の 夕暮れは みそぎぞ夏の しるしなりける」の下の句です。風がそよぐ楢の小川の夕暮れはすっかり秋の気配だが、禊の行事だけが夏であることの証であった。"
        },
        {
          "text": "世を思ふゆゑに もの思ふ身は",
          "explanation": "これは99番・後鳥羽院の歌「人もをし 人もうらめし あぢきなく 世を思ふゆゑに もの思ふ身は」の下の句です。人が愛おしくもあり、恨めしくもある。世の中をつまらなく思うがゆえに、あれこれと悩むこの身よ。"
        },
        {
          "text": "なほあまりある 昔なりけり",
          "explanation": "これは100番・順徳院の歌「ももしきや 古き軒端の しのぶにも なほあまりある 昔なりけり」の下の句です。宮中の古い軒先に生える忍ぶ草を見ても、偲んでも偲びきれないほどの栄華の昔であった。百人一首の最後の歌。"
        }
      ],
      "correctAnswer": "人こそ知らね 乾く間もなし",
      "tags": null
    },
    {
      "question": "世の中は 常にもがもな 渚こぐ",
      "explanation": "「世の中は 常にもがもな 渚こぐ 海人の小舟の 綱手かなしも」93番・鎌倉右大臣の歌。世の中はいつまでも変わらないでほしい。渚を漕ぐ漁師の小舟が綱で引かれていく様子がしみじみと愛おしい。",
      "wordMeanings": [
        {
          "word": "世の中は",
          "meaning": "世の中は"
        },
        {
          "word": "常にもがもな",
          "meaning": "いつも変わらなければいいのに（もがもな＝願望）"
        },
        {
          "word": "渚こぐ",
          "meaning": "渚を漕ぐ"
        },
        {
          "word": "海人の小舟の",
          "meaning": "漁師の小舟の"
        },
        {
          "word": "綱手",
          "meaning": "舟を引く綱"
        },
        {
          "word": "かなしも",
          "meaning": "いとしいことよ"
        }
      ],
      "choices": [
        {
          "text": "衣かたしき ひとりかも寝む",
          "explanation": "これは91番・後京極摂政前太政大臣の歌「きりぎりす 鳴くや霜夜の さむしろに 衣かたしき ひとりかも寝む」の下の句です。こおろぎが鳴く霜の降りる寒い夜、筵の上に衣を片袖だけ敷いて、ひとりで寝るのだろうか。"
        },
        {
          "text": "人こそ知らね 乾く間もなし",
          "explanation": "これは92番・二条院讃岐の歌「わが袖は 潮干に見えぬ 沖の石の 人こそ知らね 乾く間もなし」の下の句です。私の袖は、潮が引いても見えない沖の石のように、人は知らないけれど涙で乾くひまもない。"
        },
        {
          "text": "海人の小舟の 綱手かなしも",
          "explanation": ""
        },
        {
          "text": "ふるさと寒く 衣うつなり",
          "explanation": "これは94番・参議雅経の歌「み吉野の 山の秋風 さ夜ふけて ふるさと寒く 衣うつなり」の下の句です。吉野の山に秋風が吹き、夜が更けると、旧都は寒々として砧で衣を打つ音が聞こえてくる。"
        },
        {
          "text": "わが立つ杣に 墨染の袖",
          "explanation": "これは95番・前大僧正慈円の歌「おほけなく うき世の民に おほふかな わが立つ杣に 墨染の袖」の下の句です。身の程知らずにも、つらい世に生きる人々を覆い守ろう。私が立つ比叡山のこの墨染めの僧衣の袖で。"
        },
        {
          "text": "ふりゆくものは わが身なりけり",
          "explanation": "これは96番・入道前太政大臣の歌「花さそふ 嵐の庭の 雪ならで ふりゆくものは わが身なりけり」の下の句です。花を散らす嵐の庭に降る雪のような花びらではなく、本当に降り（古り）ゆくのは、老いてゆく我が身であった。"
        },
        {
          "text": "焼くや藻塩の 身もこがれつつ",
          "explanation": "これは97番・権中納言定家の歌「来ぬ人を まつほの浦の 夕なぎに 焼くや藻塩の 身もこがれつつ」の下の句です。来ない人を待つ松帆の浦の夕凪どき、焼く藻塩のように私の身も恋い焦がれている。"
        },
        {
          "text": "みそぎぞ夏の しるしなりける",
          "explanation": "これは98番・従二位家隆の歌「風そよぐ ならの小川の 夕暮れは みそぎぞ夏の しるしなりける」の下の句です。風がそよぐ楢の小川の夕暮れはすっかり秋の気配だが、禊の行事だけが夏であることの証であった。"
        },
        {
          "text": "世を思ふゆゑに もの思ふ身は",
          "explanation": "これは99番・後鳥羽院の歌「人もをし 人もうらめし あぢきなく 世を思ふゆゑに もの思ふ身は」の下の句です。人が愛おしくもあり、恨めしくもある。世の中をつまらなく思うがゆえに、あれこれと悩むこの身よ。"
        },
        {
          "text": "なほあまりある 昔なりけり",
          "explanation": "これは100番・順徳院の歌「ももしきや 古き軒端の しのぶにも なほあまりある 昔なりけり」の下の句です。宮中の古い軒先に生える忍ぶ草を見ても、偲んでも偲びきれないほどの栄華の昔であった。百人一首の最後の歌。"
        }
      ],
      "correctAnswer": "海人の小舟の 綱手かなしも",
      "tags": null
    },
    {
      "question": "み吉野の 山の秋風 さ夜ふけて",
      "explanation": "「み吉野の 山の秋風 さ夜ふけて ふるさと寒く 衣うつなり」94番・参議雅経の歌。吉野の山に秋風が吹き、夜が更けると、旧都は寒々として砧で衣を打つ音が聞こえてくる。",
      "wordMeanings": [
        {
          "word": "み吉野の",
          "meaning": "吉野の（美称のみ）"
        },
        {
          "word": "山の秋風",
          "meaning": "山の秋風"
        },
        {
          "word": "さ夜ふけて",
          "meaning": "夜が更けて"
        },
        {
          "word": "ふるさと",
          "meaning": "旧都（古い都）"
        },
        {
          "word": "寒く",
          "meaning": "寒く"
        },
        {
          "word": "衣うつなり",
          "meaning": "衣を打つ音が聞こえる（砧の音）"
        }
      ],
      "choices": [
        {
          "text": "衣かたしき ひとりかも寝む",
          "explanation": "これは91番・後京極摂政前太政大臣の歌「きりぎりす 鳴くや霜夜の さむしろに 衣かたしき ひとりかも寝む」の下の句です。こおろぎが鳴く霜の降りる寒い夜、筵の上に衣を片袖だけ敷いて、ひとりで寝るのだろうか。"
        },
        {
          "text": "人こそ知らね 乾く間もなし",
          "explanation": "これは92番・二条院讃岐の歌「わが袖は 潮干に見えぬ 沖の石の 人こそ知らね 乾く間もなし」の下の句です。私の袖は、潮が引いても見えない沖の石のように、人は知らないけれど涙で乾くひまもない。"
        },
        {
          "text": "海人の小舟の 綱手かなしも",
          "explanation": "これは93番・鎌倉右大臣の歌「世の中は 常にもがもな 渚こぐ 海人の小舟の 綱手かなしも」の下の句です。世の中はいつまでも変わらないでほしい。渚を漕ぐ漁師の小舟が綱で引かれていく様子がしみじみと愛おしい。"
        },
        {
          "text": "ふるさと寒く 衣うつなり",
          "explanation": ""
        },
        {
          "text": "わが立つ杣に 墨染の袖",
          "explanation": "これは95番・前大僧正慈円の歌「おほけなく うき世の民に おほふかな わが立つ杣に 墨染の袖」の下の句です。身の程知らずにも、つらい世に生きる人々を覆い守ろう。私が立つ比叡山のこの墨染めの僧衣の袖で。"
        },
        {
          "text": "ふりゆくものは わが身なりけり",
          "explanation": "これは96番・入道前太政大臣の歌「花さそふ 嵐の庭の 雪ならで ふりゆくものは わが身なりけり」の下の句です。花を散らす嵐の庭に降る雪のような花びらではなく、本当に降り（古り）ゆくのは、老いてゆく我が身であった。"
        },
        {
          "text": "焼くや藻塩の 身もこがれつつ",
          "explanation": "これは97番・権中納言定家の歌「来ぬ人を まつほの浦の 夕なぎに 焼くや藻塩の 身もこがれつつ」の下の句です。来ない人を待つ松帆の浦の夕凪どき、焼く藻塩のように私の身も恋い焦がれている。"
        },
        {
          "text": "みそぎぞ夏の しるしなりける",
          "explanation": "これは98番・従二位家隆の歌「風そよぐ ならの小川の 夕暮れは みそぎぞ夏の しるしなりける」の下の句です。風がそよぐ楢の小川の夕暮れはすっかり秋の気配だが、禊の行事だけが夏であることの証であった。"
        },
        {
          "text": "世を思ふゆゑに もの思ふ身は",
          "explanation": "これは99番・後鳥羽院の歌「人もをし 人もうらめし あぢきなく 世を思ふゆゑに もの思ふ身は」の下の句です。人が愛おしくもあり、恨めしくもある。世の中をつまらなく思うがゆえに、あれこれと悩むこの身よ。"
        },
        {
          "text": "なほあまりある 昔なりけり",
          "explanation": "これは100番・順徳院の歌「ももしきや 古き軒端の しのぶにも なほあまりある 昔なりけり」の下の句です。宮中の古い軒先に生える忍ぶ草を見ても、偲んでも偲びきれないほどの栄華の昔であった。百人一首の最後の歌。"
        }
      ],
      "correctAnswer": "ふるさと寒く 衣うつなり",
      "tags": null
    },
    {
      "question": "おほけなく うき世の民に おほふかな",
      "explanation": "「おほけなく うき世の民に おほふかな わが立つ杣に 墨染の袖」95番・前大僧正慈円の歌。身の程知らずにも、つらい世に生きる人々を覆い守ろう。私が立つ比叡山のこの墨染めの僧衣の袖で。",
      "wordMeanings": [
        {
          "word": "おほけなく",
          "meaning": "恐れ多くも・身の程知らずにも"
        },
        {
          "word": "うき世の民に",
          "meaning": "つらい世の中の民に"
        },
        {
          "word": "おほふかな",
          "meaning": "覆うことであるよ"
        },
        {
          "word": "わが立つ杣に",
          "meaning": "私が立つ杣山（比叡山）に"
        },
        {
          "word": "墨染の袖",
          "meaning": "墨染めの袖（僧衣）"
        }
      ],
      "choices": [
        {
          "text": "衣かたしき ひとりかも寝む",
          "explanation": "これは91番・後京極摂政前太政大臣の歌「きりぎりす 鳴くや霜夜の さむしろに 衣かたしき ひとりかも寝む」の下の句です。こおろぎが鳴く霜の降りる寒い夜、筵の上に衣を片袖だけ敷いて、ひとりで寝るのだろうか。"
        },
        {
          "text": "人こそ知らね 乾く間もなし",
          "explanation": "これは92番・二条院讃岐の歌「わが袖は 潮干に見えぬ 沖の石の 人こそ知らね 乾く間もなし」の下の句です。私の袖は、潮が引いても見えない沖の石のように、人は知らないけれど涙で乾くひまもない。"
        },
        {
          "text": "海人の小舟の 綱手かなしも",
          "explanation": "これは93番・鎌倉右大臣の歌「世の中は 常にもがもな 渚こぐ 海人の小舟の 綱手かなしも」の下の句です。世の中はいつまでも変わらないでほしい。渚を漕ぐ漁師の小舟が綱で引かれていく様子がしみじみと愛おしい。"
        },
        {
          "text": "ふるさと寒く 衣うつなり",
          "explanation": "これは94番・参議雅経の歌「み吉野の 山の秋風 さ夜ふけて ふるさと寒く 衣うつなり」の下の句です。吉野の山に秋風が吹き、夜が更けると、旧都は寒々として砧で衣を打つ音が聞こえてくる。"
        },
        {
          "text": "わが立つ杣に 墨染の袖",
          "explanation": ""
        },
        {
          "text": "ふりゆくものは わが身なりけり",
          "explanation": "これは96番・入道前太政大臣の歌「花さそふ 嵐の庭の 雪ならで ふりゆくものは わが身なりけり」の下の句です。花を散らす嵐の庭に降る雪のような花びらではなく、本当に降り（古り）ゆくのは、老いてゆく我が身であった。"
        },
        {
          "text": "焼くや藻塩の 身もこがれつつ",
          "explanation": "これは97番・権中納言定家の歌「来ぬ人を まつほの浦の 夕なぎに 焼くや藻塩の 身もこがれつつ」の下の句です。来ない人を待つ松帆の浦の夕凪どき、焼く藻塩のように私の身も恋い焦がれている。"
        },
        {
          "text": "みそぎぞ夏の しるしなりける",
          "explanation": "これは98番・従二位家隆の歌「風そよぐ ならの小川の 夕暮れは みそぎぞ夏の しるしなりける」の下の句です。風がそよぐ楢の小川の夕暮れはすっかり秋の気配だが、禊の行事だけが夏であることの証であった。"
        },
        {
          "text": "世を思ふゆゑに もの思ふ身は",
          "explanation": "これは99番・後鳥羽院の歌「人もをし 人もうらめし あぢきなく 世を思ふゆゑに もの思ふ身は」の下の句です。人が愛おしくもあり、恨めしくもある。世の中をつまらなく思うがゆえに、あれこれと悩むこの身よ。"
        },
        {
          "text": "なほあまりある 昔なりけり",
          "explanation": "これは100番・順徳院の歌「ももしきや 古き軒端の しのぶにも なほあまりある 昔なりけり」の下の句です。宮中の古い軒先に生える忍ぶ草を見ても、偲んでも偲びきれないほどの栄華の昔であった。百人一首の最後の歌。"
        }
      ],
      "correctAnswer": "わが立つ杣に 墨染の袖",
      "tags": null
    },
    {
      "question": "花さそふ 嵐の庭の 雪ならで",
      "explanation": "「花さそふ 嵐の庭の 雪ならで ふりゆくものは わが身なりけり」96番・入道前太政大臣の歌。花を散らす嵐の庭に降る雪のような花びらではなく、本当に降り（古り）ゆくのは、老いてゆく我が身であった。",
      "wordMeanings": [
        {
          "word": "花さそふ",
          "meaning": "花を誘う（散らす）"
        },
        {
          "word": "嵐の庭の",
          "meaning": "嵐の庭の"
        },
        {
          "word": "雪ならで",
          "meaning": "雪（花びら）ではなくて"
        },
        {
          "word": "ふりゆくものは",
          "meaning": "降りゆく（古りゆく＝老いゆくの掛詞）ものは"
        },
        {
          "word": "わが身なりけり",
          "meaning": "わが身であったよ"
        }
      ],
      "choices": [
        {
          "text": "衣かたしき ひとりかも寝む",
          "explanation": "これは91番・後京極摂政前太政大臣の歌「きりぎりす 鳴くや霜夜の さむしろに 衣かたしき ひとりかも寝む」の下の句です。こおろぎが鳴く霜の降りる寒い夜、筵の上に衣を片袖だけ敷いて、ひとりで寝るのだろうか。"
        },
        {
          "text": "人こそ知らね 乾く間もなし",
          "explanation": "これは92番・二条院讃岐の歌「わが袖は 潮干に見えぬ 沖の石の 人こそ知らね 乾く間もなし」の下の句です。私の袖は、潮が引いても見えない沖の石のように、人は知らないけれど涙で乾くひまもない。"
        },
        {
          "text": "海人の小舟の 綱手かなしも",
          "explanation": "これは93番・鎌倉右大臣の歌「世の中は 常にもがもな 渚こぐ 海人の小舟の 綱手かなしも」の下の句です。世の中はいつまでも変わらないでほしい。渚を漕ぐ漁師の小舟が綱で引かれていく様子がしみじみと愛おしい。"
        },
        {
          "text": "ふるさと寒く 衣うつなり",
          "explanation": "これは94番・参議雅経の歌「み吉野の 山の秋風 さ夜ふけて ふるさと寒く 衣うつなり」の下の句です。吉野の山に秋風が吹き、夜が更けると、旧都は寒々として砧で衣を打つ音が聞こえてくる。"
        },
        {
          "text": "わが立つ杣に 墨染の袖",
          "explanation": "これは95番・前大僧正慈円の歌「おほけなく うき世の民に おほふかな わが立つ杣に 墨染の袖」の下の句です。身の程知らずにも、つらい世に生きる人々を覆い守ろう。私が立つ比叡山のこの墨染めの僧衣の袖で。"
        },
        {
          "text": "ふりゆくものは わが身なりけり",
          "explanation": ""
        },
        {
          "text": "焼くや藻塩の 身もこがれつつ",
          "explanation": "これは97番・権中納言定家の歌「来ぬ人を まつほの浦の 夕なぎに 焼くや藻塩の 身もこがれつつ」の下の句です。来ない人を待つ松帆の浦の夕凪どき、焼く藻塩のように私の身も恋い焦がれている。"
        },
        {
          "text": "みそぎぞ夏の しるしなりける",
          "explanation": "これは98番・従二位家隆の歌「風そよぐ ならの小川の 夕暮れは みそぎぞ夏の しるしなりける」の下の句です。風がそよぐ楢の小川の夕暮れはすっかり秋の気配だが、禊の行事だけが夏であることの証であった。"
        },
        {
          "text": "世を思ふゆゑに もの思ふ身は",
          "explanation": "これは99番・後鳥羽院の歌「人もをし 人もうらめし あぢきなく 世を思ふゆゑに もの思ふ身は」の下の句です。人が愛おしくもあり、恨めしくもある。世の中をつまらなく思うがゆえに、あれこれと悩むこの身よ。"
        },
        {
          "text": "なほあまりある 昔なりけり",
          "explanation": "これは100番・順徳院の歌「ももしきや 古き軒端の しのぶにも なほあまりある 昔なりけり」の下の句です。宮中の古い軒先に生える忍ぶ草を見ても、偲んでも偲びきれないほどの栄華の昔であった。百人一首の最後の歌。"
        }
      ],
      "correctAnswer": "ふりゆくものは わが身なりけり",
      "tags": null
    },
    {
      "question": "来ぬ人を まつほの浦の 夕なぎに",
      "explanation": "「来ぬ人を まつほの浦の 夕なぎに 焼くや藻塩の 身もこがれつつ」97番・権中納言定家の歌。来ない人を待つ松帆の浦の夕凪どき、焼く藻塩のように私の身も恋い焦がれている。",
      "wordMeanings": [
        {
          "word": "来ぬ人を",
          "meaning": "来ない人を"
        },
        {
          "word": "まつほの浦の",
          "meaning": "松帆の浦の（待つの掛詞）"
        },
        {
          "word": "夕なぎに",
          "meaning": "夕凪に"
        },
        {
          "word": "焼くや藻塩の",
          "meaning": "焼く藻塩の"
        },
        {
          "word": "身もこがれつつ",
          "meaning": "身も焦がれている（恋い焦がれるの掛詞）"
        }
      ],
      "choices": [
        {
          "text": "衣かたしき ひとりかも寝む",
          "explanation": "これは91番・後京極摂政前太政大臣の歌「きりぎりす 鳴くや霜夜の さむしろに 衣かたしき ひとりかも寝む」の下の句です。こおろぎが鳴く霜の降りる寒い夜、筵の上に衣を片袖だけ敷いて、ひとりで寝るのだろうか。"
        },
        {
          "text": "人こそ知らね 乾く間もなし",
          "explanation": "これは92番・二条院讃岐の歌「わが袖は 潮干に見えぬ 沖の石の 人こそ知らね 乾く間もなし」の下の句です。私の袖は、潮が引いても見えない沖の石のように、人は知らないけれど涙で乾くひまもない。"
        },
        {
          "text": "海人の小舟の 綱手かなしも",
          "explanation": "これは93番・鎌倉右大臣の歌「世の中は 常にもがもな 渚こぐ 海人の小舟の 綱手かなしも」の下の句です。世の中はいつまでも変わらないでほしい。渚を漕ぐ漁師の小舟が綱で引かれていく様子がしみじみと愛おしい。"
        },
        {
          "text": "ふるさと寒く 衣うつなり",
          "explanation": "これは94番・参議雅経の歌「み吉野の 山の秋風 さ夜ふけて ふるさと寒く 衣うつなり」の下の句です。吉野の山に秋風が吹き、夜が更けると、旧都は寒々として砧で衣を打つ音が聞こえてくる。"
        },
        {
          "text": "わが立つ杣に 墨染の袖",
          "explanation": "これは95番・前大僧正慈円の歌「おほけなく うき世の民に おほふかな わが立つ杣に 墨染の袖」の下の句です。身の程知らずにも、つらい世に生きる人々を覆い守ろう。私が立つ比叡山のこの墨染めの僧衣の袖で。"
        },
        {
          "text": "ふりゆくものは わが身なりけり",
          "explanation": "これは96番・入道前太政大臣の歌「花さそふ 嵐の庭の 雪ならで ふりゆくものは わが身なりけり」の下の句です。花を散らす嵐の庭に降る雪のような花びらではなく、本当に降り（古り）ゆくのは、老いてゆく我が身であった。"
        },
        {
          "text": "焼くや藻塩の 身もこがれつつ",
          "explanation": ""
        },
        {
          "text": "みそぎぞ夏の しるしなりける",
          "explanation": "これは98番・従二位家隆の歌「風そよぐ ならの小川の 夕暮れは みそぎぞ夏の しるしなりける」の下の句です。風がそよぐ楢の小川の夕暮れはすっかり秋の気配だが、禊の行事だけが夏であることの証であった。"
        },
        {
          "text": "世を思ふゆゑに もの思ふ身は",
          "explanation": "これは99番・後鳥羽院の歌「人もをし 人もうらめし あぢきなく 世を思ふゆゑに もの思ふ身は」の下の句です。人が愛おしくもあり、恨めしくもある。世の中をつまらなく思うがゆえに、あれこれと悩むこの身よ。"
        },
        {
          "text": "なほあまりある 昔なりけり",
          "explanation": "これは100番・順徳院の歌「ももしきや 古き軒端の しのぶにも なほあまりある 昔なりけり」の下の句です。宮中の古い軒先に生える忍ぶ草を見ても、偲んでも偲びきれないほどの栄華の昔であった。百人一首の最後の歌。"
        }
      ],
      "correctAnswer": "焼くや藻塩の 身もこがれつつ",
      "tags": null
    },
    {
      "question": "風そよぐ ならの小川の 夕暮れは",
      "explanation": "「風そよぐ ならの小川の 夕暮れは みそぎぞ夏の しるしなりける」98番・従二位家隆の歌。風がそよぐ楢の小川の夕暮れはすっかり秋の気配だが、禊の行事だけが夏であることの証であった。",
      "wordMeanings": [
        {
          "word": "風そよぐ",
          "meaning": "風がそよぐ"
        },
        {
          "word": "ならの小川の",
          "meaning": "奈良の小川の（楢の葉の掛詞）"
        },
        {
          "word": "夕暮れは",
          "meaning": "夕暮れは"
        },
        {
          "word": "みそぎ",
          "meaning": "禊（夏越の祓の神事）"
        },
        {
          "word": "夏の",
          "meaning": "夏の"
        },
        {
          "word": "しるしなりける",
          "meaning": "証であったよ"
        }
      ],
      "choices": [
        {
          "text": "衣かたしき ひとりかも寝む",
          "explanation": "これは91番・後京極摂政前太政大臣の歌「きりぎりす 鳴くや霜夜の さむしろに 衣かたしき ひとりかも寝む」の下の句です。こおろぎが鳴く霜の降りる寒い夜、筵の上に衣を片袖だけ敷いて、ひとりで寝るのだろうか。"
        },
        {
          "text": "人こそ知らね 乾く間もなし",
          "explanation": "これは92番・二条院讃岐の歌「わが袖は 潮干に見えぬ 沖の石の 人こそ知らね 乾く間もなし」の下の句です。私の袖は、潮が引いても見えない沖の石のように、人は知らないけれど涙で乾くひまもない。"
        },
        {
          "text": "海人の小舟の 綱手かなしも",
          "explanation": "これは93番・鎌倉右大臣の歌「世の中は 常にもがもな 渚こぐ 海人の小舟の 綱手かなしも」の下の句です。世の中はいつまでも変わらないでほしい。渚を漕ぐ漁師の小舟が綱で引かれていく様子がしみじみと愛おしい。"
        },
        {
          "text": "ふるさと寒く 衣うつなり",
          "explanation": "これは94番・参議雅経の歌「み吉野の 山の秋風 さ夜ふけて ふるさと寒く 衣うつなり」の下の句です。吉野の山に秋風が吹き、夜が更けると、旧都は寒々として砧で衣を打つ音が聞こえてくる。"
        },
        {
          "text": "わが立つ杣に 墨染の袖",
          "explanation": "これは95番・前大僧正慈円の歌「おほけなく うき世の民に おほふかな わが立つ杣に 墨染の袖」の下の句です。身の程知らずにも、つらい世に生きる人々を覆い守ろう。私が立つ比叡山のこの墨染めの僧衣の袖で。"
        },
        {
          "text": "ふりゆくものは わが身なりけり",
          "explanation": "これは96番・入道前太政大臣の歌「花さそふ 嵐の庭の 雪ならで ふりゆくものは わが身なりけり」の下の句です。花を散らす嵐の庭に降る雪のような花びらではなく、本当に降り（古り）ゆくのは、老いてゆく我が身であった。"
        },
        {
          "text": "焼くや藻塩の 身もこがれつつ",
          "explanation": "これは97番・権中納言定家の歌「来ぬ人を まつほの浦の 夕なぎに 焼くや藻塩の 身もこがれつつ」の下の句です。来ない人を待つ松帆の浦の夕凪どき、焼く藻塩のように私の身も恋い焦がれている。"
        },
        {
          "text": "みそぎぞ夏の しるしなりける",
          "explanation": ""
        },
        {
          "text": "世を思ふゆゑに もの思ふ身は",
          "explanation": "これは99番・後鳥羽院の歌「人もをし 人もうらめし あぢきなく 世を思ふゆゑに もの思ふ身は」の下の句です。人が愛おしくもあり、恨めしくもある。世の中をつまらなく思うがゆえに、あれこれと悩むこの身よ。"
        },
        {
          "text": "なほあまりある 昔なりけり",
          "explanation": "これは100番・順徳院の歌「ももしきや 古き軒端の しのぶにも なほあまりある 昔なりけり」の下の句です。宮中の古い軒先に生える忍ぶ草を見ても、偲んでも偲びきれないほどの栄華の昔であった。百人一首の最後の歌。"
        }
      ],
      "correctAnswer": "みそぎぞ夏の しるしなりける",
      "tags": null
    },
    {
      "question": "人もをし 人もうらめし あぢきなく",
      "explanation": "「人もをし 人もうらめし あぢきなく 世を思ふゆゑに もの思ふ身は」99番・後鳥羽院の歌。人が愛おしくもあり、恨めしくもある。世の中をつまらなく思うがゆえに、あれこれと悩むこの身よ。",
      "wordMeanings": [
        {
          "word": "人もをし",
          "meaning": "人がいとしくもあり"
        },
        {
          "word": "人もうらめし",
          "meaning": "人が恨めしくもある"
        },
        {
          "word": "あぢきなく",
          "meaning": "つまらなく・やるせなく"
        },
        {
          "word": "世を思ふ",
          "meaning": "世の中を思う"
        },
        {
          "word": "ゆゑに",
          "meaning": "ために"
        },
        {
          "word": "もの思ふ身は",
          "meaning": "物思いをするこの身は"
        }
      ],
      "choices": [
        {
          "text": "衣かたしき ひとりかも寝む",
          "explanation": "これは91番・後京極摂政前太政大臣の歌「きりぎりす 鳴くや霜夜の さむしろに 衣かたしき ひとりかも寝む」の下の句です。こおろぎが鳴く霜の降りる寒い夜、筵の上に衣を片袖だけ敷いて、ひとりで寝るのだろうか。"
        },
        {
          "text": "人こそ知らね 乾く間もなし",
          "explanation": "これは92番・二条院讃岐の歌「わが袖は 潮干に見えぬ 沖の石の 人こそ知らね 乾く間もなし」の下の句です。私の袖は、潮が引いても見えない沖の石のように、人は知らないけれど涙で乾くひまもない。"
        },
        {
          "text": "海人の小舟の 綱手かなしも",
          "explanation": "これは93番・鎌倉右大臣の歌「世の中は 常にもがもな 渚こぐ 海人の小舟の 綱手かなしも」の下の句です。世の中はいつまでも変わらないでほしい。渚を漕ぐ漁師の小舟が綱で引かれていく様子がしみじみと愛おしい。"
        },
        {
          "text": "ふるさと寒く 衣うつなり",
          "explanation": "これは94番・参議雅経の歌「み吉野の 山の秋風 さ夜ふけて ふるさと寒く 衣うつなり」の下の句です。吉野の山に秋風が吹き、夜が更けると、旧都は寒々として砧で衣を打つ音が聞こえてくる。"
        },
        {
          "text": "わが立つ杣に 墨染の袖",
          "explanation": "これは95番・前大僧正慈円の歌「おほけなく うき世の民に おほふかな わが立つ杣に 墨染の袖」の下の句です。身の程知らずにも、つらい世に生きる人々を覆い守ろう。私が立つ比叡山のこの墨染めの僧衣の袖で。"
        },
        {
          "text": "ふりゆくものは わが身なりけり",
          "explanation": "これは96番・入道前太政大臣の歌「花さそふ 嵐の庭の 雪ならで ふりゆくものは わが身なりけり」の下の句です。花を散らす嵐の庭に降る雪のような花びらではなく、本当に降り（古り）ゆくのは、老いてゆく我が身であった。"
        },
        {
          "text": "焼くや藻塩の 身もこがれつつ",
          "explanation": "これは97番・権中納言定家の歌「来ぬ人を まつほの浦の 夕なぎに 焼くや藻塩の 身もこがれつつ」の下の句です。来ない人を待つ松帆の浦の夕凪どき、焼く藻塩のように私の身も恋い焦がれている。"
        },
        {
          "text": "みそぎぞ夏の しるしなりける",
          "explanation": "これは98番・従二位家隆の歌「風そよぐ ならの小川の 夕暮れは みそぎぞ夏の しるしなりける」の下の句です。風がそよぐ楢の小川の夕暮れはすっかり秋の気配だが、禊の行事だけが夏であることの証であった。"
        },
        {
          "text": "世を思ふゆゑに もの思ふ身は",
          "explanation": ""
        },
        {
          "text": "なほあまりある 昔なりけり",
          "explanation": "これは100番・順徳院の歌「ももしきや 古き軒端の しのぶにも なほあまりある 昔なりけり」の下の句です。宮中の古い軒先に生える忍ぶ草を見ても、偲んでも偲びきれないほどの栄華の昔であった。百人一首の最後の歌。"
        }
      ],
      "correctAnswer": "世を思ふゆゑに もの思ふ身は",
      "tags": null
    },
    {
      "question": "ももしきや 古き軒端の しのぶにも",
      "explanation": "「ももしきや 古き軒端の しのぶにも なほあまりある 昔なりけり」100番・順徳院の歌。宮中の古い軒先に生える忍ぶ草を見ても、偲んでも偲びきれないほどの栄華の昔であった。百人一首の最後の歌。",
      "wordMeanings": [
        {
          "word": "ももしきや",
          "meaning": "宮中の（百敷＝皇居）"
        },
        {
          "word": "古き軒端の",
          "meaning": "古い軒先の"
        },
        {
          "word": "しのぶにも",
          "meaning": "忍ぶ草にも（偲ぶの掛詞）"
        },
        {
          "word": "なほ",
          "meaning": "なおも"
        },
        {
          "word": "あまりある",
          "meaning": "余りある（偲びきれない）"
        },
        {
          "word": "昔なりけり",
          "meaning": "昔であったよ"
        }
      ],
      "choices": [
        {
          "text": "衣かたしき ひとりかも寝む",
          "explanation": "これは91番・後京極摂政前太政大臣の歌「きりぎりす 鳴くや霜夜の さむしろに 衣かたしき ひとりかも寝む」の下の句です。こおろぎが鳴く霜の降りる寒い夜、筵の上に衣を片袖だけ敷いて、ひとりで寝るのだろうか。"
        },
        {
          "text": "人こそ知らね 乾く間もなし",
          "explanation": "これは92番・二条院讃岐の歌「わが袖は 潮干に見えぬ 沖の石の 人こそ知らね 乾く間もなし」の下の句です。私の袖は、潮が引いても見えない沖の石のように、人は知らないけれど涙で乾くひまもない。"
        },
        {
          "text": "海人の小舟の 綱手かなしも",
          "explanation": "これは93番・鎌倉右大臣の歌「世の中は 常にもがもな 渚こぐ 海人の小舟の 綱手かなしも」の下の句です。世の中はいつまでも変わらないでほしい。渚を漕ぐ漁師の小舟が綱で引かれていく様子がしみじみと愛おしい。"
        },
        {
          "text": "ふるさと寒く 衣うつなり",
          "explanation": "これは94番・参議雅経の歌「み吉野の 山の秋風 さ夜ふけて ふるさと寒く 衣うつなり」の下の句です。吉野の山に秋風が吹き、夜が更けると、旧都は寒々として砧で衣を打つ音が聞こえてくる。"
        },
        {
          "text": "わが立つ杣に 墨染の袖",
          "explanation": "これは95番・前大僧正慈円の歌「おほけなく うき世の民に おほふかな わが立つ杣に 墨染の袖」の下の句です。身の程知らずにも、つらい世に生きる人々を覆い守ろう。私が立つ比叡山のこの墨染めの僧衣の袖で。"
        },
        {
          "text": "ふりゆくものは わが身なりけり",
          "explanation": "これは96番・入道前太政大臣の歌「花さそふ 嵐の庭の 雪ならで ふりゆくものは わが身なりけり」の下の句です。花を散らす嵐の庭に降る雪のような花びらではなく、本当に降り（古り）ゆくのは、老いてゆく我が身であった。"
        },
        {
          "text": "焼くや藻塩の 身もこがれつつ",
          "explanation": "これは97番・権中納言定家の歌「来ぬ人を まつほの浦の 夕なぎに 焼くや藻塩の 身もこがれつつ」の下の句です。来ない人を待つ松帆の浦の夕凪どき、焼く藻塩のように私の身も恋い焦がれている。"
        },
        {
          "text": "みそぎぞ夏の しるしなりける",
          "explanation": "これは98番・従二位家隆の歌「風そよぐ ならの小川の 夕暮れは みそぎぞ夏の しるしなりける」の下の句です。風がそよぐ楢の小川の夕暮れはすっかり秋の気配だが、禊の行事だけが夏であることの証であった。"
        },
        {
          "text": "世を思ふゆゑに もの思ふ身は",
          "explanation": "これは99番・後鳥羽院の歌「人もをし 人もうらめし あぢきなく 世を思ふゆゑに もの思ふ身は」の下の句です。人が愛おしくもあり、恨めしくもある。世の中をつまらなく思うがゆえに、あれこれと悩むこの身よ。"
        },
        {
          "text": "なほあまりある 昔なりけり",
          "explanation": ""
        }
      ],
      "correctAnswer": "なほあまりある 昔なりけり",
      "tags": null
    }
  ]
}
