{
  "key": "etFutureWill",
  "displayName": "未来(will)",
  "questions": [
    {
      "question": "日曜日は雨が降るでしょう。",
      "explanation": "will + be + 形容詞 の形で「〜でしょう」を表します。曜日の前には on を使います。",
      "wordMeanings": [
        {
          "word": "It",
          "meaning": "それ（天気の主語）"
        },
        {
          "word": "will",
          "meaning": "〜でしょう"
        },
        {
          "word": "be",
          "meaning": "〜である"
        },
        {
          "word": "rainy",
          "meaning": "雨の"
        },
        {
          "word": "on Sunday",
          "meaning": "日曜日に"
        }
      ],
      "choices": [
        {
          "text": "It will be rainy on Sunday.",
          "explanation": ""
        },
        {
          "text": "It is rainy on Sunday.",
          "explanation": "「〜でしょう」と未来の予測なので、is（現在形）ではなく will be を使います。"
        },
        {
          "text": "It will rainy on Sunday.",
          "explanation": "will の後には動詞の原形が必要です。rainy は形容詞なので、will be rainy とします。"
        },
        {
          "text": "It will be rainy in Sunday.",
          "explanation": "曜日の前の前置詞は in ではなく on を使います。on Sunday が正しい形です。"
        }
      ],
      "correctAnswer": "It will be rainy on Sunday.",
      "tags": null
    },
    {
      "question": "It will be ( ___ ) on Sunday.\n（日曜日は雨が降るでしょう。）",
      "explanation": "rainy は「雨の・雨降りの」という意味で、天気を表す形容詞です。",
      "wordMeanings": [
        {
          "word": "rainy",
          "meaning": "雨の"
        }
      ],
      "choices": [
        {
          "text": "rainy",
          "explanation": ""
        },
        {
          "text": "cloudy",
          "explanation": "cloudy は「曇りの」という意味です。「雨が降る」ではありません。"
        },
        {
          "text": "snowy",
          "explanation": "snowy は「雪の」という意味です。「雨が降る」ではありません。"
        },
        {
          "text": "sunny",
          "explanation": "sunny は「晴れの」という意味です。「雨が降る」ではありません。"
        }
      ],
      "correctAnswer": "rainy",
      "tags": null
    },
    {
      "question": "午後は雪が降るでしょうか。",
      "explanation": "will を文頭に出して疑問文を作ります。Will + 主語 + be + 形容詞？の語順です。",
      "wordMeanings": [
        {
          "word": "Will",
          "meaning": "〜でしょうか"
        },
        {
          "word": "it",
          "meaning": "それ（天気の主語）"
        },
        {
          "word": "be",
          "meaning": "〜である"
        },
        {
          "word": "snowy",
          "meaning": "雪の"
        },
        {
          "word": "this afternoon",
          "meaning": "今日の午後"
        }
      ],
      "choices": [
        {
          "text": "Will it be snowy this afternoon?",
          "explanation": ""
        },
        {
          "text": "Is it snowy this afternoon?",
          "explanation": "未来の予測をたずねるので、Is ではなく Will it be...? を使います。"
        },
        {
          "text": "Will it snowy this afternoon?",
          "explanation": "will の後には動詞の原形が必要です。snowy は形容詞なので、will it be snowy とします。"
        },
        {
          "text": "Does it be snowy this afternoon?",
          "explanation": "will を使った未来の疑問文では Does は使いません。Will it be...? が正しい形です。"
        }
      ],
      "correctAnswer": "Will it be snowy this afternoon?",
      "tags": null
    },
    {
      "question": "「午後は雪が降るでしょうか。」— 「いいえ、降らないでしょう。」の答えとして正しいものを選びなさい。",
      "explanation": "Will it ...? に対する否定の答えは No, it will not.（= No, it won't.）です。",
      "wordMeanings": [
        {
          "word": "No",
          "meaning": "いいえ"
        },
        {
          "word": "it",
          "meaning": "それ"
        },
        {
          "word": "will not",
          "meaning": "〜ないでしょう"
        }
      ],
      "choices": [
        {
          "text": "No, it will not.",
          "explanation": ""
        },
        {
          "text": "No, it doesn't.",
          "explanation": "Will ...? でたずねているので、doesn't ではなく will not で答えます。"
        },
        {
          "text": "No, it isn't.",
          "explanation": "Will ...? でたずねているので、isn't ではなく will not で答えます。"
        },
        {
          "text": "No, it won't not.",
          "explanation": "won't はすでに will not の短縮形です。won't not だと否定が二重になり誤りです。"
        }
      ],
      "correctAnswer": "No, it will not.",
      "tags": null
    },
    {
      "question": "今日は１日中くもりで涼しいでしょう。",
      "explanation": "will be + 形容詞 and 形容詞で「〜で…でしょう」、all day today で「今日１日中」を表します。",
      "wordMeanings": [
        {
          "word": "It",
          "meaning": "それ（天気の主語）"
        },
        {
          "word": "will be",
          "meaning": "〜でしょう"
        },
        {
          "word": "cloudy",
          "meaning": "曇りの"
        },
        {
          "word": "cool",
          "meaning": "涼しい"
        },
        {
          "word": "all day",
          "meaning": "１日中"
        },
        {
          "word": "today",
          "meaning": "今日"
        }
      ],
      "choices": [
        {
          "text": "It will be cloudy and cool all day today.",
          "explanation": ""
        },
        {
          "text": "It is cloudy and cool all day today.",
          "explanation": "「〜でしょう」と未来の予測なので、is（現在形）ではなく will be を使います。"
        },
        {
          "text": "It will cloudy and cool all day today.",
          "explanation": "will の後に形容詞を直接つけることはできません。will be cloudy と be が必要です。"
        },
        {
          "text": "It will be cloudy and cool all day yesterday.",
          "explanation": "yesterday は「昨日」で過去を表します。will は未来なので today が正しいです。"
        }
      ],
      "correctAnswer": "It will be cloudy and cool all day today.",
      "tags": null
    },
    {
      "question": "It will be ( ___ ) and cool all day today.\n（今日は１日中くもりで涼しいでしょう。）",
      "explanation": "cloudy は「曇りの」という意味で、天気を表す形容詞です。",
      "wordMeanings": [
        {
          "word": "cloudy",
          "meaning": "曇りの"
        }
      ],
      "choices": [
        {
          "text": "cloudy",
          "explanation": ""
        },
        {
          "text": "rainy",
          "explanation": "rainy は「雨の」という意味です。「くもり」ではありません。"
        },
        {
          "text": "sunny",
          "explanation": "sunny は「晴れの」という意味です。「くもり」ではありません。"
        },
        {
          "text": "snowy",
          "explanation": "snowy は「雪の」という意味です。「くもり」ではありません。"
        }
      ],
      "correctAnswer": "cloudy",
      "tags": null
    },
    {
      "question": "彼は次の土曜日、私の家に来るでしょう。",
      "explanation": "will + 動詞の原形 で「〜するでしょう」を表します。come は原形のまま使います。",
      "wordMeanings": [
        {
          "word": "He",
          "meaning": "彼は"
        },
        {
          "word": "will",
          "meaning": "〜でしょう"
        },
        {
          "word": "come",
          "meaning": "来る"
        },
        {
          "word": "to",
          "meaning": "〜へ"
        },
        {
          "word": "my house",
          "meaning": "私の家"
        },
        {
          "word": "next Saturday",
          "meaning": "次の土曜日"
        }
      ],
      "choices": [
        {
          "text": "He will come to my house next Saturday.",
          "explanation": ""
        },
        {
          "text": "He comes to my house next Saturday.",
          "explanation": "「〜でしょう」と未来を表すので、comes（現在形）ではなく will come を使います。"
        },
        {
          "text": "He will comes to my house next Saturday.",
          "explanation": "will の後の動詞は原形にします。comes ではなく come が正しい形です。"
        },
        {
          "text": "He will came to my house next Saturday.",
          "explanation": "will の後の動詞は原形にします。came（過去形）ではなく come（原形）が正しいです。"
        }
      ],
      "correctAnswer": "He will come to my house next Saturday.",
      "tags": null
    },
    {
      "question": "私はあす、買い物に行きます。",
      "explanation": "will + go shopping で「買い物に行く」を表します。go の後は shopping（動名詞）です。",
      "wordMeanings": [
        {
          "word": "I",
          "meaning": "私は"
        },
        {
          "word": "will",
          "meaning": "〜するつもりです"
        },
        {
          "word": "go shopping",
          "meaning": "買い物に行く"
        },
        {
          "word": "tomorrow",
          "meaning": "あす"
        }
      ],
      "choices": [
        {
          "text": "I will go shopping tomorrow.",
          "explanation": ""
        },
        {
          "text": "I go shopping tomorrow.",
          "explanation": "「あす」と未来の予定なので、will go と will をつけて未来を表します。"
        },
        {
          "text": "I will going shopping tomorrow.",
          "explanation": "will の後は動詞の原形を使います。going ではなく go が正しい形です。"
        },
        {
          "text": "I will goes shopping tomorrow.",
          "explanation": "will の後は動詞の原形を使います。goes（三人称単数形）ではなく go が正しいです。"
        }
      ],
      "correctAnswer": "I will go shopping tomorrow.",
      "tags": null
    },
    {
      "question": "I will go ( ___ ) tomorrow.\n（私はあす、買い物に行きます。）",
      "explanation": "go shopping で「買い物に行く」という意味です。go + 動名詞 の形で活動を表します。",
      "wordMeanings": [
        {
          "word": "shopping",
          "meaning": "買い物"
        }
      ],
      "choices": [
        {
          "text": "shopping",
          "explanation": ""
        },
        {
          "text": "swimming",
          "explanation": "swimming は「泳ぎ」という意味です。「買い物」ではありません。"
        },
        {
          "text": "skiing",
          "explanation": "skiing は「スキー」という意味です。「買い物」ではありません。"
        },
        {
          "text": "fishing",
          "explanation": "fishing は「釣り」という意味です。「買い物」ではありません。"
        }
      ],
      "correctAnswer": "shopping",
      "tags": null
    },
    {
      "question": "あなたたちのチームは試合に勝つでしょう。",
      "explanation": "will + 動詞の原形 で「〜するでしょう」。win は「勝つ」、game は「試合」です。",
      "wordMeanings": [
        {
          "word": "Your",
          "meaning": "あなたたちの"
        },
        {
          "word": "team",
          "meaning": "チーム"
        },
        {
          "word": "will",
          "meaning": "〜でしょう"
        },
        {
          "word": "win",
          "meaning": "勝つ"
        },
        {
          "word": "the game",
          "meaning": "その試合"
        }
      ],
      "choices": [
        {
          "text": "Your team will win the game.",
          "explanation": ""
        },
        {
          "text": "Your team wins the game.",
          "explanation": "「〜でしょう」と未来の予測なので、wins（現在形）ではなく will win を使います。"
        },
        {
          "text": "Your team will wins the game.",
          "explanation": "will の後は動詞の原形にします。wins ではなく win が正しい形です。"
        },
        {
          "text": "Your team is will win the game.",
          "explanation": "will の前に is は不要です。Your team will win が正しい語順です。"
        }
      ],
      "correctAnswer": "Your team will win the game.",
      "tags": null
    },
    {
      "question": "Your team will ( ___ ) the game.\n（あなたたちのチームは試合に勝つでしょう。）",
      "explanation": "win は「勝つ」という意味です。will の後なので動詞の原形を使います。",
      "wordMeanings": [
        {
          "word": "win",
          "meaning": "勝つ"
        }
      ],
      "choices": [
        {
          "text": "win",
          "explanation": ""
        },
        {
          "text": "play",
          "explanation": "play は「（試合を）する・遊ぶ」という意味です。「勝つ」ではありません。"
        },
        {
          "text": "start",
          "explanation": "start は「始める」という意味です。「勝つ」ではありません。"
        },
        {
          "text": "join",
          "explanation": "join は「参加する」という意味です。「勝つ」ではありません。"
        }
      ],
      "correctAnswer": "win",
      "tags": null
    },
    {
      "question": "次の英文の下線部をたずねる疑問文を選びなさい。\nYuta will swim in the river this summer.\n（下線部：swim in the river）",
      "explanation": "「何をするか」をたずねるので What + will + 主語 + do の語順になります。",
      "wordMeanings": [
        {
          "word": "What",
          "meaning": "何を"
        },
        {
          "word": "will",
          "meaning": "〜するでしょう"
        },
        {
          "word": "Yuta",
          "meaning": "ユウタ"
        },
        {
          "word": "do",
          "meaning": "する"
        },
        {
          "word": "this summer",
          "meaning": "この夏"
        }
      ],
      "choices": [
        {
          "text": "What will Yuta do this summer?",
          "explanation": ""
        },
        {
          "text": "What does Yuta do this summer?",
          "explanation": "will を使った文なので、does ではなく will を使って疑問文を作ります。"
        },
        {
          "text": "What is Yuta do this summer?",
          "explanation": "will を使った文の疑問文なので、is ではなく will を使います。"
        },
        {
          "text": "What will Yuta does this summer?",
          "explanation": "will の後は動詞の原形です。does ではなく do を使います。"
        }
      ],
      "correctAnswer": "What will Yuta do this summer?",
      "tags": null
    },
    {
      "question": "彼らはその公園ではサッカーをしないでしょう。\nThey ( ___ ) play soccer in the park.",
      "explanation": "won't は will not の短縮形で、「〜しないでしょう」という未来の否定を表します。",
      "wordMeanings": [
        {
          "word": "won't",
          "meaning": "〜しないでしょう（will not の短縮形）"
        }
      ],
      "choices": [
        {
          "text": "won't",
          "explanation": ""
        },
        {
          "text": "don't",
          "explanation": "未来の否定には will not（won't）を使います。don't は現在形の否定です。"
        },
        {
          "text": "aren't",
          "explanation": "will を使った未来の否定には aren't は使いません。won't が正しい形です。"
        },
        {
          "text": "didn't",
          "explanation": "未来の否定には will not（won't）を使います。didn't は過去形の否定です。"
        }
      ],
      "correctAnswer": "won't",
      "tags": null
    },
    {
      "question": "タクマはあす、友達と野球をするでしょうか。\n( ___ ) Takuma play baseball with his friends tomorrow?",
      "explanation": "will を文頭に出して Will + 主語 + 動詞の原形 ...? で未来の疑問文を作ります。",
      "wordMeanings": [
        {
          "word": "Will",
          "meaning": "〜でしょうか"
        }
      ],
      "choices": [
        {
          "text": "Will",
          "explanation": ""
        },
        {
          "text": "Does",
          "explanation": "未来の疑問文には Does ではなく Will を使います。Does は現在形の疑問文です。"
        },
        {
          "text": "Is",
          "explanation": "will を使った未来の疑問文には Is は使いません。Will が正しいです。"
        },
        {
          "text": "Did",
          "explanation": "未来の疑問文には Did ではなく Will を使います。Did は過去形の疑問文です。"
        }
      ],
      "correctAnswer": "Will",
      "tags": null
    },
    {
      "question": "「あすは晴れです」と伝えるとき。（５語）",
      "explanation": "will be + 形容詞で未来の状態を表します。「あす」= tomorrow なので未来形を使います。",
      "wordMeanings": [
        {
          "word": "It",
          "meaning": "それ（天気の主語）"
        },
        {
          "word": "will",
          "meaning": "〜でしょう"
        },
        {
          "word": "be",
          "meaning": "〜である"
        },
        {
          "word": "sunny",
          "meaning": "晴れの"
        },
        {
          "word": "tomorrow",
          "meaning": "あす"
        }
      ],
      "choices": [
        {
          "text": "It will be sunny tomorrow.",
          "explanation": ""
        },
        {
          "text": "It is sunny tomorrow.",
          "explanation": "「あす」は未来なので、is（現在形）ではなく will be を使います。"
        },
        {
          "text": "It will sunny tomorrow.",
          "explanation": "will の後に形容詞を直接つけることはできません。will be sunny と be が必要です。"
        },
        {
          "text": "It will be sunny yesterday.",
          "explanation": "yesterday は「昨日」で過去です。「あす」は tomorrow を使います。"
        }
      ],
      "correctAnswer": "It will be sunny tomorrow.",
      "tags": null
    },
    {
      "question": "来週忙しいかとたずねるとき。〔willを使って〕",
      "explanation": "Will + 主語 + be + 形容詞？で「〜でしょうか」とたずねます。busy =「忙しい」です。",
      "wordMeanings": [
        {
          "word": "Will",
          "meaning": "〜でしょうか"
        },
        {
          "word": "you",
          "meaning": "あなたは"
        },
        {
          "word": "be",
          "meaning": "〜である"
        },
        {
          "word": "busy",
          "meaning": "忙しい"
        },
        {
          "word": "next week",
          "meaning": "来週"
        }
      ],
      "choices": [
        {
          "text": "Will you be busy next week?",
          "explanation": ""
        },
        {
          "text": "Are you busy next week?",
          "explanation": "will を使うよう指定されているので、Are ではなく Will you be を使います。"
        },
        {
          "text": "Will you busy next week?",
          "explanation": "busy は形容詞なので、will の後に be が必要です。Will you be busy が正しい形です。"
        },
        {
          "text": "Do you be busy next week?",
          "explanation": "will を使った疑問文では Do は使いません。Will you be busy が正しい形です。"
        }
      ],
      "correctAnswer": "Will you be busy next week?",
      "tags": null
    },
    {
      "question": "Will you be ( ___ ) next week?\n（来週忙しいかとたずねるとき。）",
      "explanation": "busy は「忙しい」という意味の形容詞です。",
      "wordMeanings": [
        {
          "word": "busy",
          "meaning": "忙しい"
        }
      ],
      "choices": [
        {
          "text": "busy",
          "explanation": ""
        },
        {
          "text": "free",
          "explanation": "free は「暇な・自由な」という意味です。「忙しい」ではありません。"
        },
        {
          "text": "tired",
          "explanation": "tired は「疲れた」という意味です。「忙しい」ではありません。"
        },
        {
          "text": "happy",
          "explanation": "happy は「幸せな・うれしい」という意味です。「忙しい」ではありません。"
        }
      ],
      "correctAnswer": "busy",
      "tags": null
    },
    {
      "question": "次の英文を、willを使って未来の文に書きかえなさい。\nMy brother practices baseball.",
      "explanation": "will + 動詞の原形にします。practices → will practice と変えます。",
      "wordMeanings": [
        {
          "word": "My brother",
          "meaning": "私の兄（弟）"
        },
        {
          "word": "will",
          "meaning": "〜するでしょう"
        },
        {
          "word": "practice",
          "meaning": "練習する"
        },
        {
          "word": "baseball",
          "meaning": "野球"
        }
      ],
      "choices": [
        {
          "text": "My brother will practice baseball.",
          "explanation": ""
        },
        {
          "text": "My brother will practices baseball.",
          "explanation": "will の後は動詞の原形にします。practices（三人称単数形）ではなく practice が正しいです。"
        },
        {
          "text": "My brother wills practice baseball.",
          "explanation": "will は助動詞なので、三人称単数でも wills にはなりません。will のままです。"
        },
        {
          "text": "My brother is will practice baseball.",
          "explanation": "will の前に is は不要です。主語 + will + 動詞の原形 が正しい語順です。"
        }
      ],
      "correctAnswer": "My brother will practice baseball.",
      "tags": null
    },
    {
      "question": "次の英文を、willを使って未来の文に書きかえなさい。\nI don't go to the park.",
      "explanation": "don't → won't（will not）に変えます。動詞 go は原形のままです。",
      "wordMeanings": [
        {
          "word": "I",
          "meaning": "私は"
        },
        {
          "word": "won't",
          "meaning": "〜しないでしょう"
        },
        {
          "word": "go",
          "meaning": "行く"
        },
        {
          "word": "to the park",
          "meaning": "公園へ"
        }
      ],
      "choices": [
        {
          "text": "I won't go to the park.",
          "explanation": ""
        },
        {
          "text": "I will don't go to the park.",
          "explanation": "will と don't を同時に使うことはできません。否定は will not（won't）で表します。"
        },
        {
          "text": "I don't will go to the park.",
          "explanation": "don't の後に will は置けません。will not（won't）+ 動詞の原形 が正しい形です。"
        },
        {
          "text": "I will not goes to the park.",
          "explanation": "will not の後は動詞の原形です。goes ではなく go が正しい形です。"
        }
      ],
      "correctAnswer": "I won't go to the park.",
      "tags": null
    },
    {
      "question": "次の英文を、willを使って未来の文に書きかえなさい。\nDo you eat breakfast?",
      "explanation": "Do you ...? → Will you ...? に変えます。動詞 eat は原形のままです。",
      "wordMeanings": [
        {
          "word": "Will",
          "meaning": "〜するでしょうか"
        },
        {
          "word": "you",
          "meaning": "あなたは"
        },
        {
          "word": "eat",
          "meaning": "食べる"
        },
        {
          "word": "breakfast",
          "meaning": "朝食"
        }
      ],
      "choices": [
        {
          "text": "Will you eat breakfast?",
          "explanation": ""
        },
        {
          "text": "Will you eats breakfast?",
          "explanation": "will の後は動詞の原形です。eats ではなく eat が正しい形です。"
        },
        {
          "text": "Do you will eat breakfast?",
          "explanation": "Do と will を同時に使うことはできません。Will you eat ...? が正しい形です。"
        },
        {
          "text": "Will you ate breakfast?",
          "explanation": "will の後は動詞の原形です。ate（過去形）ではなく eat（原形）が正しいです。"
        }
      ],
      "correctAnswer": "Will you eat breakfast?",
      "tags": null
    }
  ]
}
