{
  "key": "etFutureGoingTo",
  "displayName": "未来(be going to)",
  "questions": [
    {
      "question": "あなたは今日の午後、丘先生に会うつもりですか。",
      "explanation": "be going to の疑問文は、be動詞を主語の前に出します。Are you going to + 動詞の原形？の形です。",
      "wordMeanings": {
        "Are": "〜ですか",
        "you": "あなたは",
        "going to": "〜するつもり",
        "see": "会う",
        "Mr. Oka": "丘先生",
        "this afternoon": "今日の午後"
      },
      "choices": [
        {
          "text": "Are you going to see Mr. Oka this afternoon?",
          "explanation": ""
        },
        {
          "text": "Do you going to see Mr. Oka this afternoon?",
          "explanation": "be going to の疑問文では Do は使いません。Are you going to ...? が正しい形です。"
        },
        {
          "text": "Are you go to see Mr. Oka this afternoon?",
          "explanation": "be going to の going が抜けています。Are you going to see が正しい形です。"
        },
        {
          "text": "Is you going to see Mr. Oka this afternoon?",
          "explanation": "主語が you のときは Is ではなく Are を使います。Are you going to が正しいです。"
        }
      ],
      "correctAnswer": "Are you going to see Mr. Oka this afternoon?",
      "tags": null
    },
    {
      "question": "「あなたは今日の午後、丘先生に会うつもりですか。」—「はい、そのつもりです。」の答えとして正しいものを選びなさい。",
      "explanation": "Are you going to ...? に対する肯定の答えは Yes, I am. です。be going to の文は be動詞で答えます。",
      "wordMeanings": {
        "Yes": "はい",
        "I am": "そうです"
      },
      "choices": [
        {
          "text": "Yes, I am.",
          "explanation": ""
        },
        {
          "text": "Yes, I do.",
          "explanation": "Are you going to ...? は be動詞の疑問文なので、do ではなく am で答えます。"
        },
        {
          "text": "Yes, I will.",
          "explanation": "Are you going to ...?（be going to の文）に対しては will ではなく am で答えます。"
        },
        {
          "text": "Yes, I going.",
          "explanation": "be動詞が抜けています。Yes, I am. が正しい答え方です。"
        }
      ],
      "correctAnswer": "Yes, I am.",
      "tags": null
    },
    {
      "question": "私たちはそのお祭りに参加するつもりはありません。",
      "explanation": "be going to の否定文は be動詞 + not + going to + 動詞の原形 の形です。",
      "wordMeanings": {
        "We": "私たちは",
        "are not": "〜ではない",
        "going to": "〜するつもり",
        "join": "参加する",
        "the festival": "そのお祭り"
      },
      "choices": [
        {
          "text": "We are not going to join the festival.",
          "explanation": ""
        },
        {
          "text": "We don't going to join the festival.",
          "explanation": "be going to の否定文では don't は使いません。are not going to が正しい形です。"
        },
        {
          "text": "We are not go to join the festival.",
          "explanation": "going が抜けています。are not going to join が正しい形です。"
        },
        {
          "text": "We isn't going to join the festival.",
          "explanation": "主語が We のときは isn't ではなく are not（aren't）を使います。"
        }
      ],
      "correctAnswer": "We are not going to join the festival.",
      "tags": null
    },
    {
      "question": "We are not going to ( ___ ) the festival.\n（私たちはそのお祭りに参加するつもりはありません。）",
      "explanation": "join は「参加する」という意味です。be going to の後は動詞の原形を使います。",
      "wordMeanings": {
        "join": "参加する"
      },
      "choices": [
        {
          "text": "join",
          "explanation": ""
        },
        {
          "text": "concert",
          "explanation": "concert は「コンサート」という名詞です。「参加する」という動詞ではありません。"
        },
        {
          "text": "game",
          "explanation": "game は「試合・ゲーム」という名詞です。「参加する」という動詞ではありません。"
        },
        {
          "text": "party",
          "explanation": "party は「パーティー」という名詞です。ここでは「参加する」という動詞が必要です。"
        }
      ],
      "correctAnswer": "join",
      "tags": null
    },
    {
      "question": "次の英文の下線部をたずねる疑問文を選びなさい。\nHe is going to eat ramen for lunch today.\n（下線部：ramen）",
      "explanation": "「何を食べるつもりか」をたずねるので、What + is + 主語 + going to + 動詞の原形 の語順です。",
      "wordMeanings": {
        "What": "何を",
        "is": "〜ですか",
        "he": "彼は",
        "going to": "〜するつもり",
        "eat": "食べる",
        "for lunch": "昼食に",
        "today": "今日"
      },
      "choices": [
        {
          "text": "What is he going to eat for lunch today?",
          "explanation": ""
        },
        {
          "text": "What does he going to eat for lunch today?",
          "explanation": "be going to の疑問文では does は使いません。What is he going to が正しい形です。"
        },
        {
          "text": "What is he go to eat for lunch today?",
          "explanation": "going が抜けています。is he going to eat が正しい形です。"
        },
        {
          "text": "What he is going to eat for lunch today?",
          "explanation": "疑問文では is を主語の前に出します。What is he going to が正しい語順です。"
        }
      ],
      "correctAnswer": "What is he going to eat for lunch today?",
      "tags": null
    },
    {
      "question": "次の英文の下線部を Miki and Kaori にかえて書きなさい。\nMiki is going to play tennis tomorrow.\n（下線部：Miki）",
      "explanation": "主語が複数になるので、be動詞は is → are に変えます。going to 以下はそのままです。",
      "wordMeanings": {
        "Miki and Kaori": "ミキとカオリ",
        "are": "〜です（複数形）",
        "going to": "〜するつもり",
        "play": "する",
        "tennis": "テニス",
        "tomorrow": "あす"
      },
      "choices": [
        {
          "text": "Miki and Kaori are going to play tennis tomorrow.",
          "explanation": ""
        },
        {
          "text": "Miki and Kaori is going to play tennis tomorrow.",
          "explanation": "主語が Miki and Kaori（複数）なので、is ではなく are を使います。"
        },
        {
          "text": "Miki and Kaori going to play tennis tomorrow.",
          "explanation": "be動詞が抜けています。Miki and Kaori are going to が正しい形です。"
        },
        {
          "text": "Miki and Kaori was going to play tennis tomorrow.",
          "explanation": "was は過去形です。tomorrow（あす）は未来なので are を使います。また複数形にも合いません。"
        }
      ],
      "correctAnswer": "Miki and Kaori are going to play tennis tomorrow.",
      "tags": null
    },
    {
      "question": "次の英文の on を next に変えて、be going to を使った文に書きかえなさい。\nMary stays at home on Sunday.",
      "explanation": "主語 Mary は三人称単数なので is going to を使います。stay は原形のままです。",
      "wordMeanings": {
        "Mary": "メアリー",
        "is going to": "〜するつもりです",
        "stay": "滞在する",
        "at home": "家に",
        "next Sunday": "次の日曜日"
      },
      "choices": [
        {
          "text": "Mary is going to stay at home next Sunday.",
          "explanation": ""
        },
        {
          "text": "Mary going to stay at home next Sunday.",
          "explanation": "be動詞が抜けています。Mary is going to stay が正しい形です。"
        },
        {
          "text": "Mary are going to stay at home next Sunday.",
          "explanation": "主語 Mary は三人称単数なので、are ではなく is を使います。"
        },
        {
          "text": "Mary is going stay at home next Sunday.",
          "explanation": "going の後に to が必要です。is going to stay が正しい形です。"
        }
      ],
      "correctAnswer": "Mary is going to stay at home next Sunday.",
      "tags": null
    },
    {
      "question": "次の英文をほぼ同じ内容を表す文に書きかえなさい。\nMy brother will visit Aomori next month.",
      "explanation": "will + 動詞の原形 は be going to + 動詞の原形 でほぼ同じ意味を表せます。主語 My brother には is を使います。",
      "wordMeanings": {
        "My brother": "私の兄（弟）",
        "is going to": "〜するつもりです",
        "visit": "訪れる",
        "Aomori": "青森",
        "next month": "来月"
      },
      "choices": [
        {
          "text": "My brother is going to visit Aomori next month.",
          "explanation": ""
        },
        {
          "text": "My brother are going to visit Aomori next month.",
          "explanation": "主語 My brother は三人称単数なので、are ではなく is を使います。"
        },
        {
          "text": "My brother is go to visit Aomori next month.",
          "explanation": "going が抜けています。is going to visit が正しい形です。"
        },
        {
          "text": "My brother is going visit Aomori next month.",
          "explanation": "going の後に to が必要です。is going to visit が正しい形です。"
        }
      ],
      "correctAnswer": "My brother is going to visit Aomori next month.",
      "tags": null
    },
    {
      "question": "次の英文を疑問文にしなさい。\nKen is going to do his homework later.",
      "explanation": "be going to の疑問文は、be動詞（Is）を主語の前に出します。",
      "wordMeanings": {
        "Is": "〜ですか",
        "Ken": "ケン",
        "going to": "〜するつもり",
        "do": "する",
        "his homework": "彼の宿題",
        "later": "あとで"
      },
      "choices": [
        {
          "text": "Is Ken going to do his homework later?",
          "explanation": ""
        },
        {
          "text": "Does Ken going to do his homework later?",
          "explanation": "be going to の疑問文では Does は使いません。Is Ken going to が正しい形です。"
        },
        {
          "text": "Ken is going to do his homework later?",
          "explanation": "疑問文にするには be動詞を主語の前に出す必要があります。Is Ken going to が正しい語順です。"
        },
        {
          "text": "Going Ken is to do his homework later?",
          "explanation": "語順が間違っています。Is Ken going to do が正しい疑問文の語順です。"
        }
      ],
      "correctAnswer": "Is Ken going to do his homework later?",
      "tags": null
    },
    {
      "question": "「ケンはあとで宿題をするつもりですか。」—「いいえ、するつもりではありません。」の答えとして正しいものを選びなさい。\nIs Ken going to do his homework later? — ___",
      "explanation": "Is Ken going to ...? に対する否定の答えは No, he isn't.（= No, he is not.）です。",
      "wordMeanings": {
        "No": "いいえ",
        "he isn't": "彼は〜ではありません"
      },
      "choices": [
        {
          "text": "No, he isn't.",
          "explanation": ""
        },
        {
          "text": "No, he doesn't.",
          "explanation": "Is ...? で聞かれているので、doesn't ではなく isn't で答えます。"
        },
        {
          "text": "No, he won't.",
          "explanation": "be going to の疑問文には won't ではなく isn't で答えます。"
        },
        {
          "text": "No, he don't.",
          "explanation": "Is ...? で聞かれているので don't は使いません。また he に don't は文法的にも誤りです。"
        }
      ],
      "correctAnswer": "No, he isn't.",
      "tags": null
    },
    {
      "question": "あなたは今晩、宿題をするつもりですか。\n( ___ ) you going to do your homework this evening?",
      "explanation": "主語が you なので be動詞は Are を使います。Are you going to + 動詞の原形？の形です。",
      "wordMeanings": {
        "Are": "〜ですか（be動詞）"
      },
      "choices": [
        {
          "text": "Are",
          "explanation": ""
        },
        {
          "text": "Do",
          "explanation": "be going to の疑問文では Do は使いません。Are you going to が正しい形です。"
        },
        {
          "text": "Will",
          "explanation": "be going to を使った文なので、Will ではなく Are を使います。"
        },
        {
          "text": "Is",
          "explanation": "主語が you のときは Is ではなく Are を使います。"
        }
      ],
      "correctAnswer": "Are",
      "tags": null
    },
    {
      "question": "相手に、次の日曜日に何をするつもりかたずねるとき。〔be動詞を使った文〕",
      "explanation": "疑問詞 What + are you going to + 動詞の原形 で「何をするつもりですか」とたずねます。",
      "wordMeanings": {
        "What": "何を",
        "are": "〜ですか",
        "you": "あなたは",
        "going to": "〜するつもり",
        "do": "する",
        "next Sunday": "次の日曜日"
      },
      "choices": [
        {
          "text": "What are you going to do next Sunday?",
          "explanation": ""
        },
        {
          "text": "What do you going to do next Sunday?",
          "explanation": "be going to の疑問文では do は使いません。What are you going to が正しい形です。"
        },
        {
          "text": "What are you go to do next Sunday?",
          "explanation": "going が抜けています。are you going to do が正しい形です。"
        },
        {
          "text": "What you are going to do next Sunday?",
          "explanation": "疑問文では be動詞を主語の前に出します。What are you going to が正しい語順です。"
        }
      ],
      "correctAnswer": "What are you going to do next Sunday?",
      "tags": null
    }
  ]
}
