{
  "key": "etPastProgressive",
  "displayName": "過去進行形",
  "questions": [
    {
      "question": "ケンはそのとき入浴中でした。（そのとき…３語で）",
      "explanation": "過去進行形は「was/were + 〜ing」で表します。主語 Ken は三人称単数なので was を使います。take a bath = 入浴する。",
      "wordMeanings": {
        "Ken": "ケン",
        "was taking": "〜していた",
        "a bath": "入浴",
        "at that time": "そのとき"
      },
      "choices": [
        {
          "text": "Ken was taking a bath at that time.",
          "explanation": ""
        },
        {
          "text": "Ken is taking a bath at that time.",
          "explanation": "at that time（そのとき）は過去を表すので、is（現在形）ではなく was（過去形）を使います。"
        },
        {
          "text": "Ken were taking a bath at that time.",
          "explanation": "主語 Ken は三人称単数なので were ではなく was を使います。were は you / we / they に使います。"
        },
        {
          "text": "Ken was take a bath at that time.",
          "explanation": "過去進行形は「was + 〜ing」です。take（原形）ではなく taking にする必要があります。"
        }
      ],
      "correctAnswer": "Ken was taking a bath at that time.",
      "tags": null
    },
    {
      "question": "Ken was taking a ( ___ ) at that time.\n（ケンはそのとき入浴中でした。）",
      "explanation": "take a bath で「入浴する」という意味です。bath は「入浴」。",
      "wordMeanings": {
        "bath": "入浴"
      },
      "choices": [
        {
          "text": "bath",
          "explanation": ""
        },
        {
          "text": "homework",
          "explanation": "homework は「宿題」という意味です。「入浴」ではありません。また take a homework とは言いません。"
        },
        {
          "text": "dinner",
          "explanation": "dinner は「夕食」という意味です。「入浴」ではありません。"
        },
        {
          "text": "picture",
          "explanation": "take a picture は「写真を撮る」です。「入浴する」は take a bath です。"
        }
      ],
      "correctAnswer": "bath",
      "tags": null
    },
    {
      "question": "彼らは５時には音楽を聞いていませんでした。",
      "explanation": "過去進行形の否定文は「was/were + not + 〜ing」です。主語 They には were を使います。listen to = 〜を聞く。",
      "wordMeanings": {
        "They": "彼ら",
        "were not listening": "聞いていなかった",
        "to music": "音楽を",
        "at five": "５時に"
      },
      "choices": [
        {
          "text": "They were not listening to music at five.",
          "explanation": ""
        },
        {
          "text": "They was not listening to music at five.",
          "explanation": "主語 They には was ではなく were を使います。was は I / he / she / it に使います。"
        },
        {
          "text": "They didn't listening to music at five.",
          "explanation": "過去進行形の否定文では didn't は使いません。「were not + 〜ing」が正しい形です。"
        },
        {
          "text": "They are not listening to music at five.",
          "explanation": "are not は現在進行形の否定です。「〜していませんでした」と過去の話なので were not を使います。"
        }
      ],
      "correctAnswer": "They were not listening to music at five.",
      "tags": null
    },
    {
      "question": "タカシは公園で写真を撮っていました。",
      "explanation": "過去進行形は「was/were + 〜ing」です。主語 Takashi は三人称単数なので was を使います。take pictures = 写真を撮る。",
      "wordMeanings": {
        "Takashi": "タカシ",
        "was taking": "撮っていた",
        "pictures": "写真",
        "in the park": "公園で"
      },
      "choices": [
        {
          "text": "Takashi was taking pictures in the park.",
          "explanation": ""
        },
        {
          "text": "Takashi were taking pictures in the park.",
          "explanation": "主語 Takashi は三人称単数なので were ではなく was を使います。"
        },
        {
          "text": "Takashi is taking pictures in the park.",
          "explanation": "is taking は現在進行形です。「撮っていました」と過去の話なので was taking を使います。"
        },
        {
          "text": "Takashi was take pictures in the park.",
          "explanation": "過去進行形は「was + 〜ing」です。take（原形）ではなく taking にする必要があります。"
        }
      ],
      "correctAnswer": "Takashi was taking pictures in the park.",
      "tags": null
    },
    {
      "question": "Takashi was taking ( ___ ) in the park.\n（タカシは公園で写真を撮っていました。）",
      "explanation": "take pictures で「写真を撮る」という意味です。pictures は「写真」。",
      "wordMeanings": {
        "pictures": "写真"
      },
      "choices": [
        {
          "text": "pictures",
          "explanation": ""
        },
        {
          "text": "homework",
          "explanation": "homework は「宿題」という意味です。take homework とは普通言いません。"
        },
        {
          "text": "music",
          "explanation": "music は「音楽」という意味です。take music とは普通言いません。"
        },
        {
          "text": "dinner",
          "explanation": "dinner は「夕食」という意味です。「写真」ではありません。"
        }
      ],
      "correctAnswer": "pictures",
      "tags": null
    },
    {
      "question": "私は１時間前、友達と話していました。",
      "explanation": "過去進行形は「was/were + 〜ing」です。主語 I には was を使います。talk with = 〜と話す。",
      "wordMeanings": {
        "I": "私",
        "was talking": "話していた",
        "with my friends": "友達と",
        "an hour ago": "１時間前"
      },
      "choices": [
        {
          "text": "I was talking with my friends an hour ago.",
          "explanation": ""
        },
        {
          "text": "I were talking with my friends an hour ago.",
          "explanation": "主語 I には were ではなく was を使います。were は you / we / they に使います。"
        },
        {
          "text": "I am talking with my friends an hour ago.",
          "explanation": "am talking は現在進行形です。an hour ago（１時間前）があるので過去進行形 was talking を使います。"
        },
        {
          "text": "I was talk with my friends an hour ago.",
          "explanation": "過去進行形は「was + 〜ing」です。talk（原形）ではなく talking にする必要があります。"
        }
      ],
      "correctAnswer": "I was talking with my friends an hour ago.",
      "tags": null
    },
    {
      "question": "I'm not doing my homework.\n〔文末に then を加えて、過去進行形の文にしなさい〕",
      "explanation": "現在進行形 am not doing を過去進行形にすると was not doing になります。then = そのとき。",
      "wordMeanings": {
        "I": "私",
        "was not doing": "していなかった",
        "my homework": "私の宿題",
        "then": "そのとき"
      },
      "choices": [
        {
          "text": "I was not doing my homework then.",
          "explanation": ""
        },
        {
          "text": "I am not doing my homework then.",
          "explanation": "then（そのとき）は過去を表すので、am（現在形）ではなく was（過去形）に変える必要があります。"
        },
        {
          "text": "I were not doing my homework then.",
          "explanation": "主語 I には were ではなく was を使います。were は you / we / they に使います。"
        },
        {
          "text": "I didn't doing my homework then.",
          "explanation": "過去進行形の否定文では didn't は使いません。「was not + 〜ing」が正しい形です。"
        }
      ],
      "correctAnswer": "I was not doing my homework then.",
      "tags": null
    },
    {
      "question": "Miki was practicing the guitar.\n〔下線部（practicing the guitar）をたずねる疑問文にしなさい〕",
      "explanation": "「何をしていましたか」とたずねるので What を使い、過去進行形の疑問文「was + 主語 + doing」にします。",
      "wordMeanings": {
        "What": "何を",
        "was": "〜でしたか",
        "Miki": "ミキ",
        "doing": "している"
      },
      "choices": [
        {
          "text": "What was Miki doing?",
          "explanation": ""
        },
        {
          "text": "What is Miki doing?",
          "explanation": "is は現在形です。もとの文が was（過去形）なので、疑問文も was を使います。"
        },
        {
          "text": "What did Miki doing?",
          "explanation": "過去進行形の疑問文では did は使いません。「was + 主語 + doing」が正しい形です。"
        },
        {
          "text": "What were Miki doing?",
          "explanation": "主語 Miki は三人称単数なので were ではなく was を使います。"
        }
      ],
      "correctAnswer": "What was Miki doing?",
      "tags": null
    },
    {
      "question": "Were you ( ___ ) at that time?\n（あなたはそのときスキーをしていましたか。）〔ski〕",
      "explanation": "過去進行形は「was/were + 〜ing」です。ski の〜ing形は skiing（i を重ねる）です。",
      "wordMeanings": {
        "skiing": "スキーをしている"
      },
      "choices": [
        {
          "text": "skiing",
          "explanation": ""
        },
        {
          "text": "ski",
          "explanation": "過去進行形では「were + 〜ing」の形を使います。ski（原形）ではなく skiing が必要です。"
        },
        {
          "text": "skied",
          "explanation": "skied は過去形です。過去進行形では「were + 〜ing」なので skiing が正しいです。"
        },
        {
          "text": "skis",
          "explanation": "skis は現在形（三人称単数）です。過去進行形では「were + 〜ing」なので skiing が正しいです。"
        }
      ],
      "correctAnswer": "skiing",
      "tags": null
    },
    {
      "question": "自分はきのうの朝、母を手伝っていたと言うとき。（７語）",
      "explanation": "過去進行形は「was/were + 〜ing」です。主語 I には was を使います。help = 手伝う。",
      "wordMeanings": {
        "I": "私",
        "was helping": "手伝っていた",
        "my mother": "私の母",
        "yesterday morning": "きのうの朝"
      },
      "choices": [
        {
          "text": "I was helping my mother yesterday morning.",
          "explanation": ""
        },
        {
          "text": "I were helping my mother yesterday morning.",
          "explanation": "主語 I には were ではなく was を使います。were は you / we / they に使います。"
        },
        {
          "text": "I am helping my mother yesterday morning.",
          "explanation": "am helping は現在進行形です。yesterday morning があるので過去進行形 was helping を使います。"
        },
        {
          "text": "I was help my mother yesterday morning.",
          "explanation": "過去進行形は「was + 〜ing」です。help（原形）ではなく helping にする必要があります。"
        }
      ],
      "correctAnswer": "I was helping my mother yesterday morning.",
      "tags": null
    },
    {
      "question": "I was ( ___ ) my mother yesterday morning.\n（自分はきのうの朝、母を手伝っていました。）",
      "explanation": "help（手伝う）の〜ing形は helping です。「手伝っていた」= was helping。",
      "wordMeanings": {
        "helping": "手伝っている"
      },
      "choices": [
        {
          "text": "helping",
          "explanation": ""
        },
        {
          "text": "talking",
          "explanation": "talking は「話している」という意味です。「手伝っていた」ではありません。"
        },
        {
          "text": "taking",
          "explanation": "taking は「取っている・撮っている」という意味です。「手伝っていた」ではありません。"
        },
        {
          "text": "listening",
          "explanation": "listening は「聞いている」という意味です。「手伝っていた」ではありません。"
        }
      ],
      "correctAnswer": "helping",
      "tags": null
    },
    {
      "question": "Were you and Nanami ( ___ ) to the station?\n（あなたとナナミは駅まで歩いていたのですか。）",
      "explanation": "過去進行形は「was/were + 〜ing」です。walk の〜ing形は walking です。",
      "wordMeanings": {
        "walking": "歩いている"
      },
      "choices": [
        {
          "text": "walking",
          "explanation": ""
        },
        {
          "text": "walk",
          "explanation": "過去進行形では「were + 〜ing」の形を使います。walk（原形）ではなく walking が必要です。"
        },
        {
          "text": "walks",
          "explanation": "walks は現在形（三人称単数）です。過去進行形では「were + 〜ing」なので walking が正しいです。"
        },
        {
          "text": "walked",
          "explanation": "walked は過去形です。過去進行形では「were + 〜ing」なので walking が正しいです。"
        }
      ],
      "correctAnswer": "walking",
      "tags": null
    }
  ]
}
