{
  "key": "etPastBe",
  "displayName": "過去形(be動詞)",
  "questions": [
    {
      "question": "その日は晴れでした。",
      "explanation": "「その日」= that day、主語 It に対して過去形 was を使います。",
      "wordMeanings": {
        "It": "それ",
        "was": "〜でした",
        "sunny": "晴れの",
        "that day": "その日"
      },
      "choices": [
        {
          "text": "It was sunny that day.",
          "explanation": ""
        },
        {
          "text": "It is sunny that day.",
          "explanation": "「その日は〜でした」と過去の話なので、is（現在形）ではなく was（過去形）を使います。"
        },
        {
          "text": "It were sunny that day.",
          "explanation": "主語が It のときは were ではなく was を使います。were は you / we / they に使います。"
        },
        {
          "text": "It was sunny today.",
          "explanation": "「その日」は that day です。today は「今日」という意味なので文意が変わります。"
        }
      ],
      "correctAnswer": "It was sunny that day.",
      "tags": null
    },
    {
      "question": "It was ( ___ ) that day.\n（その日は晴れでした。）",
      "explanation": "sunny は「晴れの」という意味で、天気を表す形容詞です。",
      "wordMeanings": {
        "sunny": "晴れの"
      },
      "choices": [
        {
          "text": "sunny",
          "explanation": ""
        },
        {
          "text": "cloudy",
          "explanation": "cloudy は「曇りの」という意味です。「晴れ」ではありません。"
        },
        {
          "text": "rainy",
          "explanation": "rainy は「雨の」という意味です。「晴れ」ではありません。"
        },
        {
          "text": "snowy",
          "explanation": "snowy は「雪の」という意味です。「晴れ」ではありません。"
        }
      ],
      "correctAnswer": "sunny",
      "tags": null
    },
    {
      "question": "私はそのとき、おなかがすいていました。",
      "explanation": "主語 I に対して was を使い、「おなかがすいている」= hungry、「そのとき」= then です。",
      "wordMeanings": {
        "I": "私",
        "was": "〜でした",
        "hungry": "おなかがすいている",
        "then": "そのとき"
      },
      "choices": [
        {
          "text": "I was hungry then.",
          "explanation": ""
        },
        {
          "text": "I were hungry then.",
          "explanation": "主語が I のときは were ではなく was を使います。"
        },
        {
          "text": "I am hungry then.",
          "explanation": "then（そのとき）は過去を表すので、am（現在形）ではなく was（過去形）を使います。"
        },
        {
          "text": "I did hungry then.",
          "explanation": "hungry は形容詞なので did は使いません。be動詞の過去形 was を使います。"
        }
      ],
      "correctAnswer": "I was hungry then.",
      "tags": null
    },
    {
      "question": "I was ( ___ ) then.\n（私はそのとき、おなかがすいていました。）",
      "explanation": "hungry は「おなかがすいている」という意味の形容詞です。",
      "wordMeanings": {
        "hungry": "おなかがすいている"
      },
      "choices": [
        {
          "text": "hungry",
          "explanation": ""
        },
        {
          "text": "tired",
          "explanation": "tired は「疲れている」という意味です。「おなかがすいている」ではありません。"
        },
        {
          "text": "surprised",
          "explanation": "surprised は「驚いている」という意味です。「おなかがすいている」ではありません。"
        },
        {
          "text": "happy",
          "explanation": "happy は「幸せな・うれしい」という意味です。「おなかがすいている」ではありません。"
        }
      ],
      "correctAnswer": "hungry",
      "tags": null
    },
    {
      "question": "ユイと私は昨年、テニスチームに入っていました。",
      "explanation": "主語が Yui and I（複数）なので were を使います。「〜チームに入っている」= be on the ... team です。",
      "wordMeanings": {
        "Yui and I": "ユイと私",
        "were": "〜でした",
        "on the tennis team": "テニスチームに入って",
        "last year": "昨年"
      },
      "choices": [
        {
          "text": "Yui and I were on the tennis team last year.",
          "explanation": ""
        },
        {
          "text": "Yui and I was on the tennis team last year.",
          "explanation": "主語が Yui and I（2人＝複数）なので was ではなく were を使います。"
        },
        {
          "text": "Yui and I are on the tennis team last year.",
          "explanation": "last year（昨年）があるので、現在形 are ではなく過去形 were を使います。"
        },
        {
          "text": "Yui and I is on the tennis team last year.",
          "explanation": "is は三人称単数の現在形です。複数主語の過去形は were を使います。"
        }
      ],
      "correctAnswer": "Yui and I were on the tennis team last year.",
      "tags": null
    },
    {
      "question": "Yui and I were on the ( ___ ) team last year.\n（ユイと私は昨年、テニスチームに入っていました。）",
      "explanation": "tennis は「テニス」です。",
      "wordMeanings": {
        "tennis": "テニス"
      },
      "choices": [
        {
          "text": "tennis",
          "explanation": ""
        },
        {
          "text": "soccer",
          "explanation": "soccer は「サッカー」という意味です。「テニス」ではありません。"
        },
        {
          "text": "basketball",
          "explanation": "basketball は「バスケットボール」という意味です。「テニス」ではありません。"
        },
        {
          "text": "baseball",
          "explanation": "baseball は「野球」という意味です。「テニス」ではありません。"
        }
      ],
      "correctAnswer": "tennis",
      "tags": null
    },
    {
      "question": "あなたはきのう、カナエといっしょにいましたか。―いいえ、いませんでした。",
      "explanation": "疑問文は Were you ...? の形にし、否定の答えは No, I wasn't. です。",
      "wordMeanings": {
        "Were": "〜でしたか",
        "you": "あなた",
        "with": "〜と一緒に",
        "yesterday": "きのう",
        "wasn't": "〜ではなかった"
      },
      "choices": [
        {
          "text": "Were you with Kanae yesterday? — No, I wasn't.",
          "explanation": ""
        },
        {
          "text": "Did you with Kanae yesterday? — No, I didn't.",
          "explanation": "be動詞の疑問文に did は使いません。Were you ...? の形にします。"
        },
        {
          "text": "Are you with Kanae yesterday? — No, I'm not.",
          "explanation": "yesterday があるので現在形 Are ではなく過去形 Were を使います。"
        },
        {
          "text": "Was you with Kanae yesterday? — No, I wasn't.",
          "explanation": "主語が you のときは Was ではなく Were を使います。"
        }
      ],
      "correctAnswer": "Were you with Kanae yesterday? — No, I wasn't.",
      "tags": null
    },
    {
      "question": "Were you with Kanae ( ___ )? — No, I wasn't.\n（あなたはきのう、カナエといっしょにいましたか。）",
      "explanation": "yesterday は「きのう」という意味の時を表す副詞です。",
      "wordMeanings": {
        "yesterday": "きのう"
      },
      "choices": [
        {
          "text": "yesterday",
          "explanation": ""
        },
        {
          "text": "tomorrow",
          "explanation": "tomorrow は「明日」という意味です。過去の文には使えません。"
        },
        {
          "text": "today",
          "explanation": "today は「今日」という意味です。「きのう」ではありません。"
        },
        {
          "text": "then",
          "explanation": "then は「そのとき」という意味です。「きのう」ではありません。"
        }
      ],
      "correctAnswer": "yesterday",
      "tags": null
    },
    {
      "question": "その映画はおもしろくありませんでした。",
      "explanation": "主語 The movie（単数）に対して wasn't（= was not）を使って否定文にします。",
      "wordMeanings": {
        "The movie": "その映画",
        "wasn't": "〜ではなかった",
        "interesting": "おもしろい"
      },
      "choices": [
        {
          "text": "The movie wasn't interesting.",
          "explanation": ""
        },
        {
          "text": "The movie weren't interesting.",
          "explanation": "主語 The movie は三人称単数なので weren't ではなく wasn't を使います。"
        },
        {
          "text": "The movie didn't interesting.",
          "explanation": "interesting は形容詞なので didn't は使いません。be動詞の否定形 wasn't を使います。"
        },
        {
          "text": "The movie isn't interesting.",
          "explanation": "「〜ありませんでした」と過去の話なので、isn't（現在形）ではなく wasn't（過去形）を使います。"
        }
      ],
      "correctAnswer": "The movie wasn't interesting.",
      "tags": null
    },
    {
      "question": "The movie wasn't ( ___ ).\n（その映画はおもしろくありませんでした。）",
      "explanation": "interesting は「おもしろい・興味深い」という意味の形容詞です。",
      "wordMeanings": {
        "interesting": "おもしろい"
      },
      "choices": [
        {
          "text": "interesting",
          "explanation": ""
        },
        {
          "text": "famous",
          "explanation": "famous は「有名な」という意味です。「おもしろい」ではありません。"
        },
        {
          "text": "surprising",
          "explanation": "surprising は「驚くべき」という意味です。「おもしろい」ではありません。"
        },
        {
          "text": "boring",
          "explanation": "boring は「退屈な」という意味で、interesting の反対語です。「おもしろい」ではありません。"
        }
      ],
      "correctAnswer": "interesting",
      "tags": null
    },
    {
      "question": "夏休みはいかがでしたか。",
      "explanation": "「いかがでしたか」= How was ...? 、summer vacation は単数なので was を使います。",
      "wordMeanings": {
        "How": "いかが・どのように",
        "was": "〜でしたか",
        "your": "あなたの",
        "summer vacation": "夏休み"
      },
      "choices": [
        {
          "text": "How was your summer vacation?",
          "explanation": ""
        },
        {
          "text": "How is your summer vacation?",
          "explanation": "「〜でしたか」と過去の話なので、is（現在形）ではなく was（過去形）を使います。"
        },
        {
          "text": "How were your summer vacation?",
          "explanation": "summer vacation は単数名詞なので were ではなく was を使います。"
        },
        {
          "text": "What was your summer vacation?",
          "explanation": "「いかがでしたか」と様子を聞いているので What ではなく How を使います。"
        }
      ],
      "correctAnswer": "How was your summer vacation?",
      "tags": null
    },
    {
      "question": "私は昨年、13歳でした。",
      "explanation": "主語 I に対して was を使い、「13歳」= thirteen years old です。",
      "wordMeanings": {
        "I": "私",
        "was": "〜でした",
        "thirteen": "13",
        "years old": "歳",
        "last year": "昨年"
      },
      "choices": [
        {
          "text": "I was thirteen years old last year.",
          "explanation": ""
        },
        {
          "text": "I were thirteen years old last year.",
          "explanation": "主語が I のときは were ではなく was を使います。"
        },
        {
          "text": "I am thirteen years old last year.",
          "explanation": "last year（昨年）があるので、am（現在形）ではなく was（過去形）を使います。"
        },
        {
          "text": "I was thirteen years old yesterday.",
          "explanation": "「昨年」は last year です。yesterday は「きのう」なので意味が変わります。"
        }
      ],
      "correctAnswer": "I was thirteen years old last year.",
      "tags": null
    },
    {
      "question": "I was ( ___ ) years old last year.\n（私は昨年、13歳でした。）",
      "explanation": "thirteen は数字の「13」です。",
      "wordMeanings": {
        "thirteen": "13"
      },
      "choices": [
        {
          "text": "thirteen",
          "explanation": ""
        },
        {
          "text": "fifteen",
          "explanation": "fifteen は「15」です。「13」ではありません。"
        },
        {
          "text": "twelve",
          "explanation": "twelve は「12」です。「13」ではありません。"
        },
        {
          "text": "fourteen",
          "explanation": "fourteen は「14」です。「13」ではありません。"
        }
      ],
      "correctAnswer": "thirteen",
      "tags": null
    },
    {
      "question": "あなたはきのう、家にいましたか。",
      "explanation": "主語 you に対しては Were を使い、「家に」= at home です。",
      "wordMeanings": {
        "Were": "〜でしたか",
        "you": "あなた",
        "at home": "家に",
        "yesterday": "きのう"
      },
      "choices": [
        {
          "text": "Were you at home yesterday?",
          "explanation": ""
        },
        {
          "text": "Was you at home yesterday?",
          "explanation": "主語が you のときは Was ではなく Were を使います。"
        },
        {
          "text": "Did you at home yesterday?",
          "explanation": "「いましたか」は be動詞の疑問文です。did は一般動詞に使うので、ここでは Were を使います。"
        },
        {
          "text": "Are you at home yesterday?",
          "explanation": "yesterday があるので現在形 Are ではなく過去形 Were を使います。"
        }
      ],
      "correctAnswer": "Were you at home yesterday?",
      "tags": null
    },
    {
      "question": "私たちはその時、空腹ではありませんでした。",
      "explanation": "主語 We（複数）に対して weren't（= were not）を使います。",
      "wordMeanings": {
        "We": "私たち",
        "weren't": "〜ではなかった",
        "hungry": "空腹の",
        "then": "その時"
      },
      "choices": [
        {
          "text": "We weren't hungry then.",
          "explanation": ""
        },
        {
          "text": "We wasn't hungry then.",
          "explanation": "主語が We（複数）のときは wasn't ではなく weren't を使います。"
        },
        {
          "text": "We didn't hungry then.",
          "explanation": "hungry は形容詞なので didn't は使いません。be動詞の否定形 weren't を使います。"
        },
        {
          "text": "We isn't hungry then.",
          "explanation": "isn't は現在形・三人称単数用です。We の過去の否定文は weren't を使います。"
        }
      ],
      "correctAnswer": "We weren't hungry then.",
      "tags": null
    },
    {
      "question": "彼は３年前、日本で有名ではありませんでした。",
      "explanation": "主語 He に対して was not を使い、「有名な」= famous、「3年前」= three years ago です。",
      "wordMeanings": {
        "He": "彼",
        "was not": "〜ではなかった",
        "famous": "有名な",
        "in Japan": "日本で",
        "three years ago": "3年前"
      },
      "choices": [
        {
          "text": "He was not famous in Japan three years ago.",
          "explanation": ""
        },
        {
          "text": "He were not famous in Japan three years ago.",
          "explanation": "主語が He（三人称単数）のときは were ではなく was を使います。"
        },
        {
          "text": "He did not famous in Japan three years ago.",
          "explanation": "famous は形容詞なので did not は使いません。be動詞の否定形 was not を使います。"
        },
        {
          "text": "He is not famous in Japan three years ago.",
          "explanation": "three years ago（3年前）があるので、is（現在形）ではなく was（過去形）を使います。"
        }
      ],
      "correctAnswer": "He was not famous in Japan three years ago.",
      "tags": null
    },
    {
      "question": "He was not ( ___ ) in Japan three years ago.\n（彼は３年前、日本で有名ではありませんでした。）",
      "explanation": "famous は「有名な」という意味の形容詞です。",
      "wordMeanings": {
        "famous": "有名な"
      },
      "choices": [
        {
          "text": "famous",
          "explanation": ""
        },
        {
          "text": "nervous",
          "explanation": "nervous は「緊張している」という意味です。「有名な」ではありません。"
        },
        {
          "text": "kind",
          "explanation": "kind は「親切な」という意味です。「有名な」ではありません。"
        },
        {
          "text": "free",
          "explanation": "free は「暇な・自由な」という意味です。「有名な」ではありません。"
        }
      ],
      "correctAnswer": "famous",
      "tags": null
    },
    {
      "question": "私の父と母は教師でした。",
      "explanation": "主語が My father and mother（2人＝複数）なので were を使います。teachers も複数形です。",
      "wordMeanings": {
        "My father and mother": "私の父と母",
        "were": "〜でした",
        "teachers": "教師たち"
      },
      "choices": [
        {
          "text": "My father and mother were teachers.",
          "explanation": ""
        },
        {
          "text": "My father and mother was teachers.",
          "explanation": "主語が father and mother（複数）なので was ではなく were を使います。"
        },
        {
          "text": "My father and mother were teacher.",
          "explanation": "主語が2人なので、teacher も複数形 teachers にする必要があります。"
        },
        {
          "text": "My father and mother are teachers.",
          "explanation": "「〜でした」と過去の話なので、are（現在形）ではなく were（過去形）を使います。"
        }
      ],
      "correctAnswer": "My father and mother were teachers.",
      "tags": null
    },
    {
      "question": "次の文を疑問文にかえて、Yesで答えなさい。\nThese houses were new ten years ago.",
      "explanation": "be動詞の疑問文は Were を文頭に出します。主語 these houses を they で受けて答えます。",
      "wordMeanings": {
        "Were": "〜でしたか",
        "these houses": "これらの家",
        "new": "新しい",
        "they were": "そうでした"
      },
      "choices": [
        {
          "text": "Were these houses new ten years ago? — Yes, they were.",
          "explanation": ""
        },
        {
          "text": "Did these houses were new ten years ago? — Yes, they did.",
          "explanation": "be動詞の疑問文に Did は使いません。Were を文頭に置きます。"
        },
        {
          "text": "Was these houses new ten years ago? — Yes, they was.",
          "explanation": "主語 these houses は複数なので Was ではなく Were を使います。答えも they were です。"
        },
        {
          "text": "These houses were new ten years ago, weren't they?",
          "explanation": "付加疑問文になっています。指示は通常の疑問文にかえることなので、Were these houses ...? の形にします。"
        }
      ],
      "correctAnswer": "Were these houses new ten years ago? — Yes, they were.",
      "tags": null
    },
    {
      "question": "次の文の文末にlast yearを加えて書きかえなさい。\nBob and Riku are classmates.",
      "explanation": "last year を加えると過去の文になるので、are を were に変えます。",
      "wordMeanings": {
        "were": "〜でした",
        "classmates": "クラスメート",
        "last year": "昨年"
      },
      "choices": [
        {
          "text": "Bob and Riku were classmates last year.",
          "explanation": ""
        },
        {
          "text": "Bob and Riku are classmates last year.",
          "explanation": "last year（昨年）を加えたら、are（現在形）を were（過去形）に変える必要があります。"
        },
        {
          "text": "Bob and Riku was classmates last year.",
          "explanation": "主語が Bob and Riku（複数）なので was ではなく were を使います。"
        },
        {
          "text": "Bob and Riku did classmates last year.",
          "explanation": "classmates は名詞なので did は使いません。be動詞の過去形 were を使います。"
        }
      ],
      "correctAnswer": "Bob and Riku were classmates last year.",
      "tags": null
    },
    {
      "question": "次の文を否定文にしなさい。\nI was free yesterday afternoon.",
      "explanation": "be動詞の否定文は was の後に not を入れます。I was not（= I wasn't）free ... となります。",
      "wordMeanings": {
        "was not": "〜ではなかった",
        "free": "暇な",
        "yesterday afternoon": "きのうの午後"
      },
      "choices": [
        {
          "text": "I was not free yesterday afternoon.",
          "explanation": ""
        },
        {
          "text": "I didn't free yesterday afternoon.",
          "explanation": "free は形容詞なので didn't は使えません。be動詞の否定形 was not を使います。"
        },
        {
          "text": "I not was free yesterday afternoon.",
          "explanation": "語順が間違っています。not は was の後に置きます：I was not free ... が正しい語順です。"
        },
        {
          "text": "I were not free yesterday afternoon.",
          "explanation": "主語が I のときは were ではなく was を使います。I was not ... が正しい形です。"
        }
      ],
      "correctAnswer": "I was not free yesterday afternoon.",
      "tags": null
    },
    {
      "question": "次の文の下線部Iをtheyにかえて書きかえなさい。\nI wasn't a good soccer player last year.",
      "explanation": "主語を They に変えると wasn't → weren't になり、player も複数形 players にします。a も不要になります。",
      "wordMeanings": {
        "They": "彼ら",
        "weren't": "〜ではなかった",
        "good": "上手な",
        "soccer players": "サッカー選手たち"
      },
      "choices": [
        {
          "text": "They weren't good soccer players last year.",
          "explanation": ""
        },
        {
          "text": "They wasn't good soccer players last year.",
          "explanation": "主語が They（複数）のときは wasn't ではなく weren't を使います。"
        },
        {
          "text": "They weren't good soccer player last year.",
          "explanation": "主語が They（複数）なので player も複数形 players にする必要があります。"
        },
        {
          "text": "They didn't good soccer players last year.",
          "explanation": "good soccer players は名詞句で、be動詞の文です。didn't ではなく weren't を使います。"
        }
      ],
      "correctAnswer": "They weren't good soccer players last year.",
      "tags": null
    },
    {
      "question": "He ( ___ ) in Australia last month. 〔be〕\n（彼は先月、オーストラリアにいました。）",
      "explanation": "主語 He（三人称単数）で last month（先月＝過去）なので、be動詞の過去形 was を使います。",
      "wordMeanings": {
        "was": "〜でした・〜にいた"
      },
      "choices": [
        {
          "text": "was",
          "explanation": ""
        },
        {
          "text": "were",
          "explanation": "were は you / we / they など複数主語に使います。He には was を使います。"
        },
        {
          "text": "is",
          "explanation": "last month（先月）があるので現在形 is ではなく過去形 was を使います。"
        },
        {
          "text": "be",
          "explanation": "be は原形です。過去の文では was（主語が I/he/she/it）または were（主語が you/we/they）を使います。"
        }
      ],
      "correctAnswer": "was",
      "tags": null
    },
    {
      "question": "Ken and I ( ___ ) fifteen years old last year.\n（ケンと私は昨年、15歳でした。）",
      "explanation": "主語が Ken and I（2人＝複数）なので were を使います。",
      "wordMeanings": {
        "were": "〜でした"
      },
      "choices": [
        {
          "text": "were",
          "explanation": ""
        },
        {
          "text": "am",
          "explanation": "am は主語が I のときだけ使う現在形です。Ken and I は複数で過去の文なので were を使います。"
        },
        {
          "text": "are",
          "explanation": "are は現在形です。last year（昨年）があるので過去形 were を使います。"
        },
        {
          "text": "was",
          "explanation": "was は単数主語（I/he/she/it）に使います。Ken and I は複数なので were を使います。"
        }
      ],
      "correctAnswer": "were",
      "tags": null
    },
    {
      "question": "( ___ ) you free yesterday? — No, I ( ___ ).\n最初の空所に入る語を選びなさい。",
      "explanation": "be動詞の過去の疑問文は「Were you ...?」の形にします。",
      "wordMeanings": {
        "Were": "〜でしたか"
      },
      "choices": [
        {
          "text": "Were",
          "explanation": ""
        },
        {
          "text": "Did",
          "explanation": "free は形容詞なので Did は使いません。be動詞の疑問文 Were you ...? を使います。"
        },
        {
          "text": "Are",
          "explanation": "yesterday があるので現在形 Are ではなく過去形 Were を使います。"
        },
        {
          "text": "Was",
          "explanation": "主語が you のときは Was ではなく Were を使います。"
        }
      ],
      "correctAnswer": "Were",
      "tags": null
    },
    {
      "question": "Were you free yesterday? — No, I ( ___ ).\n空所に入る語を選びなさい。",
      "explanation": "Were you ...? に対する否定の答えは No, I wasn't. です。主語が I なので wasn't を使います。",
      "wordMeanings": {
        "wasn't": "〜ではなかった"
      },
      "choices": [
        {
          "text": "wasn't",
          "explanation": ""
        },
        {
          "text": "didn't",
          "explanation": "be動詞の疑問文に対する答えに didn't は使いません。wasn't を使います。"
        },
        {
          "text": "weren't",
          "explanation": "主語が I のときは weren't ではなく wasn't を使います。weren't は we/you/they 用です。"
        },
        {
          "text": "hadn't",
          "explanation": "hadn't は過去完了の否定形です。ここでは be動詞の過去形 wasn't を使います。"
        }
      ],
      "correctAnswer": "wasn't",
      "tags": null
    }
  ]
}
