{
  "key": "etPastGeneral",
  "displayName": "過去形(一般動詞)",
  "questions": [
    {
      "question": "彼らは疲れているように見えませんでした。",
      "explanation": "一般動詞 look の過去の否定文は「didn't + 動詞の原形」で作ります。didn't look が正しい形です。",
      "wordMeanings": [
        {
          "word": "They",
          "meaning": "彼ら"
        },
        {
          "word": "didn't",
          "meaning": "〜しなかった"
        },
        {
          "word": "look",
          "meaning": "〜に見える"
        },
        {
          "word": "tired",
          "meaning": "疲れている"
        }
      ],
      "choices": [
        {
          "text": "They didn't look tired.",
          "explanation": ""
        },
        {
          "text": "They weren't look tired.",
          "explanation": "一般動詞 look の否定文に be動詞 weren't は使いません。「didn't + 動詞の原形」が正しい形です。"
        },
        {
          "text": "They not looked tired.",
          "explanation": "過去の否定文では「didn't + 動詞の原形」を使います。not だけでは否定文になりません。"
        },
        {
          "text": "They don't look tired.",
          "explanation": "don't は現在形の否定です。「〜でした」と過去の話なので didn't を使います。"
        }
      ],
      "correctAnswer": "They didn't look tired.",
      "tags": null
    },
    {
      "question": "They didn't look ( ___ ).\n（彼らは疲れているように見えませんでした。）",
      "explanation": "tired は「疲れている」という意味の形容詞です。",
      "wordMeanings": [
        {
          "word": "tired",
          "meaning": "疲れている"
        }
      ],
      "choices": [
        {
          "text": "tired",
          "explanation": ""
        },
        {
          "text": "surprised",
          "explanation": "surprised は「驚いた」という意味です。「疲れている」ではありません。"
        },
        {
          "text": "sleepy",
          "explanation": "sleepy は「眠い」という意味です。「疲れている」ではありません。"
        },
        {
          "text": "nervous",
          "explanation": "nervous は「緊張している」という意味です。「疲れている」ではありません。"
        }
      ],
      "correctAnswer": "tired",
      "tags": null
    },
    {
      "question": "彼女は驚いたように見えました。",
      "explanation": "一般動詞 look の過去形は looked です。「驚いたように見えた」= looked surprised。",
      "wordMeanings": [
        {
          "word": "She",
          "meaning": "彼女"
        },
        {
          "word": "looked",
          "meaning": "〜に見えた"
        },
        {
          "word": "surprised",
          "meaning": "驚いた"
        }
      ],
      "choices": [
        {
          "text": "She looked surprised.",
          "explanation": ""
        },
        {
          "text": "She was looked surprised.",
          "explanation": "look は一般動詞なので、be動詞 was と一緒に使いません。looked だけで過去形になります。"
        },
        {
          "text": "She looking surprised.",
          "explanation": "looking だけでは文が成り立ちません。過去形の looked を使うか、was looking とする必要があります。"
        },
        {
          "text": "She looks surprised.",
          "explanation": "looks は現在形（三人称単数）です。「〜ました」と過去の話なので looked を使います。"
        }
      ],
      "correctAnswer": "She looked surprised.",
      "tags": null
    },
    {
      "question": "She looked ( ___ ).\n（彼女は驚いたように見えました。）",
      "explanation": "surprised は「驚いた」という意味の形容詞です。",
      "wordMeanings": [
        {
          "word": "surprised",
          "meaning": "驚いた"
        }
      ],
      "choices": [
        {
          "text": "surprised",
          "explanation": ""
        },
        {
          "text": "tired",
          "explanation": "tired は「疲れている」という意味です。「驚いた」ではありません。"
        },
        {
          "text": "happy",
          "explanation": "happy は「幸せな・うれしい」という意味です。「驚いた」ではありません。"
        },
        {
          "text": "nervous",
          "explanation": "nervous は「緊張している」という意味です。「驚いた」ではありません。"
        }
      ],
      "correctAnswer": "surprised",
      "tags": null
    },
    {
      "question": "彼らはきのう、ここに自転車で来ませんでした。",
      "explanation": "一般動詞 come の過去の否定文は「didn't + 動詞の原形（come）」で作ります。「自転車で」= by bike。",
      "wordMeanings": [
        {
          "word": "They",
          "meaning": "彼ら"
        },
        {
          "word": "didn't",
          "meaning": "〜しなかった"
        },
        {
          "word": "come",
          "meaning": "来る"
        },
        {
          "word": "here",
          "meaning": "ここに"
        },
        {
          "word": "by bike",
          "meaning": "自転車で"
        },
        {
          "word": "yesterday",
          "meaning": "きのう"
        }
      ],
      "choices": [
        {
          "text": "They didn't come here by bike yesterday.",
          "explanation": ""
        },
        {
          "text": "They wasn't come here by bike yesterday.",
          "explanation": "一般動詞 come の否定文に be動詞 wasn't は使いません。また主語 They に was は使えません。"
        },
        {
          "text": "They not came here by bike yesterday.",
          "explanation": "過去の否定文では「didn't + 動詞の原形」を使います。not だけや came（過去形）は使いません。"
        },
        {
          "text": "They don't come here by bike yesterday.",
          "explanation": "don't は現在形の否定です。yesterday があるので過去形の didn't を使います。"
        }
      ],
      "correctAnswer": "They didn't come here by bike yesterday.",
      "tags": null
    },
    {
      "question": "あなたは橋を歩いて渡りましたか。",
      "explanation": "一般動詞の過去の疑問文は「Did + 主語 + 動詞の原形〜?」で作ります。walk across = 歩いて渡る。",
      "wordMeanings": [
        {
          "word": "Did",
          "meaning": "〜しましたか"
        },
        {
          "word": "you",
          "meaning": "あなた"
        },
        {
          "word": "walk",
          "meaning": "歩く"
        },
        {
          "word": "across",
          "meaning": "〜を渡って"
        },
        {
          "word": "the bridge",
          "meaning": "その橋"
        }
      ],
      "choices": [
        {
          "text": "Did you walk across the bridge?",
          "explanation": ""
        },
        {
          "text": "Were you walk across the bridge?",
          "explanation": "一般動詞 walk の疑問文に be動詞 Were は使いません。Did you walk〜? が正しい形です。"
        },
        {
          "text": "Do you walk across the bridge?",
          "explanation": "Do は現在形の疑問文です。「渡りましたか」と過去の話なので Did を使います。"
        },
        {
          "text": "Did you walked across the bridge?",
          "explanation": "Did を使った疑問文では、動詞は原形にします。walked（過去形）ではなく walk（原形）が正しいです。"
        }
      ],
      "correctAnswer": "Did you walk across the bridge?",
      "tags": null
    },
    {
      "question": "Did you walk across the ( ___ )?\n（あなたは橋を歩いて渡りましたか。）",
      "explanation": "bridge は「橋」という意味の名詞です。",
      "wordMeanings": [
        {
          "word": "bridge",
          "meaning": "橋"
        }
      ],
      "choices": [
        {
          "text": "bridge",
          "explanation": ""
        },
        {
          "text": "park",
          "explanation": "park は「公園」という意味です。「橋」ではありません。"
        },
        {
          "text": "river",
          "explanation": "river は「川」という意味です。「橋」ではありません。"
        },
        {
          "text": "station",
          "explanation": "station は「駅」という意味です。「橋」ではありません。"
        }
      ],
      "correctAnswer": "bridge",
      "tags": null
    },
    {
      "question": "私は彼にみやげ物をあげました。",
      "explanation": "give の過去形は gave（不規則変化）です。「みやげ物」= souvenir。give A to B = AをBにあげる。",
      "wordMeanings": [
        {
          "word": "I",
          "meaning": "私"
        },
        {
          "word": "gave",
          "meaning": "あげた（give の過去形）"
        },
        {
          "word": "a souvenir",
          "meaning": "みやげ物"
        },
        {
          "word": "to him",
          "meaning": "彼に"
        }
      ],
      "choices": [
        {
          "text": "I gave a souvenir to him.",
          "explanation": ""
        },
        {
          "text": "I gived a souvenir to him.",
          "explanation": "give は不規則動詞なので gived とはなりません。正しい過去形は gave です。"
        },
        {
          "text": "I give a souvenir to him.",
          "explanation": "give は現在形です。「あげました」と過去の話なので過去形 gave を使います。"
        },
        {
          "text": "I was gave a souvenir to him.",
          "explanation": "一般動詞 give の過去文に be動詞 was は不要です。I gave〜 だけで正しい過去文になります。"
        }
      ],
      "correctAnswer": "I gave a souvenir to him.",
      "tags": null
    },
    {
      "question": "I gave a ( ___ ) to him.\n（私は彼にみやげ物をあげました。）",
      "explanation": "souvenir は「みやげ物・おみやげ」という意味の名詞です。",
      "wordMeanings": [
        {
          "word": "souvenir",
          "meaning": "みやげ物"
        }
      ],
      "choices": [
        {
          "text": "souvenir",
          "explanation": ""
        },
        {
          "text": "ticket",
          "explanation": "ticket は「切符・チケット」という意味です。「みやげ物」ではありません。"
        },
        {
          "text": "book",
          "explanation": "book は「本」という意味です。「みやげ物」ではありません。"
        },
        {
          "text": "guitar",
          "explanation": "guitar は「ギター」という意味です。「みやげ物」ではありません。"
        }
      ],
      "correctAnswer": "souvenir",
      "tags": null
    },
    {
      "question": "コンサートは新しい歌で始まりました。",
      "explanation": "start の過去形は started（規則変化）です。「〜で始まる」= start with。",
      "wordMeanings": [
        {
          "word": "The concert",
          "meaning": "コンサート"
        },
        {
          "word": "started",
          "meaning": "始まった"
        },
        {
          "word": "with",
          "meaning": "〜で"
        },
        {
          "word": "a new song",
          "meaning": "新しい歌"
        }
      ],
      "choices": [
        {
          "text": "The concert started with a new song.",
          "explanation": ""
        },
        {
          "text": "The concert was started with a new song.",
          "explanation": "ここでは受動態にする必要はありません。The concert started〜 だけで「始まりました」を表せます。"
        },
        {
          "text": "The concert start with a new song.",
          "explanation": "「始まりました」と過去の話なので、start（原形）ではなく started（過去形）を使います。"
        },
        {
          "text": "The concert starting with a new song.",
          "explanation": "starting だけでは文が成り立ちません。過去形の started を使います。"
        }
      ],
      "correctAnswer": "The concert started with a new song.",
      "tags": null
    },
    {
      "question": "The concert started with a new ( ___ ).\n（コンサートは新しい歌で始まりました。）",
      "explanation": "song は「歌」という意味の名詞です。",
      "wordMeanings": [
        {
          "word": "song",
          "meaning": "歌"
        }
      ],
      "choices": [
        {
          "text": "song",
          "explanation": ""
        },
        {
          "text": "picture",
          "explanation": "picture は「写真・絵」という意味です。「歌」ではありません。"
        },
        {
          "text": "book",
          "explanation": "book は「本」という意味です。「歌」ではありません。"
        },
        {
          "text": "guitar",
          "explanation": "guitar は「ギター」という意味です。「歌」ではありません。"
        }
      ],
      "correctAnswer": "song",
      "tags": null
    },
    {
      "question": "あなたはどこでそのギターを買いましたか。",
      "explanation": "疑問詞 Where のあとは「did + 主語 + 動詞の原形」の語順になります。buy の原形をそのまま使います。",
      "wordMeanings": [
        {
          "word": "Where",
          "meaning": "どこで"
        },
        {
          "word": "did",
          "meaning": "〜しましたか"
        },
        {
          "word": "you",
          "meaning": "あなた"
        },
        {
          "word": "buy",
          "meaning": "買う"
        },
        {
          "word": "the guitar",
          "meaning": "そのギター"
        }
      ],
      "choices": [
        {
          "text": "Where did you buy the guitar?",
          "explanation": ""
        },
        {
          "text": "Where you did buy the guitar?",
          "explanation": "語順が間違っています。疑問詞のあとは「did + 主語 + 動詞の原形」の順番です。"
        },
        {
          "text": "Where do you buy the guitar?",
          "explanation": "do は現在形です。「買いましたか」と過去の話なので did を使います。"
        },
        {
          "text": "Where did you bought the guitar?",
          "explanation": "did を使った疑問文では、動詞は原形にします。bought（過去形）ではなく buy（原形）が正しいです。"
        }
      ],
      "correctAnswer": "Where did you buy the guitar?",
      "tags": null
    },
    {
      "question": "私は、1999年にその土地を祖父からもらいました。",
      "explanation": "get の過去形は got（不規則変化）です。「〜からもらう」= get 〜 from ...。",
      "wordMeanings": [
        {
          "word": "I",
          "meaning": "私"
        },
        {
          "word": "got",
          "meaning": "もらった（get の過去形）"
        },
        {
          "word": "the land",
          "meaning": "その土地"
        },
        {
          "word": "from",
          "meaning": "〜から"
        },
        {
          "word": "my grandfather",
          "meaning": "私の祖父"
        },
        {
          "word": "in 1999",
          "meaning": "1999年に"
        }
      ],
      "choices": [
        {
          "text": "I got the land from my grandfather in 1999.",
          "explanation": ""
        },
        {
          "text": "I getted the land from my grandfather in 1999.",
          "explanation": "get は不規則動詞なので getted とはなりません。正しい過去形は got です。"
        },
        {
          "text": "I get the land from my grandfather in 1999.",
          "explanation": "get は現在形です。「もらいました」と過去の話なので過去形 got を使います。"
        },
        {
          "text": "I was got the land from my grandfather in 1999.",
          "explanation": "一般動詞 get の過去文に be動詞 was は不要です。I got〜 だけで正しい過去文になります。"
        }
      ],
      "correctAnswer": "I got the land from my grandfather in 1999.",
      "tags": null
    },
    {
      "question": "I got the ( ___ ) from my grandfather in 1999.\n（私は、1999年にその土地を祖父からもらいました。）",
      "explanation": "land は「土地」という意味の名詞です。",
      "wordMeanings": [
        {
          "word": "land",
          "meaning": "土地"
        }
      ],
      "choices": [
        {
          "text": "land",
          "explanation": ""
        },
        {
          "text": "house",
          "explanation": "house は「家」という意味です。「土地」ではありません。"
        },
        {
          "text": "school",
          "explanation": "school は「学校」という意味です。「土地」ではありません。"
        },
        {
          "text": "park",
          "explanation": "park は「公園」という意味です。「土地」ではありません。"
        }
      ],
      "correctAnswer": "land",
      "tags": null
    },
    {
      "question": "He took care of his brother yesterday.\n〔否定文にしなさい〕",
      "explanation": "一般動詞の過去の否定文は「didn't + 動詞の原形」です。took → didn't take となります。",
      "wordMeanings": [
        {
          "word": "didn't",
          "meaning": "〜しなかった"
        },
        {
          "word": "take care of",
          "meaning": "〜の世話をする"
        },
        {
          "word": "his brother",
          "meaning": "彼の弟（兄）"
        },
        {
          "word": "yesterday",
          "meaning": "きのう"
        }
      ],
      "choices": [
        {
          "text": "He didn't take care of his brother yesterday.",
          "explanation": ""
        },
        {
          "text": "He wasn't take care of his brother yesterday.",
          "explanation": "一般動詞 take の否定文に be動詞 wasn't は使いません。didn't take が正しい形です。"
        },
        {
          "text": "He not took care of his brother yesterday.",
          "explanation": "過去の否定文では「didn't + 動詞の原形」を使います。not だけや took（過去形）は使いません。"
        },
        {
          "text": "He don't take care of his brother yesterday.",
          "explanation": "don't は現在形の否定です。yesterday があるので過去形の didn't を使います。"
        }
      ],
      "correctAnswer": "He didn't take care of his brother yesterday.",
      "tags": null
    },
    {
      "question": "Mike read his favorite book last night.\n〔否定文にしなさい〕",
      "explanation": "一般動詞の過去の否定文は「didn't + 動詞の原形」です。read は原形も過去形も同じ形（発音は異なります）。",
      "wordMeanings": [
        {
          "word": "didn't",
          "meaning": "〜しなかった"
        },
        {
          "word": "read",
          "meaning": "読む（原形）"
        },
        {
          "word": "his favorite book",
          "meaning": "彼のお気に入りの本"
        },
        {
          "word": "last night",
          "meaning": "昨夜"
        }
      ],
      "choices": [
        {
          "text": "Mike didn't read his favorite book last night.",
          "explanation": ""
        },
        {
          "text": "Mike wasn't read his favorite book last night.",
          "explanation": "一般動詞 read の否定文に be動詞 wasn't は使いません。didn't read が正しい形です。"
        },
        {
          "text": "Mike not read his favorite book last night.",
          "explanation": "否定文では「didn't + 動詞の原形」を使います。not だけでは否定文になりません。"
        },
        {
          "text": "Mike don't read his favorite book last night.",
          "explanation": "don't は現在形の否定です。last night があるので過去形の didn't を使います。"
        }
      ],
      "correctAnswer": "Mike didn't read his favorite book last night.",
      "tags": null
    },
    {
      "question": "They ( ___ ) to bed at ten last night.\n（彼らは昨夜10時に寝ました。）〔go〕",
      "explanation": "go の過去形は went（不規則変化）です。last night があるので過去形を使います。",
      "wordMeanings": [
        {
          "word": "went",
          "meaning": "行った（go の過去形）"
        }
      ],
      "choices": [
        {
          "text": "went",
          "explanation": ""
        },
        {
          "text": "go",
          "explanation": "go は現在形（原形）です。last night があるので過去形 went を使います。"
        },
        {
          "text": "goes",
          "explanation": "goes は現在形（三人称単数）です。last night があるので過去形 went を使います。"
        },
        {
          "text": "going",
          "explanation": "going は現在分詞（〜ing形）です。ここでは過去形 went が必要です。"
        }
      ],
      "correctAnswer": "went",
      "tags": null
    },
    {
      "question": "I ( ___ ) a lot of homework last night.\n（私は昨夜たくさんの宿題をしました。）〔do〕",
      "explanation": "do の過去形は did（不規則変化）です。last night があるので過去形を使います。",
      "wordMeanings": [
        {
          "word": "did",
          "meaning": "した（do の過去形）"
        }
      ],
      "choices": [
        {
          "text": "did",
          "explanation": ""
        },
        {
          "text": "do",
          "explanation": "do は現在形（原形）です。last night があるので過去形 did を使います。"
        },
        {
          "text": "does",
          "explanation": "does は現在形（三人称単数）です。last night があるので過去形 did を使います。"
        },
        {
          "text": "doing",
          "explanation": "doing は現在分詞（〜ing形）です。ここでは過去形 did が必要です。"
        }
      ],
      "correctAnswer": "did",
      "tags": null
    },
    {
      "question": "I didn't ( ___ ) anything yesterday.\n（私はきのう何もしませんでした。）〔do〕",
      "explanation": "didn't のあとは動詞の原形を使います。do が原形です。",
      "wordMeanings": [
        {
          "word": "do",
          "meaning": "する（原形）"
        }
      ],
      "choices": [
        {
          "text": "do",
          "explanation": ""
        },
        {
          "text": "did",
          "explanation": "didn't のあとは動詞の原形を使います。did（過去形）ではなく do（原形）が正しいです。"
        },
        {
          "text": "does",
          "explanation": "didn't のあとは動詞の原形を使います。does（三人称単数現在）ではなく do（原形）が正しいです。"
        },
        {
          "text": "doing",
          "explanation": "didn't のあとは動詞の原形を使います。doing（現在分詞）ではなく do（原形）が正しいです。"
        }
      ],
      "correctAnswer": "do",
      "tags": null
    },
    {
      "question": "Where did you ( ___ ) Makoto? — We saw him in the classroom.\n（あなたたちはどこでマコトに会いましたか。）",
      "explanation": "did のあとは動詞の原形を使います。see（見る・会う）が原形です。答えの saw は see の過去形です。",
      "wordMeanings": [
        {
          "word": "see",
          "meaning": "会う・見る（原形）"
        }
      ],
      "choices": [
        {
          "text": "see",
          "explanation": ""
        },
        {
          "text": "saw",
          "explanation": "did のあとは動詞の原形を使います。saw（過去形）ではなく see（原形）が正しいです。"
        },
        {
          "text": "seen",
          "explanation": "seen は過去分詞です。did のあとは動詞の原形 see を使います。"
        },
        {
          "text": "sees",
          "explanation": "sees は現在形（三人称単数）です。did のあとは動詞の原形 see を使います。"
        }
      ],
      "correctAnswer": "see",
      "tags": null
    }
  ]
}
