{
  "key": "etVocabulary",
  "displayName": "語彙・熟語",
  "questions": [
    {
      "question": "このゲームはとても楽しいです。（とても…qで始まる単語）",
      "explanation": "quite は「とても・かなり」という意味の副詞で、形容詞 fun の前に置きます。",
      "wordMeanings": [
        {
          "word": "game",
          "meaning": "ゲーム"
        },
        {
          "word": "quite",
          "meaning": "とても・かなり"
        },
        {
          "word": "fun",
          "meaning": "楽しい"
        }
      ],
      "choices": [
        {
          "text": "The game is quite fun.",
          "explanation": ""
        },
        {
          "text": "The game is quite funny.",
          "explanation": "funny は「おかしい・笑える」という意味で、「楽しい」とは少しニュアンスが異なります。fun が正しいです。"
        },
        {
          "text": "The game quite is fun.",
          "explanation": "quite は be動詞（is）の後、形容詞（fun）の前に置きます。語順が誤りです。"
        },
        {
          "text": "The game is quiet fun.",
          "explanation": "quiet は「静かな」という意味の形容詞です。「とても」は quite（スペルに注意）です。"
        }
      ],
      "correctAnswer": "The game is quite fun.",
      "tags": null
    },
    {
      "question": "The game is ( ___ ) fun.\nこのゲームはとても楽しいです。",
      "explanation": "quite は「とても・かなり」という意味の副詞です。形容詞の前に置いて強調します。",
      "wordMeanings": [
        {
          "word": "quite",
          "meaning": "とても・かなり"
        }
      ],
      "choices": [
        {
          "text": "quite",
          "explanation": ""
        },
        {
          "text": "quiet",
          "explanation": "quiet は「静かな」という意味の形容詞です。スペルが似ていますが意味が違います。"
        },
        {
          "text": "very",
          "explanation": "very も「とても」という意味ですが、問題文に「qで始まる単語」とあるので quite が正解です。"
        },
        {
          "text": "really",
          "explanation": "really も「本当に・とても」という意味ですが、問題文に「qで始まる単語」とあるので quite が正解です。"
        }
      ],
      "correctAnswer": "quite",
      "tags": null
    },
    {
      "question": "どうしましたか。",
      "explanation": "What's up? は「どうしましたか・調子はどう？」というカジュアルな挨拶・質問表現です。",
      "wordMeanings": [
        {
          "word": "What's up",
          "meaning": "どうしましたか"
        }
      ],
      "choices": [
        {
          "text": "What's up?",
          "explanation": ""
        },
        {
          "text": "What's on?",
          "explanation": "What's on? は「何をやっていますか（テレビなど）」という意味で、「どうしましたか」とは異なります。"
        },
        {
          "text": "How's up?",
          "explanation": "How's up? という表現は英語にはありません。What's up? が正しい形です。"
        },
        {
          "text": "What's happen?",
          "explanation": "What's happen? は文法的に誤りです。What happened? なら正しいですが、「どうしましたか」= What's up? です。"
        }
      ],
      "correctAnswer": "What's up?",
      "tags": null
    },
    {
      "question": "姉は学校に行っています。（学生です）",
      "explanation": "三人称単数（my sister）なので go に s をつけて goes とします。習慣的な行動には現在形を使います。",
      "wordMeanings": [
        {
          "word": "sister",
          "meaning": "姉・妹"
        },
        {
          "word": "goes",
          "meaning": "行く（三単現）"
        },
        {
          "word": "school",
          "meaning": "学校"
        }
      ],
      "choices": [
        {
          "text": "My sister goes to school.",
          "explanation": ""
        },
        {
          "text": "My sister go to school.",
          "explanation": "主語が My sister（三人称単数）なので、go ではなく goes にする必要があります。"
        },
        {
          "text": "My sister is goes to school.",
          "explanation": "is と goes を一緒に使うことはできません。現在形なら goes だけで十分です。"
        },
        {
          "text": "My sister going to school.",
          "explanation": "進行形にするなら is going が必要です。また、習慣的な行動には現在形 goes を使います。"
        }
      ],
      "correctAnswer": "My sister goes to school.",
      "tags": null
    },
    {
      "question": "この歌で私たちは彼を思い出します。",
      "explanation": "主語が We（複数）なので remember はそのままの形です。「〜で」= with を使います。",
      "wordMeanings": [
        {
          "word": "remember",
          "meaning": "思い出す"
        },
        {
          "word": "him",
          "meaning": "彼を"
        },
        {
          "word": "with",
          "meaning": "〜で"
        },
        {
          "word": "song",
          "meaning": "歌"
        }
      ],
      "choices": [
        {
          "text": "We remember him with this song.",
          "explanation": ""
        },
        {
          "text": "We remembers him with this song.",
          "explanation": "主語が We（複数）なので、三単現の s はつけません。remembers ではなく remember が正しいです。"
        },
        {
          "text": "We remembered him with this song.",
          "explanation": "「思い出します」は現在の習慣なので、過去形 remembered ではなく現在形 remember を使います。"
        },
        {
          "text": "We are remember him with this song.",
          "explanation": "are remember という形は文法的に誤りです。現在形の remember をそのまま使います。"
        }
      ],
      "correctAnswer": "We remember him with this song.",
      "tags": null
    },
    {
      "question": "We ( ___ ) him with this song.\nこの歌で私たちは彼を思い出します。",
      "explanation": "remember は「思い出す・覚えている」という意味の動詞です。",
      "wordMeanings": [
        {
          "word": "remember",
          "meaning": "思い出す・覚えている"
        }
      ],
      "choices": [
        {
          "text": "remember",
          "explanation": ""
        },
        {
          "text": "forget",
          "explanation": "forget は「忘れる」という意味で、「思い出す」とは反対の意味です。"
        },
        {
          "text": "know",
          "explanation": "know は「知っている」という意味で、「思い出す」とは異なります。"
        },
        {
          "text": "like",
          "explanation": "like は「好む」という意味で、「思い出す」とは異なります。"
        }
      ],
      "correctAnswer": "remember",
      "tags": null
    },
    {
      "question": "静かに祈りましょう。",
      "explanation": "Let's + 動詞の原形で「〜しましょう」、in silence で「静かに」という意味です。",
      "wordMeanings": [
        {
          "word": "Let's",
          "meaning": "〜しましょう"
        },
        {
          "word": "pray",
          "meaning": "祈る"
        },
        {
          "word": "in silence",
          "meaning": "静かに"
        },
        {
          "word": "silence",
          "meaning": "静けさ"
        }
      ],
      "choices": [
        {
          "text": "Let's pray in silence.",
          "explanation": ""
        },
        {
          "text": "Let's praying in silence.",
          "explanation": "Let's の後は動詞の原形を置きます。praying（-ing形）ではなく pray が正しいです。"
        },
        {
          "text": "Let's pray in silent.",
          "explanation": "in silence（名詞）が正しい形です。silent は形容詞なので in の後には使いません。"
        },
        {
          "text": "Let pray in silence.",
          "explanation": "「〜しましょう」は Let's（= Let us）です。Let だけでは意味が通りません。"
        }
      ],
      "correctAnswer": "Let's pray in silence.",
      "tags": null
    },
    {
      "question": "Let's pray in ( ___ ).\n静かに祈りましょう。",
      "explanation": "silence は「静けさ・沈黙」という名詞で、in silence で「静かに」という意味になります。",
      "wordMeanings": [
        {
          "word": "silence",
          "meaning": "静けさ・沈黙"
        }
      ],
      "choices": [
        {
          "text": "silence",
          "explanation": ""
        },
        {
          "text": "silent",
          "explanation": "silent は「静かな」という形容詞です。in の後には名詞の silence を使います。"
        },
        {
          "text": "quite",
          "explanation": "quite は「かなり・とても」という副詞で、「静かに」という意味ではありません。"
        },
        {
          "text": "peace",
          "explanation": "peace は「平和」という意味で、in peace は「安らかに」です。「静かに」は in silence です。"
        }
      ],
      "correctAnswer": "silence",
      "tags": null
    },
    {
      "question": "これらの魚を切ってもらえませんか。―すみません、できません。",
      "explanation": "Can you 〜? で「〜してもらえますか」という依頼表現です。cut はそのままの原形を使います。",
      "wordMeanings": [
        {
          "word": "Can you",
          "meaning": "〜してもらえますか"
        },
        {
          "word": "cut",
          "meaning": "切る"
        },
        {
          "word": "these",
          "meaning": "これらの"
        },
        {
          "word": "fish",
          "meaning": "魚"
        }
      ],
      "choices": [
        {
          "text": "Can you cut these fish? — Sorry, I can't.",
          "explanation": ""
        },
        {
          "text": "Can you cuts these fish? — Sorry, I can't.",
          "explanation": "Can の後は動詞の原形を使います。cuts（三単現）ではなく cut が正しいです。"
        },
        {
          "text": "Do you cut these fish? — Sorry, I can't.",
          "explanation": "依頼の表現は Can you 〜? です。Do you 〜? は「あなたは〜しますか」という質問になります。"
        },
        {
          "text": "Are you cut these fish? — Sorry, I can't.",
          "explanation": "Are you 〜? は一般動詞 cut とは使えません。依頼は Can you 〜? を使います。"
        }
      ],
      "correctAnswer": "Can you cut these fish? — Sorry, I can't.",
      "tags": null
    },
    {
      "question": "この絵を見てもらえませんか。― いいですよ。",
      "explanation": "look at 〜 で「〜を見る」。look は自動詞なので前置詞 at が必要です。",
      "wordMeanings": [
        {
          "word": "look at",
          "meaning": "〜を見る"
        },
        {
          "word": "picture",
          "meaning": "絵・写真"
        },
        {
          "word": "No problem",
          "meaning": "いいですよ"
        }
      ],
      "choices": [
        {
          "text": "Can you look at this picture? — No problem.",
          "explanation": ""
        },
        {
          "text": "Can you look this picture? — No problem.",
          "explanation": "look は自動詞なので、目的語の前に前置詞 at が必要です。look at this picture が正しいです。"
        },
        {
          "text": "Can you see at this picture? — No problem.",
          "explanation": "see は「見える」という意味の他動詞で、at は不要です。「見てもらう」は look at を使います。"
        },
        {
          "text": "Can you looking at this picture? — No problem.",
          "explanation": "Can の後は動詞の原形を置きます。looking（-ing形）ではなく look が正しいです。"
        }
      ],
      "correctAnswer": "Can you look at this picture? — No problem.",
      "tags": null
    },
    {
      "question": "火を起こしてください。― いいですよ。",
      "explanation": "make a fire で「火を起こす」という意味の熟語です。命令文なので動詞の原形で始めます。",
      "wordMeanings": [
        {
          "word": "Make",
          "meaning": "作る・起こす"
        },
        {
          "word": "a fire",
          "meaning": "火"
        },
        {
          "word": "please",
          "meaning": "お願いします"
        },
        {
          "word": "All right",
          "meaning": "いいですよ"
        }
      ],
      "choices": [
        {
          "text": "Make a fire, please. — All right.",
          "explanation": ""
        },
        {
          "text": "Do a fire, please. — All right.",
          "explanation": "「火を起こす」は make a fire です。do a fire という表現は使いません。"
        },
        {
          "text": "Make fire, please. — All right.",
          "explanation": "fire の前に冠詞 a が必要です。make a fire が正しい表現です。"
        },
        {
          "text": "Making a fire, please. — All right.",
          "explanation": "命令文は動詞の原形で始めます。Making（-ing形）ではなく Make が正しいです。"
        }
      ],
      "correctAnswer": "Make a fire, please. — All right.",
      "tags": null
    },
    {
      "question": "手伝ってもらえますか。― いいですよ。",
      "explanation": "Can you help me? で「手伝ってもらえますか」という依頼表現です。Sure は「いいですよ」。",
      "wordMeanings": [
        {
          "word": "Can you",
          "meaning": "〜してもらえますか"
        },
        {
          "word": "help",
          "meaning": "手伝う"
        },
        {
          "word": "me",
          "meaning": "私を"
        },
        {
          "word": "Sure",
          "meaning": "いいですよ"
        }
      ],
      "choices": [
        {
          "text": "Can you help me? — Sure.",
          "explanation": ""
        },
        {
          "text": "Can you helps me? — Sure.",
          "explanation": "Can の後は動詞の原形を使います。helps（三単現）ではなく help が正しいです。"
        },
        {
          "text": "Do you help me? — Sure.",
          "explanation": "Do you help me? は「あなたは私を手伝いますか」という質問です。依頼は Can you 〜? を使います。"
        },
        {
          "text": "Can you helping me? — Sure.",
          "explanation": "Can の後は動詞の原形を置きます。helping（-ing形）ではなく help が正しいです。"
        }
      ],
      "correctAnswer": "Can you help me? — Sure.",
      "tags": null
    },
    {
      "question": "すばらしい休日を！",
      "explanation": "Have a great 〜! で「すばらしい〜を！」という決まり文句です。holiday は「休日」。",
      "wordMeanings": [
        {
          "word": "Have",
          "meaning": "過ごす"
        },
        {
          "word": "a",
          "meaning": "ひとつの"
        },
        {
          "word": "great",
          "meaning": "すばらしい"
        },
        {
          "word": "holiday",
          "meaning": "休日"
        }
      ],
      "choices": [
        {
          "text": "Have a great holiday!",
          "explanation": ""
        },
        {
          "text": "Get a great holiday!",
          "explanation": "「すばらしい〜を！」は Have a great 〜! が決まった表現です。Get は使いません。"
        },
        {
          "text": "Have great holiday!",
          "explanation": "holiday は可算名詞なので、冠詞 a が必要です。Have a great holiday! が正しいです。"
        },
        {
          "text": "Have a great holidays!",
          "explanation": "a がついているので単数形 holiday にします。a great holidays は文法的に誤りです。"
        }
      ],
      "correctAnswer": "Have a great holiday!",
      "tags": null
    },
    {
      "question": "Have a great ( ___ )!\nすばらしい休日を！",
      "explanation": "holiday は「休日・祝日」という意味の名詞です。",
      "wordMeanings": [
        {
          "word": "holiday",
          "meaning": "休日・祝日"
        }
      ],
      "choices": [
        {
          "text": "holiday",
          "explanation": ""
        },
        {
          "text": "vacation",
          "explanation": "vacation は「休暇・長期休み」という意味で、「休日」とは少しニュアンスが異なります。日本語の「休日」に近いのは holiday です。"
        },
        {
          "text": "weekend",
          "explanation": "weekend は「週末」という意味で、「休日」とは異なります。"
        },
        {
          "text": "birthday",
          "explanation": "birthday は「誕生日」という意味で、「休日」とは異なります。"
        }
      ],
      "correctAnswer": "holiday",
      "tags": null
    },
    {
      "question": "All of us cried ( ___ ) ( ___ ) ( ___ ) ( ___ ).\n私たちは全員が同時に泣きました。",
      "explanation": "at the same time で「同時に」という意味の熟語です。",
      "wordMeanings": [
        {
          "word": "at the same time",
          "meaning": "同時に"
        }
      ],
      "choices": [
        {
          "text": "at the same time",
          "explanation": ""
        },
        {
          "text": "in the same time",
          "explanation": "「同時に」は at the same time です。in the same time は誤りです。"
        },
        {
          "text": "at a same time",
          "explanation": "same の前には定冠詞 the を使います。a same time は誤りです。"
        },
        {
          "text": "for the same time",
          "explanation": "「同時に」は at the same time です。for the same time は「同じ時間の間」という別の意味になります。"
        }
      ],
      "correctAnswer": "at the same time",
      "tags": null
    },
    {
      "question": "Don't play games ( ___ ) today.\n今日はもうゲームをしてはいけません。",
      "explanation": "anymore は「もう（〜ない）」という意味で、否定文で使います。",
      "wordMeanings": [
        {
          "word": "anymore",
          "meaning": "もう（〜ない）"
        }
      ],
      "choices": [
        {
          "text": "anymore",
          "explanation": ""
        },
        {
          "text": "already",
          "explanation": "already は「すでに」という意味で、「もう〜ない」とは異なります。"
        },
        {
          "text": "again",
          "explanation": "again は「再び」という意味で、「もう〜ない」とは異なります。"
        },
        {
          "text": "always",
          "explanation": "always は「いつも」という意味で、「もう〜ない」とは異なります。"
        }
      ],
      "correctAnswer": "anymore",
      "tags": null
    },
    {
      "question": "Do you want to do your homework ( ___ ) want to read books?\nあなたは宿題をしたいですか、それとも本を読みたいですか。",
      "explanation": "or は「それとも・または」という意味の接続詞で、選択肢を示します。",
      "wordMeanings": [
        {
          "word": "or",
          "meaning": "それとも・または"
        }
      ],
      "choices": [
        {
          "text": "or",
          "explanation": ""
        },
        {
          "text": "and",
          "explanation": "and は「そして」という意味で、選択ではなく並列を表します。"
        },
        {
          "text": "but",
          "explanation": "but は「しかし」という意味で、逆接を表します。選択肢を示す場面では使いません。"
        },
        {
          "text": "so",
          "explanation": "so は「だから」という意味で、結果を表します。選択肢を示す場面では使いません。"
        }
      ],
      "correctAnswer": "or",
      "tags": null
    },
    {
      "question": "Miki speaks English. ( ___ ) ( ___ ), she speaks Japanese.\n美紀は英語を話します。さらに、彼女は日本語も話します。",
      "explanation": "In addition は「さらに・加えて」という意味で、情報を追加するときに使います。",
      "wordMeanings": [
        {
          "word": "In addition",
          "meaning": "さらに・加えて"
        }
      ],
      "choices": [
        {
          "text": "In addition",
          "explanation": ""
        },
        {
          "text": "In fact",
          "explanation": "In fact は「実は」という意味で、「さらに」とは異なります。"
        },
        {
          "text": "For example",
          "explanation": "For example は「例えば」という意味で、「さらに」とは異なります。"
        },
        {
          "text": "At first",
          "explanation": "At first は「最初は」という意味で、「さらに」とは異なります。"
        }
      ],
      "correctAnswer": "In addition",
      "tags": null
    },
    {
      "question": "I like dogs, ( ___ ) my mother doesn't like them.\n私はイヌが好きですが、母はイヌが好きではありません。",
      "explanation": "but は「しかし・でも」という接続詞で、対照的な内容をつなぎます。",
      "wordMeanings": [
        {
          "word": "but",
          "meaning": "しかし・でも"
        }
      ],
      "choices": [
        {
          "text": "but",
          "explanation": ""
        },
        {
          "text": "and",
          "explanation": "and は「そして」という意味で、逆接の場面では使いません。"
        },
        {
          "text": "or",
          "explanation": "or は「または」という意味で、逆接の場面では使いません。"
        },
        {
          "text": "so",
          "explanation": "so は「だから」という意味で、逆接の場面では使いません。"
        }
      ],
      "correctAnswer": "but",
      "tags": null
    },
    {
      "question": "( ___ ) ( ___ ) ( ___ ) you?\nあなたがたに何が起こったのですか。",
      "explanation": "What happened to 〜? で「〜に何が起こったのですか」という意味です。happen の過去形は happened です。",
      "wordMeanings": [
        {
          "word": "What",
          "meaning": "何が"
        },
        {
          "word": "happened",
          "meaning": "起こった"
        },
        {
          "word": "to",
          "meaning": "〜に"
        }
      ],
      "choices": [
        {
          "text": "What happened to",
          "explanation": ""
        },
        {
          "text": "What happen to",
          "explanation": "「起こった」は過去形なので、happen ではなく happened にする必要があります。"
        },
        {
          "text": "What happens for",
          "explanation": "happens は三単現、for は前置詞が誤りです。過去形 happened と前置詞 to を使います。"
        },
        {
          "text": "How happened to",
          "explanation": "「何が起こったか」は What を使います。How は「どのように」という意味で、ここでは使いません。"
        }
      ],
      "correctAnswer": "What happened to",
      "tags": null
    },
    {
      "question": "This ticket is for a child five ( ___ ) ( ___ ).\nこのチケットは５才以下の子供用です。",
      "explanation": "〜 and under で「〜以下」という意味です。年齢制限などでよく使われます。",
      "wordMeanings": [
        {
          "word": "and under",
          "meaning": "〜以下"
        }
      ],
      "choices": [
        {
          "text": "and under",
          "explanation": ""
        },
        {
          "text": "or under",
          "explanation": "「〜以下」は and under が正しい表現です。or under は一般的ではありません。"
        },
        {
          "text": "and below",
          "explanation": "below は「下に」という意味ですが、年齢の「〜以下」には and under を使います。"
        },
        {
          "text": "or below",
          "explanation": "年齢の「〜以下」は and under が正しい表現です。or below は使いません。"
        }
      ],
      "correctAnswer": "and under",
      "tags": null
    },
    {
      "question": "We need five dollars ( ___ ) ( ___ ).\n私たちは少なくとも５ドル必要です。",
      "explanation": "at least は「少なくとも」という意味の熟語です。",
      "wordMeanings": [
        {
          "word": "at least",
          "meaning": "少なくとも"
        }
      ],
      "choices": [
        {
          "text": "at least",
          "explanation": ""
        },
        {
          "text": "at last",
          "explanation": "at last は「ついに・やっと」という意味で、「少なくとも」とは異なります。"
        },
        {
          "text": "at most",
          "explanation": "at most は「多くても・せいぜい」という意味で、「少なくとも」とは反対の意味です。"
        },
        {
          "text": "at first",
          "explanation": "at first は「最初は」という意味で、「少なくとも」とは異なります。"
        }
      ],
      "correctAnswer": "at least",
      "tags": null
    },
    {
      "question": "He made ( ___ ) ( ___ ) ( ___ ) friends at college.\n彼は大学でたくさんの友達を作りました。",
      "explanation": "a lot of は「たくさんの」という意味で、可算名詞にも不可算名詞にも使えます。",
      "wordMeanings": [
        {
          "word": "a lot of",
          "meaning": "たくさんの"
        }
      ],
      "choices": [
        {
          "text": "a lot of",
          "explanation": ""
        },
        {
          "text": "a lots of",
          "explanation": "lot に s をつけた lots of は使いますが、a lots of は文法的に誤りです。a lot of が正しいです。"
        },
        {
          "text": "lot of",
          "explanation": "冠詞 a が必要です。a lot of が正しい形です。"
        },
        {
          "text": "a lot for",
          "explanation": "「たくさんの〜」は a lot of です。for は「〜のために」で意味が異なります。"
        }
      ],
      "correctAnswer": "a lot of",
      "tags": null
    },
    {
      "question": "Last weekend, I went to Asahiyama Zoo ( ___ ) ( ___ ) ( ___ ) ( ___ ).\n先週末、私は初めて旭山動物園に行きました。",
      "explanation": "for the first time で「初めて」という意味の熟語です。",
      "wordMeanings": [
        {
          "word": "for the first time",
          "meaning": "初めて"
        }
      ],
      "choices": [
        {
          "text": "for the first time",
          "explanation": ""
        },
        {
          "text": "at the first time",
          "explanation": "「初めて」は for the first time です。at the first time は誤りです。"
        },
        {
          "text": "for first time",
          "explanation": "first time の前に定冠詞 the が必要です。for the first time が正しいです。"
        },
        {
          "text": "in the first time",
          "explanation": "「初めて」は for the first time です。in the first time は誤りです。"
        }
      ],
      "correctAnswer": "for the first time",
      "tags": null
    },
    {
      "question": "Can you ( ___ ) ( ___ ) my bag?\n私のカバンを探してくれませんか。",
      "explanation": "look for は「〜を探す」という意味の句動詞です。",
      "wordMeanings": [
        {
          "word": "look for",
          "meaning": "〜を探す"
        }
      ],
      "choices": [
        {
          "text": "look for",
          "explanation": ""
        },
        {
          "text": "look at",
          "explanation": "look at は「〜を見る」という意味で、「探す」とは異なります。"
        },
        {
          "text": "look after",
          "explanation": "look after は「〜の世話をする」という意味で、「探す」とは異なります。"
        },
        {
          "text": "look up",
          "explanation": "look up は「〜を調べる・見上げる」という意味で、「探す」とは異なります。"
        }
      ],
      "correctAnswer": "look for",
      "tags": null
    },
    {
      "question": "Ayaka ( ___ ) reads books in the park.\nアヤカはよく公園で本を読みます。",
      "explanation": "often は「よく・しばしば」という意味の頻度の副詞です。",
      "wordMeanings": [
        {
          "word": "often",
          "meaning": "よく・しばしば"
        }
      ],
      "choices": [
        {
          "text": "often",
          "explanation": ""
        },
        {
          "text": "never",
          "explanation": "never は「決して〜ない」という意味で、「よく」とは反対の意味です。"
        },
        {
          "text": "always",
          "explanation": "always は「いつも」という意味で、「よく」よりも頻度が高いです。"
        },
        {
          "text": "usually",
          "explanation": "usually は「たいてい」という意味で、「よく」とは少しニュアンスが異なります。"
        }
      ],
      "correctAnswer": "often",
      "tags": null
    },
    {
      "question": "He is ( ___ ) late for school.\n彼は決して学校に遅刻しません。",
      "explanation": "never は「決して〜ない」という意味の頻度の副詞です。否定の意味を含みます。",
      "wordMeanings": [
        {
          "word": "never",
          "meaning": "決して〜ない"
        }
      ],
      "choices": [
        {
          "text": "never",
          "explanation": ""
        },
        {
          "text": "often",
          "explanation": "often は「よく」という意味で、「決して〜ない」とは異なります。"
        },
        {
          "text": "always",
          "explanation": "always は「いつも」という意味で、「決して〜ない」とは反対の意味です。"
        },
        {
          "text": "sometimes",
          "explanation": "sometimes は「ときどき」という意味で、「決して〜ない」とは異なります。"
        }
      ],
      "correctAnswer": "never",
      "tags": null
    },
    {
      "question": "Natural disasters frequently ( ___ ) in Japan.\n日本では頻繁に自然災害が起こります。",
      "explanation": "occur は「起こる・発生する」という意味の動詞です。自然災害などに使われます。",
      "wordMeanings": [
        {
          "word": "occur",
          "meaning": "起こる・発生する"
        }
      ],
      "choices": [
        {
          "text": "occur",
          "explanation": ""
        },
        {
          "text": "make",
          "explanation": "make は「作る」という意味で、災害が「起こる」には使いません。"
        },
        {
          "text": "come",
          "explanation": "come は「来る」という意味で、災害が「起こる」を表すには不自然です。"
        },
        {
          "text": "happen",
          "explanation": "happen も「起こる」ですが、主語が Natural disasters の場合、occur がより適切です。また frequently の後なので occur がより自然です。"
        }
      ],
      "correctAnswer": "occur",
      "tags": null
    },
    {
      "question": "I ( ___ ) study at the library.\n私はたいてい、図書館で勉強します。",
      "explanation": "usually は「たいてい・普段は」という意味の頻度の副詞です。",
      "wordMeanings": [
        {
          "word": "usually",
          "meaning": "たいてい・普段は"
        }
      ],
      "choices": [
        {
          "text": "usually",
          "explanation": ""
        },
        {
          "text": "never",
          "explanation": "never は「決して〜ない」という意味で、「たいてい」とは全く異なります。"
        },
        {
          "text": "often",
          "explanation": "often は「よく」という意味で、「たいてい」よりも頻度がやや低いです。"
        },
        {
          "text": "sometimes",
          "explanation": "sometimes は「ときどき」という意味で、「たいてい」よりも頻度が低いです。"
        }
      ],
      "correctAnswer": "usually",
      "tags": null
    },
    {
      "question": "My brother ( ___ ) cooks dinner for our family.\n私の兄はときどき、私たちの家族のために夕食を作ります。",
      "explanation": "sometimes は「ときどき」という意味の頻度の副詞です。",
      "wordMeanings": [
        {
          "word": "sometimes",
          "meaning": "ときどき"
        }
      ],
      "choices": [
        {
          "text": "sometimes",
          "explanation": ""
        },
        {
          "text": "always",
          "explanation": "always は「いつも」という意味で、「ときどき」よりも頻度が高いです。"
        },
        {
          "text": "never",
          "explanation": "never は「決して〜ない」という意味で、「ときどき」とは全く異なります。"
        },
        {
          "text": "usually",
          "explanation": "usually は「たいてい」という意味で、「ときどき」よりも頻度が高いです。"
        }
      ],
      "correctAnswer": "sometimes",
      "tags": null
    },
    {
      "question": "Akira is ( ___ ) kind to others.\nアキラはいつも他人に親切です。",
      "explanation": "always は「いつも・常に」という意味の頻度の副詞です。最も高い頻度を表します。",
      "wordMeanings": [
        {
          "word": "always",
          "meaning": "いつも・常に"
        }
      ],
      "choices": [
        {
          "text": "always",
          "explanation": ""
        },
        {
          "text": "never",
          "explanation": "never は「決して〜ない」という意味で、「いつも」とは反対の意味です。"
        },
        {
          "text": "sometimes",
          "explanation": "sometimes は「ときどき」という意味で、「いつも」よりも頻度が低いです。"
        },
        {
          "text": "often",
          "explanation": "often は「よく」という意味で、「いつも」よりも頻度が低いです。"
        }
      ],
      "correctAnswer": "always",
      "tags": null
    },
    {
      "question": "My grandfather ( ___ ) uses a computer.\n私の祖父は決してコンピュータを使いません。",
      "explanation": "never は「決して〜ない」という意味の頻度の副詞です。それ自体に否定の意味があります。",
      "wordMeanings": [
        {
          "word": "never",
          "meaning": "決して〜ない"
        }
      ],
      "choices": [
        {
          "text": "never",
          "explanation": ""
        },
        {
          "text": "always",
          "explanation": "always は「いつも」という意味で、「決して〜ない」とは反対の意味です。"
        },
        {
          "text": "usually",
          "explanation": "usually は「たいてい」という意味で、「決して〜ない」とは異なります。"
        },
        {
          "text": "often",
          "explanation": "often は「よく」という意味で、「決して〜ない」とは異なります。"
        }
      ],
      "correctAnswer": "never",
      "tags": null
    },
    {
      "question": "My father buys books online ( ___ ).\n私の父は頻繁にオンラインで本を買います。",
      "explanation": "frequently は「頻繁に」という意味の頻度の副詞です。文末にも置くことができます。",
      "wordMeanings": [
        {
          "word": "frequently",
          "meaning": "頻繁に"
        }
      ],
      "choices": [
        {
          "text": "frequently",
          "explanation": ""
        },
        {
          "text": "never",
          "explanation": "never は「決して〜ない」という意味で、「頻繁に」とは全く異なります。"
        },
        {
          "text": "sometimes",
          "explanation": "sometimes は「ときどき」という意味で、「頻繁に」よりも頻度が低いです。"
        },
        {
          "text": "usually",
          "explanation": "usually は「たいてい」という意味で、「頻繁に」とはニュアンスが異なります。"
        }
      ],
      "correctAnswer": "frequently",
      "tags": null
    },
    {
      "question": "She asked, \"What ( ___ ) you ( ___ )?\"\n彼女は「どういう意味ですか？」とたずねました。",
      "explanation": "What do you mean? で「どういう意味ですか？」。主語が you なので do を使い、mean は原形です。",
      "wordMeanings": [
        {
          "word": "do",
          "meaning": "〜する（助動詞）"
        },
        {
          "word": "mean",
          "meaning": "意味する"
        }
      ],
      "choices": [
        {
          "text": "do / mean",
          "explanation": ""
        },
        {
          "text": "are / mean",
          "explanation": "mean は一般動詞なので、疑問文では are ではなく do を使います。"
        },
        {
          "text": "do / means",
          "explanation": "do の後は動詞の原形を置きます。means（三単現）ではなく mean が正しいです。"
        },
        {
          "text": "does / mean",
          "explanation": "主語が you なので、does（三人称単数用）ではなく do を使います。"
        }
      ],
      "correctAnswer": "do / mean",
      "tags": null
    },
    {
      "question": "Emi listens to many ( ___ ) of music.\nエミはたくさんの種類の音楽を聞きます。",
      "explanation": "types は「種類」という意味の名詞の複数形です。many types of 〜 で「たくさんの種類の〜」。",
      "wordMeanings": [
        {
          "word": "types",
          "meaning": "種類（複数形）"
        }
      ],
      "choices": [
        {
          "text": "types",
          "explanation": ""
        },
        {
          "text": "kind",
          "explanation": "kind は「種類」ですが、many の後なので複数形 kinds が必要です。また、ここでは types が適切です。"
        },
        {
          "text": "type",
          "explanation": "many の後なので複数形 types にする必要があります。type は単数形です。"
        },
        {
          "text": "lots",
          "explanation": "lots は「たくさん」という意味ですが、many lots of とは言いません。many types of が正しいです。"
        }
      ],
      "correctAnswer": "types",
      "tags": null
    },
    {
      "question": "She learned a lot from ( ___ ) ( ___ ).\n彼女はつらい時から多くのことを学びました。",
      "explanation": "tough times で「つらい時・困難な時期」という意味です。",
      "wordMeanings": [
        {
          "word": "tough",
          "meaning": "つらい・困難な"
        },
        {
          "word": "times",
          "meaning": "時期・時代"
        }
      ],
      "choices": [
        {
          "text": "tough times",
          "explanation": ""
        },
        {
          "text": "tough time",
          "explanation": "「つらい時期」は一般的に複数形の tough times を使います。"
        },
        {
          "text": "hard day",
          "explanation": "hard day は「つらい一日」で、「つらい時から」とはニュアンスが異なります。tough times が適切です。"
        },
        {
          "text": "bad things",
          "explanation": "bad things は「悪いこと」で、「つらい時」とは異なります。tough times が正しいです。"
        }
      ],
      "correctAnswer": "tough times",
      "tags": null
    },
    {
      "question": "He will be a soccer player ( ___ ) ( ___ ) ( ___ ).\n彼は将来サッカー選手になるでしょう。",
      "explanation": "in the future で「将来」という意味の熟語です。",
      "wordMeanings": [
        {
          "word": "in the future",
          "meaning": "将来"
        }
      ],
      "choices": [
        {
          "text": "in the future",
          "explanation": ""
        },
        {
          "text": "at the future",
          "explanation": "「将来」は in the future です。at the future は誤りです。"
        },
        {
          "text": "on the future",
          "explanation": "「将来」は in the future です。on the future は誤りです。"
        },
        {
          "text": "in a future",
          "explanation": "future の前には定冠詞 the を使います。in a future は誤りです。"
        }
      ],
      "correctAnswer": "in the future",
      "tags": null
    },
    {
      "question": "I got a 10% ( ___ ).\n私は10％の割引を受けました。",
      "explanation": "discount は「割引」という意味の名詞です。get a discount で「割引を受ける」。",
      "wordMeanings": [
        {
          "word": "discount",
          "meaning": "割引"
        }
      ],
      "choices": [
        {
          "text": "discount",
          "explanation": ""
        },
        {
          "text": "sale",
          "explanation": "sale は「セール・特売」という意味で、「割引」そのものを指すには discount を使います。"
        },
        {
          "text": "off",
          "explanation": "off は「10% off（10％引き）」のように使いますが、a 10% off とは言いません。discount が正しいです。"
        },
        {
          "text": "reduce",
          "explanation": "reduce は「減らす」という動詞で、名詞として「割引」の意味では使いません。"
        }
      ],
      "correctAnswer": "discount",
      "tags": null
    },
    {
      "question": "What do you ( ___ )?\nおすすめは何ですか。",
      "explanation": "recommend は「おすすめする・推薦する」という意味の動詞です。",
      "wordMeanings": [
        {
          "word": "recommend",
          "meaning": "おすすめする・推薦する"
        }
      ],
      "choices": [
        {
          "text": "recommend",
          "explanation": ""
        },
        {
          "text": "suggestion",
          "explanation": "suggestion は「提案」という意味の名詞で、動詞ではありません。動詞は suggest です。"
        },
        {
          "text": "advice",
          "explanation": "advice は「助言」という意味の名詞で、動詞ではありません。動詞は advise です。"
        },
        {
          "text": "like",
          "explanation": "like は「好む」という意味で、「おすすめする」とは異なります。"
        }
      ],
      "correctAnswer": "recommend",
      "tags": null
    },
    {
      "question": "It was ( ___ ) ( ___ ) for him.\nそれは彼にとって悪い知らせでした。",
      "explanation": "bad は「悪い」、news は「知らせ・ニュース」で不可算名詞です。",
      "wordMeanings": [
        {
          "word": "bad",
          "meaning": "悪い"
        },
        {
          "word": "news",
          "meaning": "知らせ（不可算名詞）"
        }
      ],
      "choices": [
        {
          "text": "bad news",
          "explanation": ""
        },
        {
          "text": "bad new",
          "explanation": "news は不可算名詞で、常に news の形を使います。new は形容詞「新しい」です。"
        },
        {
          "text": "badly news",
          "explanation": "badly は副詞で「ひどく」という意味です。名詞を修飾するには形容詞 bad を使います。"
        },
        {
          "text": "bad notice",
          "explanation": "notice は「通知・お知らせ」という意味で、「知らせ・ニュース」は news が適切です。"
        }
      ],
      "correctAnswer": "bad news",
      "tags": null
    },
    {
      "question": "My sister ( ___ ) about Japanese history very well.\n姉は日本の歴史についてとてもよく知っています。",
      "explanation": "主語が My sister（三人称単数）なので、know に s をつけて knows とします。",
      "wordMeanings": [
        {
          "word": "knows",
          "meaning": "知っている（三単現）"
        },
        {
          "word": "history",
          "meaning": "歴史"
        }
      ],
      "choices": [
        {
          "text": "knows",
          "explanation": ""
        },
        {
          "text": "is knowing",
          "explanation": "know は状態動詞なので、進行形（is knowing）にはできません。knows を使います。"
        },
        {
          "text": "know",
          "explanation": "主語が My sister（三人称単数）なので、know ではなく knows にする必要があります。"
        },
        {
          "text": "don't know",
          "explanation": "「よく知っています」なので肯定文です。don't know（知らない）は意味が反対です。"
        }
      ],
      "correctAnswer": "knows",
      "tags": null
    },
    {
      "question": "Is Mr. Hara a math teacher? — ( ___ ), he ( ___ ). He's an English teacher.\nハラ先生は数学の先生ですか。― いいえ、ちがいます。彼は英語の先生です。",
      "explanation": "Is he 〜? に対する否定の答えは No, he isn't. です。be動詞の疑問文にはbe動詞で答えます。",
      "wordMeanings": [
        {
          "word": "isn't",
          "meaning": "〜ではない"
        }
      ],
      "choices": [
        {
          "text": "No, he isn't",
          "explanation": ""
        },
        {
          "text": "No, he doesn't",
          "explanation": "Is he 〜? という be動詞の疑問文には、doesn't ではなく isn't で答えます。"
        },
        {
          "text": "No, he wasn't",
          "explanation": "Is（現在形）で聞かれているので、wasn't（過去形）ではなく isn't（現在形）で答えます。"
        },
        {
          "text": "No, he don't",
          "explanation": "be動詞の疑問文には be動詞で答えます。また、he に対して don't は文法的に誤りです。"
        }
      ],
      "correctAnswer": "No, he isn't",
      "tags": null
    }
  ]
}
