{
  "key": "etWordOrder",
  "displayName": "語順・書きかえ",
  "questions": [
    {
      "question": "次の日本語に合う英文を選びなさい。\n彼女は来月日本に来る予定ですか。\n語群: to / to / Japan / will / come / she / is / next month\n（不要な語が１語以上あります）",
      "explanation": "Will + 主語 + 動詞の原形 〜? で未来の疑問文を作ります。不要語は to と is です。",
      "wordMeanings": [
        {
          "word": "Will",
          "meaning": "〜するでしょう"
        },
        {
          "word": "come",
          "meaning": "来る"
        },
        {
          "word": "to",
          "meaning": "〜へ"
        },
        {
          "word": "Japan",
          "meaning": "日本"
        },
        {
          "word": "next month",
          "meaning": "来月"
        }
      ],
      "choices": [
        {
          "text": "Will she come to Japan next month?",
          "explanation": ""
        },
        {
          "text": "She will come to Japan next month?",
          "explanation": "疑問文では Will を文頭に置きます。She will 〜? は語順が平叙文のままで誤りです。"
        },
        {
          "text": "Is she come to Japan next month?",
          "explanation": "will を使った未来の疑問文では Is ではなく Will を文頭に置きます。Is は不要語です。"
        },
        {
          "text": "Will she to come Japan next month?",
          "explanation": "Will の後は動詞の原形をそのまま置きます。to は不要です。また、come to Japan の to が必要です。"
        }
      ],
      "correctAnswer": "Will she come to Japan next month?",
      "tags": null
    },
    {
      "question": "次の日本語に合う英文を選びなさい。\n私はきょう夕食を作るつもりはありません。\n語群: dinner / I / will / today / make / won't /.\n（不要な語が１語あります）",
      "explanation": "won't = will not で「〜するつもりはない」。不要語は will です。",
      "wordMeanings": [
        {
          "word": "I",
          "meaning": "私は"
        },
        {
          "word": "won't",
          "meaning": "〜しない（= will not）"
        },
        {
          "word": "make",
          "meaning": "作る"
        },
        {
          "word": "dinner",
          "meaning": "夕食"
        },
        {
          "word": "today",
          "meaning": "今日"
        }
      ],
      "choices": [
        {
          "text": "I won't make dinner today.",
          "explanation": ""
        },
        {
          "text": "I will won't make dinner today.",
          "explanation": "will と won't を一緒に使うことはできません。won't だけで十分です。will が不要語です。"
        },
        {
          "text": "I won't dinner make today.",
          "explanation": "語順が誤りです。動詞 make の後に目的語 dinner を置きます。I won't make dinner today. が正しいです。"
        },
        {
          "text": "Won't I make dinner today.",
          "explanation": "Won't I 〜? は疑問文の語順です。「つもりはありません」は平叙文なので I won't 〜. の語順です。"
        }
      ],
      "correctAnswer": "I won't make dinner today.",
      "tags": null
    },
    {
      "question": "次の日本語に合う英文を選びなさい。\nあなたはバスケットボール選手でしたか。\n語群: will / player / you / basketball / were / a / ?\n（不要な語が１語あります）",
      "explanation": "be動詞の過去形 were を文頭に置いて疑問文を作ります。不要語は will です。",
      "wordMeanings": [
        {
          "word": "Were",
          "meaning": "〜でしたか"
        },
        {
          "word": "you",
          "meaning": "あなたは"
        },
        {
          "word": "a",
          "meaning": "ひとりの"
        },
        {
          "word": "basketball player",
          "meaning": "バスケットボール選手"
        }
      ],
      "choices": [
        {
          "text": "Were you a basketball player?",
          "explanation": ""
        },
        {
          "text": "Will you a basketball player?",
          "explanation": "「でしたか」は過去形なので Were を使います。Will は未来形で不要語です。"
        },
        {
          "text": "You were a basketball player?",
          "explanation": "疑問文では Were を文頭に置きます。You were 〜? は語順が平叙文のままで正式な疑問文ではありません。"
        },
        {
          "text": "Were a basketball player you?",
          "explanation": "Were の直後には主語 you を置きます。Were a basketball player you? は語順が誤りです。"
        }
      ],
      "correctAnswer": "Were you a basketball player?",
      "tags": null
    },
    {
      "question": "次の日本語に合う英文を選びなさい。\nだれがあなたたちのためにギターをひいたのですか。\n語群: guitar / played / what / for / who / the / you ?\n（不要な語が１語あります）",
      "explanation": "Who + 動詞の過去形 〜? で「だれが〜したのですか」。不要語は what です。",
      "wordMeanings": [
        {
          "word": "Who",
          "meaning": "だれが"
        },
        {
          "word": "played",
          "meaning": "ひいた"
        },
        {
          "word": "the guitar",
          "meaning": "ギター"
        },
        {
          "word": "for",
          "meaning": "〜のために"
        },
        {
          "word": "you",
          "meaning": "あなたたち"
        }
      ],
      "choices": [
        {
          "text": "Who played the guitar for you?",
          "explanation": ""
        },
        {
          "text": "What played the guitar for you?",
          "explanation": "「だれが」は Who を使います。What は「何が」という意味で、人を聞くときには使いません。"
        },
        {
          "text": "Who the guitar played for you?",
          "explanation": "語順が誤りです。Who の後に動詞 played を直接置きます。Who played the guitar for you? が正しいです。"
        },
        {
          "text": "Who played guitar the for you?",
          "explanation": "「ギターを」は the guitar です。guitar the は語順が誤りです。"
        }
      ],
      "correctAnswer": "Who played the guitar for you?",
      "tags": null
    },
    {
      "question": "次の日本語に合う英文を選びなさい。\nカイトはそのパーティーでギターをひく予定です。\n語群: not / the / is / to / guitar / play / Kaito / going / at / the / party\n（不要な語が１語あります）",
      "explanation": "be going to + 動詞の原形で「〜する予定です」。不要語は not です。",
      "wordMeanings": [
        {
          "word": "Kaito",
          "meaning": "カイト"
        },
        {
          "word": "is going to",
          "meaning": "〜する予定です"
        },
        {
          "word": "play",
          "meaning": "ひく"
        },
        {
          "word": "the guitar",
          "meaning": "ギター"
        }
      ],
      "choices": [
        {
          "text": "Kaito is going to play the guitar at the party.",
          "explanation": ""
        },
        {
          "text": "Kaito is not going to play the guitar at the party.",
          "explanation": "「ひく予定です」は肯定文なので not は不要です。not が不要語です。"
        },
        {
          "text": "Kaito going is to play the guitar at the party.",
          "explanation": "語順が誤りです。is going to の順番で使います。Kaito is going to play が正しいです。"
        },
        {
          "text": "Kaito is going play to the guitar at the party.",
          "explanation": "is going to play の語順が正しいです。going play to は誤りです。"
        }
      ],
      "correctAnswer": "Kaito is going to play the guitar at the party.",
      "tags": null
    },
    {
      "question": "次の日本語に合う英文を選びなさい。\n東京では雨が降っていましたか。\n語群: in / is / raining / Tokyo / was / it / ?\n（不要な語が１語あります）",
      "explanation": "Was + 主語 + -ing 〜? で過去進行形の疑問文です。不要語は is です。",
      "wordMeanings": [
        {
          "word": "Was",
          "meaning": "〜でしたか"
        },
        {
          "word": "it",
          "meaning": "それは"
        },
        {
          "word": "raining",
          "meaning": "雨が降っている"
        },
        {
          "word": "in Tokyo",
          "meaning": "東京で"
        }
      ],
      "choices": [
        {
          "text": "Was it raining in Tokyo?",
          "explanation": ""
        },
        {
          "text": "Is it raining in Tokyo?",
          "explanation": "「降っていましたか」は過去なので、Is（現在形）ではなく Was（過去形）を使います。is が不要語です。"
        },
        {
          "text": "Was raining it in Tokyo?",
          "explanation": "語順が誤りです。Was の後に主語 it を置きます。Was it raining が正しい語順です。"
        },
        {
          "text": "It was raining in Tokyo?",
          "explanation": "疑問文では Was を文頭に置きます。It was 〜? は語順が平叙文のままです。"
        }
      ],
      "correctAnswer": "Was it raining in Tokyo?",
      "tags": null
    },
    {
      "question": "次の日本語に合う英文を選びなさい。\n私は写真の中になじみのあるものを見ました。\n語群: something / any / picture / in / I / familiar / the / saw\n（不要な語が１語あります）",
      "explanation": "something + 形容詞の語順で「〜なもの」。something familiar で「なじみのあるもの」。不要語は any です。",
      "wordMeanings": [
        {
          "word": "saw",
          "meaning": "見た（see の過去形）"
        },
        {
          "word": "something",
          "meaning": "何か"
        },
        {
          "word": "familiar",
          "meaning": "なじみのある"
        },
        {
          "word": "picture",
          "meaning": "写真"
        }
      ],
      "choices": [
        {
          "text": "I saw something familiar in the picture.",
          "explanation": ""
        },
        {
          "text": "I saw any familiar in the picture.",
          "explanation": "any は肯定文では通常使いません。また、something familiar（なじみのあるもの）が正しい表現です。"
        },
        {
          "text": "I saw familiar something in the picture.",
          "explanation": "something + 形容詞の語順です。familiar something ではなく something familiar が正しいです。"
        },
        {
          "text": "I something saw familiar in the picture.",
          "explanation": "語順が誤りです。I saw something familiar in the picture. が正しい語順です。"
        }
      ],
      "correctAnswer": "I saw something familiar in the picture.",
      "tags": null
    },
    {
      "question": "次の日本語に合う英文を選びなさい。\nあなたは何をさがしていますか。\n語群: are / for / what / you / where / looking ?\n（不要な語が１語あります）",
      "explanation": "What are you looking for? で「何をさがしていますか」。look for 〜 で「〜をさがす」。不要語は where です。",
      "wordMeanings": [
        {
          "word": "What",
          "meaning": "何を"
        },
        {
          "word": "are you looking",
          "meaning": "さがしていますか"
        },
        {
          "word": "for",
          "meaning": "〜を"
        }
      ],
      "choices": [
        {
          "text": "What are you looking for?",
          "explanation": ""
        },
        {
          "text": "Where are you looking for?",
          "explanation": "「何を」は What を使います。Where は「どこで」という意味で不要語です。"
        },
        {
          "text": "What you are looking for?",
          "explanation": "疑問文では are を主語の前に置きます。What are you looking for? が正しい語順です。"
        },
        {
          "text": "What are looking you for?",
          "explanation": "are の後に主語 you を置きます。are looking you は語順が誤りです。"
        }
      ],
      "correctAnswer": "What are you looking for?",
      "tags": null
    },
    {
      "question": "次の日本語に合う英文を選びなさい。\nあなたは今週、本を何冊読むつもりですか。\n語群: will / this / many / you / read / how / much / books week?\n（不要な語が１語あります）",
      "explanation": "How many + 可算名詞 〜? で「いくつの〜」。books は可算名詞なので many を使います。不要語は much です。",
      "wordMeanings": [
        {
          "word": "How many",
          "meaning": "いくつの"
        },
        {
          "word": "books",
          "meaning": "本"
        },
        {
          "word": "will",
          "meaning": "〜する（未来）"
        },
        {
          "word": "read",
          "meaning": "読む"
        },
        {
          "word": "this week",
          "meaning": "今週"
        }
      ],
      "choices": [
        {
          "text": "How many books will you read this week?",
          "explanation": ""
        },
        {
          "text": "How much books will you read this week?",
          "explanation": "books は可算名詞なので much ではなく many を使います。much は不可算名詞に使います。"
        },
        {
          "text": "How many will you read books this week?",
          "explanation": "How many books を一つのまとまりとして文頭に置きます。How many will you read books は語順が誤りです。"
        },
        {
          "text": "How many books you will read this week?",
          "explanation": "疑問文では will を主語 you の前に置きます。books you will ではなく books will you が正しいです。"
        }
      ],
      "correctAnswer": "How many books will you read this week?",
      "tags": null
    },
    {
      "question": "次の日本語に合う英文を選びなさい。\nリンダは眠そうには見えませんでした。\n語群: sleepy / did / look / not / at.\n（不要な語が１語あります）",
      "explanation": "did not + 動詞の原形で過去の否定文を作ります。不要語は at です。",
      "wordMeanings": [
        {
          "word": "did not",
          "meaning": "〜しなかった"
        },
        {
          "word": "look",
          "meaning": "見える"
        },
        {
          "word": "sleepy",
          "meaning": "眠そうな"
        }
      ],
      "choices": [
        {
          "text": "Linda did not look sleepy.",
          "explanation": ""
        },
        {
          "text": "Linda did not look at sleepy.",
          "explanation": "look sleepy で「眠そうに見える」。look at は「〜を見る」で意味が異なります。at は不要語です。"
        },
        {
          "text": "Linda not did look sleepy.",
          "explanation": "否定文は did not の語順です。not did は誤りです。"
        },
        {
          "text": "Linda was not look sleepy.",
          "explanation": "一般動詞 look の過去の否定文は did not look です。was not look は文法的に誤りです。"
        }
      ],
      "correctAnswer": "Linda did not look sleepy.",
      "tags": null
    },
    {
      "question": "次の日本語に合う英文を選びなさい。\n私たちは学校で自然災害について学びました。\n語群: natural / learned / at / about / we / disasters / of school.\n（不要な語が１語あります）",
      "explanation": "learn about 〜 で「〜について学ぶ」、at school で「学校で」。不要語は of です。",
      "wordMeanings": [
        {
          "word": "learned",
          "meaning": "学んだ"
        },
        {
          "word": "about",
          "meaning": "〜について"
        },
        {
          "word": "natural disasters",
          "meaning": "自然災害"
        },
        {
          "word": "at school",
          "meaning": "学校で"
        }
      ],
      "choices": [
        {
          "text": "We learned about natural disasters at school.",
          "explanation": ""
        },
        {
          "text": "We learned of natural disasters at school.",
          "explanation": "「〜について学ぶ」は learned about が自然です。learned of は「〜を知った」というニュアンスです。of が不要語です。"
        },
        {
          "text": "We about natural disasters learned at school.",
          "explanation": "語順が誤りです。動詞 learned の後に about 〜 を置きます。"
        },
        {
          "text": "We learned natural disasters about at school.",
          "explanation": "about は natural disasters の前に置きます。learned natural disasters about は語順が誤りです。"
        }
      ],
      "correctAnswer": "We learned about natural disasters at school.",
      "tags": null
    },
    {
      "question": "次の日本語に合う英文を選びなさい。\n私はきょうの午後、このコンピュータを使うつもりはありません。\n語群: not / to / using / computer / going / I'm / use / this / this / afternoon\n（不要な語が１語あります）",
      "explanation": "be not going to + 動詞の原形で「〜するつもりはない」。不要語は using です。",
      "wordMeanings": [
        {
          "word": "I'm not going to",
          "meaning": "〜するつもりはない"
        },
        {
          "word": "use",
          "meaning": "使う"
        },
        {
          "word": "this computer",
          "meaning": "このコンピュータ"
        },
        {
          "word": "this afternoon",
          "meaning": "きょうの午後"
        }
      ],
      "choices": [
        {
          "text": "I'm not going to use this computer this afternoon.",
          "explanation": ""
        },
        {
          "text": "I'm not going to using this computer this afternoon.",
          "explanation": "be going to の後は動詞の原形を置きます。using（-ing形）ではなく use が正しいです。using が不要語です。"
        },
        {
          "text": "I'm going not to use this computer this afternoon.",
          "explanation": "否定文は I'm not going to の語順です。going not to は誤りです。"
        },
        {
          "text": "I'm not going use to this computer this afternoon.",
          "explanation": "be going to use の語順です。going use to は誤りです。"
        }
      ],
      "correctAnswer": "I'm not going to use this computer this afternoon.",
      "tags": null
    },
    {
      "question": "次の日本語に合う英文を選びなさい。\nあなたたちは次の土曜日、どこでサッカーをするつもりですか。\n語群: soccer / going / where / play / what / you / to / are / next / Saturday\n（不要な語が１語あります）",
      "explanation": "Where + are you going to + 動詞の原形 〜? で「どこで〜するつもりですか」。不要語は what です。",
      "wordMeanings": [
        {
          "word": "Where",
          "meaning": "どこで"
        },
        {
          "word": "are you going to",
          "meaning": "〜するつもりですか"
        },
        {
          "word": "play",
          "meaning": "する"
        },
        {
          "word": "soccer",
          "meaning": "サッカー"
        },
        {
          "word": "next Saturday",
          "meaning": "次の土曜日"
        }
      ],
      "choices": [
        {
          "text": "Where are you going to play soccer next Saturday?",
          "explanation": ""
        },
        {
          "text": "What are you going to play soccer next Saturday?",
          "explanation": "「どこで」は Where を使います。What は「何を」という意味で不要語です。"
        },
        {
          "text": "Where you are going to play soccer next Saturday?",
          "explanation": "疑問文では are を主語 you の前に置きます。Where are you が正しい語順です。"
        },
        {
          "text": "Where are going you to play soccer next Saturday?",
          "explanation": "are の後に主語 you を置きます。are going you は語順が誤りです。"
        }
      ],
      "correctAnswer": "Where are you going to play soccer next Saturday?",
      "tags": null
    },
    {
      "question": "「～は…です」という英文を選びなさい。\n主語: you / 形容詞: happy",
      "explanation": "主語が you のとき、be動詞は are を使います。「あなたは幸せです」という意味です。",
      "wordMeanings": [
        {
          "word": "You",
          "meaning": "あなたは"
        },
        {
          "word": "are",
          "meaning": "〜です"
        },
        {
          "word": "happy",
          "meaning": "幸せな"
        }
      ],
      "choices": [
        {
          "text": "You are happy.",
          "explanation": ""
        },
        {
          "text": "You is happy.",
          "explanation": "主語が you のとき、be動詞は is ではなく are を使います。is は三人称単数に使います。"
        },
        {
          "text": "You am happy.",
          "explanation": "am は主語が I のときだけ使います。you には are を使います。"
        },
        {
          "text": "You look happy.",
          "explanation": "You look happy. は「あなたは幸せに見えます」で、「〜です」ではなく「〜に見えます」です。"
        }
      ],
      "correctAnswer": "You are happy.",
      "tags": null
    },
    {
      "question": "「～は…に見えます」という英文を選びなさい。\n主語: you / 形容詞: happy",
      "explanation": "look + 形容詞で「〜に見える」。主語が you なので look はそのままの形です。「あなたは幸せに見えます」。",
      "wordMeanings": [
        {
          "word": "You",
          "meaning": "あなたは"
        },
        {
          "word": "look",
          "meaning": "〜に見える"
        },
        {
          "word": "happy",
          "meaning": "幸せな"
        }
      ],
      "choices": [
        {
          "text": "You look happy.",
          "explanation": ""
        },
        {
          "text": "You are happy.",
          "explanation": "You are happy. は「あなたは幸せです」（be動詞文）で、「〜に見えます」（look文）ではありません。"
        },
        {
          "text": "You looks happy.",
          "explanation": "主語が you のとき、look に s はつけません。looks は三人称単数（he/she/it）に使います。"
        },
        {
          "text": "You looking happy.",
          "explanation": "looking を使うなら be動詞が必要です（You are looking happy.）。You looking だけでは文が成り立ちません。"
        }
      ],
      "correctAnswer": "You look happy.",
      "tags": null
    },
    {
      "question": "「～は…です」という英文を選びなさい。\n主語: your bicycle / 形容詞: new",
      "explanation": "主語が your bicycle（三人称単数）のとき、be動詞は is を使います。「あなたの自転車は新しいです」。",
      "wordMeanings": [
        {
          "word": "Your",
          "meaning": "あなたの"
        },
        {
          "word": "bicycle",
          "meaning": "自転車"
        },
        {
          "word": "is",
          "meaning": "〜です"
        },
        {
          "word": "new",
          "meaning": "新しい"
        }
      ],
      "choices": [
        {
          "text": "Your bicycle is new.",
          "explanation": ""
        },
        {
          "text": "Your bicycle are new.",
          "explanation": "your bicycle は三人称単数なので、are ではなく is を使います。are は複数形に使います。"
        },
        {
          "text": "Your bicycle was new.",
          "explanation": "was は過去形です。「新しいです」は現在形なので is を使います。"
        },
        {
          "text": "Your bicycle looks new.",
          "explanation": "Your bicycle looks new. は「新しく見えます」で、「〜です」ではなく「〜に見えます」です。"
        }
      ],
      "correctAnswer": "Your bicycle is new.",
      "tags": null
    },
    {
      "question": "「～は…に見えます」という英文を選びなさい。\n主語: your bicycle / 形容詞: new",
      "explanation": "look + 形容詞で「〜に見える」。主語が your bicycle（三人称単数）なので looks にします。「あなたの自転車は新しく見えます」。",
      "wordMeanings": [
        {
          "word": "Your",
          "meaning": "あなたの"
        },
        {
          "word": "bicycle",
          "meaning": "自転車"
        },
        {
          "word": "looks",
          "meaning": "〜に見える（三単現）"
        },
        {
          "word": "new",
          "meaning": "新しい"
        }
      ],
      "choices": [
        {
          "text": "Your bicycle looks new.",
          "explanation": ""
        },
        {
          "text": "Your bicycle is new.",
          "explanation": "Your bicycle is new. は「あなたの自転車は新しいです」（be動詞文）で、「〜に見えます」（look文）ではありません。"
        },
        {
          "text": "Your bicycle look new.",
          "explanation": "主語が your bicycle（三人称単数）なので、look に s をつけて looks にする必要があります。"
        },
        {
          "text": "Your bicycle looking new.",
          "explanation": "looking を使うなら be動詞が必要です（Your bicycle is looking new.）。looking だけでは文が成り立ちません。"
        }
      ],
      "correctAnswer": "Your bicycle looks new.",
      "tags": null
    },
    {
      "question": "「～は…です」という英文を選びなさい。\n主語: Tomoya / 形容詞: nervous",
      "explanation": "主語が Tomoya（三人称単数）のとき、be動詞は is を使います。「トモヤは緊張しています」。",
      "wordMeanings": [
        {
          "word": "Tomoya",
          "meaning": "トモヤ"
        },
        {
          "word": "is",
          "meaning": "〜です"
        },
        {
          "word": "nervous",
          "meaning": "緊張した"
        }
      ],
      "choices": [
        {
          "text": "Tomoya is nervous.",
          "explanation": ""
        },
        {
          "text": "Tomoya are nervous.",
          "explanation": "Tomoya は三人称単数なので、are ではなく is を使います。"
        },
        {
          "text": "Tomoya was nervous.",
          "explanation": "was は過去形です。「緊張しています」は現在形なので is を使います。"
        },
        {
          "text": "Tomoya looks nervous.",
          "explanation": "Tomoya looks nervous. は「緊張しているように見えます」で、「〜です」ではなく「〜に見えます」です。"
        }
      ],
      "correctAnswer": "Tomoya is nervous.",
      "tags": null
    },
    {
      "question": "「～は…に見えます」という英文を選びなさい。\n主語: Tomoya / 形容詞: nervous",
      "explanation": "look + 形容詞で「〜に見える」。主語が Tomoya（三人称単数）なので looks にします。「トモヤは緊張しているように見えます」。",
      "wordMeanings": [
        {
          "word": "Tomoya",
          "meaning": "トモヤ"
        },
        {
          "word": "looks",
          "meaning": "〜に見える（三単現）"
        },
        {
          "word": "nervous",
          "meaning": "緊張した"
        }
      ],
      "choices": [
        {
          "text": "Tomoya looks nervous.",
          "explanation": ""
        },
        {
          "text": "Tomoya is nervous.",
          "explanation": "Tomoya is nervous. は「トモヤは緊張しています」（be動詞文）で、「〜に見えます」（look文）ではありません。"
        },
        {
          "text": "Tomoya look nervous.",
          "explanation": "主語が Tomoya（三人称単数）なので、look に s をつけて looks にする必要があります。"
        },
        {
          "text": "Tomoya looked nervous.",
          "explanation": "looked は過去形で「緊張しているように見えました」。現在の「〜に見えます」は looks です。"
        }
      ],
      "correctAnswer": "Tomoya looks nervous.",
      "tags": null
    }
  ]
}
